event_id,event_position,decision_ms,feature_end_ms,feature_available_ms,all_8peer_source_complete,eth_return_60m,sol_return_60m,xrp_return_60m,doge_return_60m,ada_return_60m,ltc_return_60m,bch_return_60m,link_return_60m,feature_complete,cross_section_flat,median_return,U,D,peer_tail_shape_asym
R000001,0,1727745182000,1727745120000,1727745180000,1,0.008381971183205121,0.01301762720009904,0.009239064018294465,0.015490768850113402,0.01328393604148701,0.007294412693363786,0.008540767569676366,0.009458907840517129,1,0,0.009348985929405796,0.00503836651639441,0.0015107939911213424,0.5386297253250795
R000004,1,1727800077000,1727799960000,1727800020000,1,0.003026453974197084,0.004778740374563385,0.01719240054037277,0.00824765630550831,0.006022465506467668,0.00414397032278293,0.010378603538802936,-0.0014915554421331865,1,0,0.005400602940515526,0.008384899099072328,0.004633153674483577,0.28819559190986094
R000005,2,1727801792000,1727801700000,1727801760000,1,-0.009477687489665359,-0.014084265296828826,-0.013825104991842318,-0.02367461240991127,-0.017626454699783745,-0.013874124199211513,-0.011979869890969969,-0.013758043979301627,1,0,-0.013849614595526916,0.003120835905209252,0.006800918959320591,-0.3709104996402998
R000024,3,1728045002000,1728044940000,1728045000000,1,0.003931091481285071,0.007781584866900066,0.006477446919220108,0.009871384185273259,0.009347186026579385,0.0028019943612634336,0.004673633682366274,0.0047415061020738315,1,0,0.0056094765106469695,0.003999808595279352,0.002242933589372717,0.2814268079540357
R000025,4,1728045970000,1728045900000,1728045960000,1,-0.0022360372630433004,0.00050058999150264,-0.0013367709428800934,0.0009223391172223644,0.0,-0.0004673989334915442,0.0009358915049050237,-0.0011859692125834416,1,0,-0.0002336994667457721,0.001162814777809466,0.0015527046362159248,-0.1435783726651763
R000031,5,1728351109000,1728351000000,1728351060000,1,-0.002728783768786556,-0.0023540826491377322,-0.0022581868835918673,-0.001469373025874051,0.00311042241439233,-0.0006146281693180625,0.003068428305014503,-0.0007133940020765872,1,0,-0.001091383513975319,0.0041808088736787355,0.0014500496949868252,0.4849631979549194
R000037,6,1728563402000,1728563340000,1728563400000,1,0.0013478212267199173,0.005490014145654194,0.005859576353417623,0.0015861911419954178,-0.00059031878927959,-0.0029450536670213466,0.0,-0.0018811141739701399,1,0,0.0006739106133599586,0.005000884636175949,0.003086994533855702,0.23663683174346403
R000040,7,1728585272000,1728585180000,1728585240000,1,-0.01957450082633303,-0.013197902021730608,-0.019381545631790467,-0.012342882621960406,-0.010743165098813155,-0.011856613156525161,-0.016807118316381174,-0.020972758182795537,1,0,-0.015002510169055891,0.003702621041386733,0.005271119335508393,-0.174787572210146
R000042,8,1728649802000,1728649740000,1728649800000,1,0.0021884788883626376,0.00548910597091837,-0.0013078002798128886,0.0007373272223441384,0.0,0.0013811097108258053,0.0015463123538840538,0.004672905699392423,1,0,0.0014637110323549294,0.003617294802800467,0.0021176111722613737,0.2615009970626278
R000050,9,1728933767000,1728933660000,1728933720000,1,-0.00039526894004854904,6.402663510203376e-05,0.0018251510815806076,0.003121209400540968,0.0060406553809468425,0.0031401894962812984,-0.0014054816087349209,-0.005052082538156809,1,0,0.0009445888583413207,0.00364583358027275,0.004173370931787186,-0.06746688243040447
R000051,10,1728944234000,1728944160000,1728944220000,1,0.0004498888697886203,-0.0005757973352520024,-0.0021961941477432966,0.0037064215167216157,-0.0019238703199336378,0.0032919377326893233,0.023340876226978346,0.0,1,0,0.00022494443489431016,0.013298704436955671,0.0022849766687327777,0.706747506800726
R000052,11,1728946704000,1728946620000,1728946680000,1,0.010839843737141655,0.012383663936867746,0.005850108092014728,0.014420850767641668,0.006058955467736518,0.007919354052464932,0.021752112515153337,0.009779594301463766,1,0,0.01030971901930271,0.007776762622094792,0.0043551872394270875,0.2820301288517268
R000063,12,1729175369000,1729175280000,1729175340000,1,-0.0065072691440310245,-0.007701713348531459,-0.00925512458817491,-0.0071643572386699715,-0.0026068081380408933,-0.006999888584628382,-0.004390786417489546,-0.005913139813040162,1,0,-0.006753578864329703,0.003254781586564483,0.0017248401040234813,0.30724050492284594
R000064,13,1729189754000,1729189680000,1729189740000,1,-0.0064901652758546265,-0.010200061592647351,-0.008043919058513524,-0.007067167223092443,-0.008172841755874247,0.00166343259869809,-0.0068596784281973215,-0.007958693612070028,1,0,-0.007512930417581235,0.0050995640790029665,0.0016735212566795638,0.5058319292500332
R000079,14,1729516648000,1729516560000,1729516620000,1,-0.006432272353377366,-0.01095934374796492,-0.005256968510158188,-0.005485172579304128,-0.009420961892705996,0.001517137040189734,-0.006237308356876227,-0.002814860902415005,1,0,-0.005861240468090178,0.0052123785369775424,0.0043289123522452806,0.09259398911421553
R000083,15,1729551663000,1729551600000,1729551660000,1,0.00011224646341887038,0.0007774422542703909,0.0,0.004443526022788566,0.0016524377210892275,0.0,0.0041090319422471995,-0.00289682404159206,1,0,0.00044484435884463067,0.003831434623673252,0.0018932563796406608,0.3385646915983094
R000088,16,1729610337000,1729610220000,1729610280000,1,-0.0022624529923525134,0.002541297428672548,-0.0016836595502819414,-0.006901240438659377,0.0008258775417807771,-0.008273941637730185,-0.0013968433616393851,-0.008906379092343248,1,0,-0.0019730562713172273,0.0036566437565438894,0.006617104093719489,-0.28815777653134683
R000106,17,1730120465000,1730120400000,1730120460000,1,-0.0003244209905094109,0.002875914802563497,0.00038409833389473666,0.008585498362105504,0.003531492781470938,0.0035303291626130173,0.0067682153461388105,0.005473074538500865,1,0,0.0035309109720419777,0.00414594588208018,0.003501072300349315,0.0843300704073892
R000126,18,1730318644000,1730318580000,1730318640000,1,0.002384855058024885,0.00613129732128018,0.0013375372205192183,0.003267491396640467,0.004491866059088012,0.0023609482531223814,0.0024177311978690707,0.0067913364981379756,1,0,0.0028426112972547686,0.0036187056124543093,0.0009933685604339689,0.5692313162379697
R000157,19,1730797249000,1730797140000,1730797200000,1,-0.00021286437754093124,0.003205130948948331,-0.004869032893284111,0.003154858416003855,0.003918618428092392,0.001341581776832467,0.004128581505763524,0.003987473241221455,1,0,0.0031799946824760932,0.0008780326910163964,0.005720943317888614,-0.7338882002809127
R000162,20,1730836213000,1730836140000,1730836200000,1,-0.004468061663025094,-0.0038970042423908196,-0.002729578610326453,-0.02618085546557986,-0.00656131193749954,-0.007404642823392161,-0.003515971978334692,-0.009030654811373492,1,0,-0.005514686800262317,0.0023919115059317445,0.01209106833821436,-0.6696934565025257
R000163,21,1730846025000,1730845920000,1730845980000,1,0.0012313979156109457,-0.0018048374529897981,-0.0003898635526962632,0.002185922354471151,-0.0011961723914302779,-0.003176286418420707,0.0017477429441605384,-0.0004622567456232984,1,0,-0.0004260601491597808,0.0023928927984756257,0.002064501786545472,0.073673309747739
R000172,22,1730881823000,1730881740000,1730881800000,1,-0.01371587543077517,-0.03133316351445898,-0.020951009500215757,-0.07342978883464282,-0.02474754406337268,-0.019105659079585606,-0.023980672256827592,-0.021698362461078917,1,0,-0.022839517358953253,0.006428750103772865,0.02954195881559765,-0.6425563856312583
R000174,23,1730889513000,1730889420000,1730889480000,1,-0.0012964680692295445,0.0012439494289120188,-0.0022442500536109153,0.0063256398485755354,-0.0016731738426534308,-0.0007164863815858618,-0.0037604127041320472,0.0010962601764081142,1,0,-0.0010064772254077031,0.00479127186415148,0.001995854153463778,0.4118706067093045
R000179,24,1730904273000,1730904180000,1730904240000,1,0.0073819335900950425,0.0050762886532994215,0.0024442994213560846,0.0026741356534518263,-0.0030842587186118756,0.0007150518717255868,0.0005462988390441544,0.00169376734259926,1,0,0.0020690333819776722,0.00416007773971956,0.0033380133217615327,0.10963649430467776
R000190,25,1730943018000,1730942940000,1730943000000,1,0.04115011837939153,0.019514883801765484,0.010506040786891003,0.02820940098321507,0.01636697746420541,0.013851218301362354,0.014943258795575794,0.029947460153106,1,0,0.01794093063298545,0.017607858633263314,0.005762301088858771,0.5068667773456247
R000215,26,1731096764000,1731096660000,1731096720000,1,-0.002325951967005036,-0.0077763215255719255,0.002725539981050233,0.003563795646423423,-0.003812946191832788,-0.0033039677632713633,0.005075475033353023,0.0064048512835549985,1,0,0.00019979400702259853,0.005540369151431412,0.005994427865724955,-0.039364257005840265
R000246,27,1731240534000,1731240420000,1731240480000,1,0.006429310088339554,0.008979117283961476,0.004770026080180738,0.02129887512678941,0.028529698600314145,0.001555815171860679,0.006260890016722633,0.00308652805137027,1,0,0.006345100052531093,0.018569186811020683,0.0040239284409156195,0.6437916244798728
R000260,28,1731277010000,1731276900000,1731276960000,1,0.024889714658543106,0.02852639765500214,0.025179029924878173,0.08258113297132239,0.04738270440155241,0.017631529855815887,0.024169665430220977,0.02907366580832128,1,0,0.026852713789940155,0.03812920489649724,0.005952116146921723,0.7299483769527213
R000274,29,1731330701000,1731330600000,1731330660000,1,-0.012928852570153247,-0.012101281868601505,-0.013351790269347569,-0.02050372539606599,0.016238964966539385,-0.010801067983342483,-0.01492051092913513,-0.01771468797545417,1,0,-0.013140321419750408,0.01585926991134886,0.005968885266009671,0.4531021776681378
R000275,30,1731335635000,1731335520000,1731335580000,1,0.003142340371204443,0.010946160897497295,-0.0013793105635054872,0.0038880837705265996,-0.021234367104323897,-0.002748153270510228,0.005290409118910455,-0.003944495378654197,1,0,0.0008815149038494779,0.007236770104354397,0.013470946145338525,-0.3010557014502542
R000277,31,1731341114000,1731341040000,1731341100000,1,0.019260416466307263,-0.0008658206469474603,0.016520856040931325,0.09110901830749987,0.011804942143982708,0.007148358241245404,0.027639103489660827,0.022564483169069477,1,0,0.017890636253619294,0.041483424644961055,0.014749367456470323,0.47541756668010493
R000280,32,1731350352000,1731350280000,1731350340000,1,-0.0008374133789248433,-0.0069017802592135835,-0.0037093281445015574,-0.0212928516104738,-0.004529069219665774,0.0016678430962230525,0.005254152578344746,-0.00301266917352317,1,0,-0.003360998659012364,0.006821996496296263,0.010736317275831329,-0.2229326135946343
R000281,33,1731351781000,1731351720000,1731351780000,1,0.011139000407755843,0.0036133320810068344,0.006747663928775279,0.006269613013595395,0.005852370185848484,0.005766659153427636,0.0015918138665360778,0.007520888725605836,1,0,0.00606099159972194,0.0032689529669588996,0.0034584186259504837,-0.028163400278242403
R000282,34,1731354765000,1731354660000,1731354720000,1,-0.003764664902868846,-0.006773481274759794,0.0011765695953470886,-0.005474522988760902,-0.0031690461014397117,-0.003706785096901632,0.008356909166204254,-0.006094030979092895,1,0,-0.003735724999885239,0.00850246438066091,0.0026980311270411055,0.5182300416645308
R000285,35,1731366094000,1731366000000,1731366060000,1,0.005584588739056113,0.006097024984357579,0.007939764629749869,0.004195789242508315,-0.016676684679859156,0.0069624941050663745,0.04754015076500054,0.00880762188383624,1,0,0.0065297595447119765,0.02164412677970641,0.012770207263387397,0.2578553315954638
R000292,36,1731388075000,1731387960000,1731388020000,1,-0.0034694745359688355,-0.006600684031352136,-0.0036315655626422746,0.07916740824944968,-0.003565066164496146,-0.010054173144680803,-0.009845829455366778,-0.012664430176627398,1,0,-0.005116124796997206,0.04296509165373762,0.006243176863656895,0.7462549668273735
R000303,37,1731418610000,1731418500000,1731418560000,1,-0.008669748190411278,-0.008532311373327587,-0.014670944938692707,-0.07949743317466933,-0.015019492959767783,-0.014656629966106036,-0.018950151822717896,-0.015970547485578447,1,0,-0.014845218949230245,0.0062441891673608125,0.034378573549463366,-0.6925768337870953
R000308,38,1731432076000,1731432000000,1731432060000,1,0.007389837302269863,0.01270387015013143,0.025845785211735237,0.02132463977260535,0.0251618799336315,0.01760352518443843,0.01443564066732374,0.013812175556391094,1,0,0.016019582925881085,0.009484249646802284,0.005972729199680438,0.2271802583155441
R000321,39,1731461051000,1731460980000,1731461040000,1,0.006358802217762601,-0.00770588410968852,-0.044364100944654455,0.04517723307259974,-0.011422576453061177,-0.014443528401026294,-0.011396797388238308,-0.0065507918815388,1,0,-0.009551340748963414,0.03531935839414459,0.019852473923876963,0.2803402355954645
R000341,40,1731521876000,1731521760000,1731521820000,1,-0.007832985894542194,-0.010295280438875499,-0.014693915609696146,-0.03842247327296425,-0.006251604376864657,0.005307799373007554,0.004970638340849147,-0.009936911916435065,1,0,-0.008884948905488629,0.014024167762416979,0.01767324553584157,-0.11512225742486912
R000348,41,1731540548000,1731540480000,1731540540000,1,0.0016049830148024797,0.005052642328077327,0.0018866560998611638,0.015503792472841348,0.0015585768156328047,0.0010618530331414327,0.004801655504241762,-0.0011176931978352394,1,0,0.0017458195573318218,0.008532397843127516,0.0017737396396787252,0.65578964133986
R000363,42,1731599347000,1731599280000,1731599340000,1,-0.019752368809373113,-0.0051647867657614675,-0.008301138065658702,-0.02490779187077008,-0.005844765497114959,-0.007869059516500408,-0.006655598611736175,-0.009909817990902204,1,0,-0.008085098791079555,0.002580322659641342,0.014244981548992041,-0.6932807124738547
R000383,43,1731661612000,1731661500000,1731661560000,1,0.014975256138890818,0.011943707444520706,0.026776550575731695,0.016068642796002817,0.008986919323503517,0.022102371130315625,0.012918839959767222,0.021478650782711797,1,0,0.015521949467446818,0.008917511385576843,0.005056636083434706,0.2762870014577879
R000460,44,1731941754000,1731941640000,1731941700000,1,0.0028242409333301965,0.010442546996907423,0.0029934870038205953,0.004010682074135598,0.007237996774703901,-0.009974865558067009,0.00528433165336771,0.01869729171979323,1,0,0.0046475068637516544,0.009922412494598673,0.00822281917612006,0.09366611291170643
R000464,45,1731952225000,1731952140000,1731952200000,1,-0.0017261725232256822,-0.004532110149397347,0.001154478170941681,0.004983623976227594,0.00809502531662385,-0.00011277135619507738,0.0006778895299703964,-0.017305747097592566,1,0,0.00028255908688765955,0.006256765559538063,0.011201487710382615,-0.28323120729173723
R000465,46,1731954156000,1731954060000,1731954120000,1,-0.000944854771416216,-0.0077646911588807824,-0.01545652971949972,-0.0016536423900040103,-0.005309981944287414,0.004023700522016925,-0.003361347702704883,-0.014434580922851289,1,0,-0.004335664823496148,0.005875087698796503,0.010609890497679356,-0.28721923331964455
R000466,47,1731955960000,1731955860000,1731955920000,1,-0.0010136816297441054,-0.005661223263628,-0.019676871321055323,-0.011837960083823344,-0.012090421323816198,0.0013487694525323574,-0.005433565552918218,-0.01539605383459275,1,0,-0.008749591673725672,0.008917135585119798,0.008786870904098364,0.007357920993802467
R000470,48,1731963762000,1731963660000,1731963720000,1,0.008235155565926047,0.01038981310829803,0.023210470781247387,0.013686825344081489,0.005288506461039256,0.0031978099429688595,0.006118999262275315,0.01433050464591584,1,0,0.009312484337112039,0.009458003376469574,0.005069326135107981,0.3020980034812342
R000472,49,1731977567000,1731977460000,1731977520000,1,-0.013565465180410356,0.0014985641567282259,0.02091533172122153,-0.00730353194619641,0.0008157716291966735,-0.00123187204110526,0.0,-0.008438868645864595,1,0,-0.00061593602055263,0.011822883959527507,0.010386230892584846,0.0646875427728277
R000479,50,1732042912000,1732042800000,1732042860000,1,0.009543501743858887,0.003121665231126953,0.0025496280429859004,0.03276087409600902,0.019260055546559126,0.016570860863808722,0.01286333993075631,0.019690454100648506,1,0,0.014717100397282516,0.011508563701046248,0.011881453760226089,-0.015942273655727174
R000487,51,1732071776000,1732071660000,1732071720000,1,-0.005465131387460805,-0.009253771801005284,-0.012234243712760176,-0.014709611678935914,-0.012926993357734265,-0.003984535917435832,-0.012803101270031932,-0.009123578974037982,1,0,-0.01074400775688273,0.006019174104434411,0.0030742947614523595,0.32384554083969747
R000501,52,1732170229000,1732170120000,1732170180000,1,-0.0035345407210798443,-0.013651091781694089,-0.0011677522099510704,-0.010793524951094828,-0.003663239111983566,0.016128459420232964,0.01934670518583005,-0.003011225927144024,1,0,-0.003272883324111934,0.021010465627143444,0.008949425042282525,0.4025729171691937
R000505,53,1732180231000,1732180140000,1732180200000,1,0.0007522751896777539,0.004005704185436231,0.00358038334501205,-0.00025951781735457016,-0.0010210594377845314,0.006764650137583009,-0.004573178701964969,-0.004224015001035763,1,0,0.00024637868616159185,0.005138798475348028,0.0046449755376619575,0.050473665584406295
R000506,54,1732187221000,1732187160000,1732187220000,1,0.0010488814753282967,-0.0038809346427861506,-0.0040805521004570215,0.000991002819401151,0.01759576189037966,0.0056770898841946305,0.017764514272708656,-0.00496792576289638,1,0,0.001019942147364724,0.016660195934179434,0.005544181079041425,0.5006226857217992
R000529,55,1732309746000,1732309680000,1732309740000,1,0.003220330684795866,0.0059382363773495764,0.006365922411514845,0.006796058070970236,0.005732434573686665,-0.00022092124247605565,0.013458604452320076,0.01150264300072291,1,0,0.00615207939443221,0.0063285443320892825,0.004652374673272305,0.15264384137598722
R000554,56,1732459010000,1732458900000,1732458960000,1,-0.007385889556008197,-0.00486697910750985,-0.01533693610422276,-0.01705237707066253,-0.022096444588836053,-0.015858245431459552,-0.01688232916318827,-0.009313571904696198,1,0,-0.015597590767841157,0.009471156436082134,0.003976820061908134,0.4085623123296728
R000574,57,1732562622000,1732562520000,1732562580000,1,-0.007921034365326297,-0.011722387742912718,-0.011568689757447483,-0.003338734881686619,0.004900254817839951,-0.008879550943366671,-0.005976113403341666,-0.009358694213436205,1,0,-0.008400292654346483,0.00918105262242315,0.0032452460958336173,0.4776809781555164
R000601,58,1732947290000,1732947180000,1732947240000,1,0.02022790283044694,0.010807806203201578,0.009825609494262335,0.013803019543999677,0.014127942024571913,0.003056146707587516,0.006807378228025108,0.01572615241466749,1,0,0.012305412873600628,0.005671614748956588,0.0073736504057943155,-0.13047152638502485
R000606,59,1733019042000,1733018940000,1733019000000,1,0.005490874544925514,-0.003375103402191233,0.004846751252429867,-0.011841906254713366,-0.0009441979740276071,-0.0004942909497111162,0.0019316212303071116,0.0019338209722277446,1,0,0.0007186651402979977,0.004450147758379693,0.008327169968750298,-0.3034300541919334
R000607,60,1733041589000,1733041500000,1733041560000,1,0.0003180944551689003,0.0008040796895276455,0.0018590821491272457,0.004815681279854625,0.002645754165488829,-0.0001972386594165268,0.0013426682749802243,0.0011248293855845694,1,0,0.0012337488302823969,0.0024969688923893304,0.0011733209324062102,0.36063853896247994
R000652,61,1733345530000,1733345460000,1733345520000,1,0.007387767361937667,-0.0037492771623520355,-0.017967425843939355,0.005371457929616589,-0.00496028592809799,0.024696460231478846,0.013684424071702688,-0.03426249735727561,1,0,0.0008110903836322768,0.01837935176795849,0.02692605198423976,-0.1886463756735989
R000657,62,1733368004000,1733367900000,1733367960000,1,0.023384939860846346,0.037593033053945075,0.04260393574844309,0.04506306071913023,0.04221853716149127,0.017094433359300255,0.059023340449461184,0.02138326419834941,1,0,0.039905785107718174,0.012137415476577533,0.02066693632889334,-0.26001186985481956
R000660,63,1733403323000,1733403240000,1733403300000,1,-0.0035887137853508346,0.007174435152985767,-0.016106776132642848,0.005218084736234056,-0.0032776168313039867,0.04195113451425719,0.011312337828727675,0.015257479737497739,1,0,0.006196259944609912,0.022408047181267553,0.016044004903606753,0.16550592055824748
R000663,64,1733410870000,1733410800000,1733410860000,1,0.0010142634845288062,0.0038634948250446392,-0.009555694038024344,-0.0021951958436709617,-0.007686305869177012,-0.013764939913891652,-0.019158599357540884,-0.013366158974193501,1,0,-0.008620999953600678,0.011059879108387401,0.00784076968211559,0.17031740348983768
R000664,65,1733412187000,1733412120000,1733412180000,1,-0.004592857010355595,-0.001840080813606399,-0.02052864272483629,-0.019431500268290203,-0.022178995850055498,-0.001632074160394433,-0.005695239541815917,-0.004552234313825339,1,0,-0.005144048276085757,0.0034079707890853407,0.01620977101136014,-0.6525623770817544
R000665,66,1733422608000,1733422500000,1733422560000,1,-3.8301311313913956e-05,-4.16935937853149e-05,-0.00020735272846814648,0.016253894900845427,0.01301042908959469,0.010786684400665023,0.013232244036503615,0.0017974595304747522,1,0,0.006292071965569888,0.008450997503104633,0.006416595126696618,0.13683468649323693
R000666,67,1733429430000,1733429340000,1733429400000,1,-0.009236331412472664,-0.012084739215071999,-0.017493157447517116,-0.011102814029311727,-0.01919380928927112,-0.018732074378232478,-0.018373220256619294,-0.013120148091431336,1,0,-0.015306652769474226,0.00513708004858203,0.003656289064277573,0.16839859276905805
R000667,68,1733437605000,1733437500000,1733437560000,1,-0.008894563339192212,-0.009510151931315908,-0.012327412321281043,-0.01572060477187966,-0.006587305299521837,-0.022230474178883602,-0.01693267547644331,-0.015164285601698153,1,0,-0.013745848961489598,0.006004914642132573,0.005835725866173858,0.014288819582017167
R000668,69,1733440346000,1733440260000,1733440320000,1,-0.013001249524414032,0.018296946662364092,-0.02680541411811546,-0.017079317830918667,-0.02019413609710604,-0.015334201719334783,-0.03051741500136983,-0.02449206144154391,1,0,-0.018636726964012355,0.021284575532987387,0.01002468759573029,0.3596343960880137
R000670,70,1733445698000,1733445600000,1733445660000,1,0.015124375812412431,0.005387898709742099,0.01947235019420495,0.011634261112267617,0.006621686490059689,0.015973375965884738,0.005435719176503322,0.019000100862743324,1,0,0.013379318462340025,0.005856907066134112,0.007967509519217316,-0.1526720813173145
R000673,71,1733452460000,1733452380000,1733452440000,1,-0.002209220449741976,-0.010076683797869364,0.004001984814986278,0.0010298308554935148,0.0017746233583684796,-0.0022547923870888708,-0.0050581797273525275,-0.0021318850168656647,1,0,-0.0021705527333038205,0.0050588568199812,0.0053968790293071256,-0.03232887806255487
R000675,72,1733478717000,1733478600000,1733478660000,1,-0.005098198110716564,-0.014845616131528442,-0.021112738259186484,-0.017091673228288515,-0.015167298257481877,-0.008513231910446152,-0.011141236107000163,-0.013817218533859353,1,0,-0.014331417332693898,0.007525702322112539,0.004770788411043602,0.22404066093756442
R000680,73,1733506981000,1733506920000,1733506980000,1,0.006001764792869984,0.005185909326292434,-0.004787586422403507,0.00990424896564584,0.0014007335541198964,0.01122730110075829,0.013957403425139453,0.010477395031087777,1,0,0.007953006879257912,0.00463934538369096,0.009646433313399717,-0.3504945747709545
R000683,74,1733527308000,1733527200000,1733527260000,1,-0.007492646263807725,-0.005643545975985616,0.0005412269330059329,0.0012878301844286859,0.010065963301716307,0.004207114003326372,-0.0024148768074598753,0.01985646139588176,1,0,0.0009145285587173094,0.014046683790081723,0.0074826246786139795,0.3048894543460183
R000684,75,1733530955000,1733530860000,1733530920000,1,0.0032456099909300476,0.0019023870118387454,0.017594790590824517,0.007458011736013303,0.0067592586021823315,0.007213870076725883,0.00515299046840552,0.0032403549795738916,1,0,0.005956124535293926,0.006570276628124984,0.003384753539587607,0.31999130438289053
R000691,76,1733701799000,1733701680000,1733701740000,1,-0.0021420679138112056,0.0008883061433092323,0.006697742425264265,0.0025401486082609007,0.0017658192521930003,-0.00887448510307818,0.0030692213739096754,-0.0008817835601161006,1,0,0.0013270626977511164,0.0035564192018358535,0.006835339206195809,-0.3155308154417561
R000692,77,1733704460000,1733704380000,1733704440000,1,-0.0031586170004172503,-0.004585021829834869,-0.02770238726818447,-0.00829484869044467,-0.010471299867295366,-0.012789524018815432,-0.005674924026024768,0.012126429174430374,1,0,-0.006984886358234719,0.01146879244524128,0.013261069285265232,-0.07247419575391387
R000693,78,1733716456000,1733716380000,1733716440000,1,-0.008253659718780304,-0.0058402536705291245,-0.014019678574274911,-0.012281558725360625,-0.01251148811319392,-0.017801880354984173,-0.012201305530228997,-0.01681472227195904,1,0,-0.012396523419277272,0.005349566724622558,0.004911777894194334,0.042663885357229155
R000703,79,1733803344000,1733803260000,1733803320000,1,-0.005389136244796702,0.008602203582663288,-0.0006540222600691394,0.007173541629439455,0.0031460928167219688,0.015970798725299412,-0.0022136146283139404,0.002883052450373699,1,0,0.003014572633547834,0.009271928520433516,0.006815948070103155,0.15266032384752606
R000705,80,1733805973000,1733805900000,1733805960000,1,0.003344525480549016,0.0047910410969323,0.01368856926172059,0.009502271546171418,0.01491580593429163,0.015728195474575088,0.0038706158359434846,0.01856094653383807,1,0,0.011595420403946004,0.005549150600260575,0.007987849745699754,-0.18015063035489456
R000709,81,1733850372000,1733850300000,1733850360000,1,0.0005080719338138907,0.005468426348389749,0.000780944983071351,0.015160578839526664,0.00377003274054161,0.008425287686369604,-0.000793336019395874,-0.019732846060325746,1,0,0.0022754888618064803,0.009517444401141655,0.01253857990166729,-0.1369755246479702
R000714,82,1733923809000,1733923740000,1733923800000,1,-0.0007783438310635386,0.0012870871448165417,-0.0017398319722604898,-0.0027538999950793845,0.026595562736457506,-0.0015804727146230438,0.003921207526423953,-0.000986087670205415,1,0,-0.0008822157506344768,0.016140600882075206,0.0013646502330354603,0.8440867572750802
R000720,83,1734044237000,1734044160000,1734044220000,1,0.001377815838371805,-0.0007893352453330442,-0.004416518135245366,0.0009845185269370912,-0.011778488985214676,-0.009560622974759927,-0.006271926112326467,0.0022775461412223312,1,0,-0.002602926690289205,0.004430607680086273,0.008066629289698098,-0.29094604018495784
R000722,84,1734107634000,1734107520000,1734107580000,1,-0.012538479672793602,-0.01829905880722745,-0.015208015842877388,-0.014939907080396199,-0.018539047883905486,-0.030769113259876777,-0.021202207650602937,0.00014249581442655476,1,0,-0.01675353732505242,0.010555545395868896,0.009232123130187436,0.06688116207014398
R000726,85,1734304837000,1734304740000,1734304800000,1,0.01026858269050756,0.0131416301406692,0.01298773615706716,0.01031154702074015,0.015992902469830567,0.015743025099292544,0.01668111025169833,0.027183436597429153,1,0,0.014442327619980872,0.00748994580458287,0.004152262764357017,0.28668813313742025
R000728,86,1734309244000,1734309180000,1734309240000,1,0.01223883350018147,0.008573067499527966,0.013211201323301993,0.007372180343781591,0.008846419851553516,0.011745032553095402,0.015253609715262347,-0.004706854080165577,1,0,0.010295726202324459,0.003936679316957711,0.008963063070516452,-0.3896499327334965
R000729,87,1734310504000,1734310440000,1734310500000,1,0.011867416452507423,0.010789794529390192,-0.0021628688878032485,0.014791580397795281,0.010818713527167368,0.017958200343847867,0.012868324378875995,0.0017005071607949659,1,0,0.011343064989837396,0.005031825380984178,0.011574245853341537,-0.3939776230053617
R000732,88,1734406984000,1734406920000,1734406980000,1,0.0021618406421724597,0.0026569106920118256,0.0008460066976543517,0.0035821824917123407,0.0007438401086811698,0.00016993797304897833,-0.0007444630904041793,-0.0045962684070627435,1,0,0.0007949234031677608,0.0023246231886943224,0.0034652891519012224,-0.19700919394050312
R000735,89,1734467686000,1734467580000,1734467640000,1,-0.001527818258441,-0.007433670335243947,0.008534902449837506,0.001275430630677129,-0.0013068236714664767,-0.02321126710311631,-0.007081654641757327,0.004277427847778979,1,0,-0.0014173209649537383,0.00782348611376198,0.013905147754226391,-0.2798915788913999
R000737,90,1734487700000,1734487620000,1734487680000,1,-0.007638372290613814,-0.026556227973752435,-0.009566088215341089,-0.008910445919423622,-0.008667959209581369,0.018407123968939135,-0.003162499147734759,0.0071058353424130775,1,0,-0.008153165750097592,0.020909645405773697,0.00990799234444917,0.35699209493255096
R000738,91,1734491308000,1734491220000,1734491280000,1,0.0024139383606621052,0.0016919317203490335,0.006530475843396443,0.0050505157860685716,0.0042000825393778965,-0.011336026297929866,-0.003545772120267567,-0.0008500390113030295,1,0,0.0020529350405055695,0.003737560774226938,0.009493834249604286,-0.43504660430813646
R000739,92,1734500572000,1734500460000,1734500520000,1,0.00789994953203407,0.006690840086671336,0.016177176686291327,0.01258565121375378,0.009955186648195185,0.019182901484887206,0.01949230452016062,0.02507922459292537,1,0,0.014381413950022553,0.007904350606520442,0.00708601914066985,0.054590479064332356
R000761,93,1734705109000,1734705000000,1734705060000,1,0.021290878459490545,0.011655392851960246,-0.00603368709785862,-0.003070126059884945,0.020310061688436395,0.0024438199486610623,0.012940511275734732,0.03434409830330729,1,0,0.012297952063847489,0.01551953631755143,0.016849858642719272,-0.041098152338053986
R000767,94,1734892091000,1734892020000,1734892080000,1,0.0009850511019810471,0.0037830029490321317,0.0032160113478812073,0.0064193555661807575,0.002690886252016589,-0.001184717287348647,0.004443464320657909,0.0032911821597315064,1,0,0.003253596753806357,0.0021778131896129766,0.0033534298464901564,-0.2125411321114945
R000770,95,1735130655000,1735130580000,1735130640000,1,-0.006501805882330918,-0.002901282161342998,-0.009209012162286527,-0.011532005633187023,-0.009264876343978032,-0.002111545425356479,-0.0021463841680912188,-0.010313330781898099,1,0,-0.007855409022308722,0.005726444225584873,0.0030672591852338397,0.3023964894107632
R000771,96,1735200116000,1735200000000,1735200060000,1,-0.0038088068134567994,-0.001754205382253475,-0.0013802010160562624,-0.0033584477962888756,-0.0020286268649825803,-0.0012201418755275594,-0.0033087049044684363,-0.00578823543190499,1,0,-0.0026686658847255083,0.0013684944389335974,0.0021298552379553862,-0.2176342759706207
R000774,97,1735290346000,1735290240000,1735290300000,1,0.014355358059332525,0.015461641491393022,0.014336504337681641,0.017554834672209023,0.016062314912912115,0.014518787798369064,0.013854970232669224,0.01582022651057663,1,0,0.014990214644881043,0.0018183601476795264,0.0008944773597056102,0.34055957478427556
R000775,98,1735482647000,1735482540000,1735482600000,1,-0.003323370225963194,-0.004718199429238142,-0.002997120399144647,-0.006858440798486366,-0.009116238786983,0.0038846604954824865,-0.00022338880914961717,-0.0025108117528612407,1,0,-0.00316024531255392,0.004990881155720355,0.004827094480180763,0.016682326542009122
R000776,99,1735569331000,1735569240000,1735569300000,1,-0.009756174945364798,-0.010348014835185958,-0.01952409014034706,-0.016992357527727722,-0.017895462261309513,-0.02357535078099142,-0.02065204455266894,-0.022796075918263135,1,0,-0.01870977620082829,0.00865768131055291,0.004475937148798988,0.3184000033727398
R000789,100,1736429840000,1736429760000,1736429820000,1,-0.010723645094306367,-0.015595679638102699,-0.012065192694352071,-0.014868350193739962,-0.01290625162053591,-0.008554538412910808,-0.013426182132533005,-0.011976793727742234,1,0,-0.01248572215744399,0.002846630403835402,0.002746292758477341,0.017940107962536398
R000792,101,1736454107000,1736454000000,1736454060000,1,-0.02758522890618502,-0.024048284811170925,-0.018674105973232578,-0.020810870483796887,-0.025762028763695422,-0.02307042691928104,-0.022758198655684046,-0.02539198920905585,1,0,-0.023559355865225985,0.003816867636711253,0.0031142729697142355,0.10136782773468478
R000794,102,1736531794000,1736531700000,1736531760000,1,0.015554834582464408,0.02540952214906756,0.02190264288400196,0.026242994138849746,0.025271716476370942,0.0057954653684813015,0.013083877149907159,0.021087965021984293,1,0,0.021495303952993126,0.004330954190965528,0.012055632693798897,-0.47140252922440234
R000802,103,1736947802000,1736947740000,1736947800000,1,0.009151753441278391,0.00744015207840618,0.020140500398992397,0.01659081832033675,0.017048416501783133,0.009064994580823297,0.007606352219771879,0.008923128544797116,1,0,0.009108374011050843,0.009486084439336922,0.0015851218619618137,0.7136496568082435
R000853,104,1737363965000,1737363900000,1737363960000,1,0.0026229252680306254,0.03344818606687132,0.01799637059038704,0.010596021154613885,0.008730469458829444,0.015663560575789326,-0.003220614700042172,-0.016165887130575065,1,0,0.009663245306721665,0.016059033021907514,0.019356496222030284,-0.09310783349897864
R000854,105,1737364907000,1737364800000,1737364860000,1,-0.0035239240596601938,0.0216985057188418,-0.005189266834150559,5.247415648983845e-05,-0.008421102396408173,0.001225640550536657,-0.005597431191455232,-0.0365082905653881,1,0,-0.004356595446905377,0.015818668581594607,0.01810810103399276,-0.06748159280529598
R000855,106,1737375238000,1737375120000,1737375180000,1,-0.00218112409815122,0.0021764485855290333,0.0006395712045513984,-0.004807316364987586,-0.004780885600341897,-0.004529069219665774,-0.007095373448208338,-0.005627789108483577,1,0,-0.004654977410003836,0.006062987305044051,0.0017066038683421218,0.560696610604714
R000856,107,1737388607000,1737388500000,1737388560000,1,-0.004841017185222244,-0.00832722038243745,-0.01257116138830802,-0.017490490001956384,-0.02094811456646994,-0.019649929595461028,-0.01748139542460594,-0.019742769265771346,1,0,-0.01748594271328116,0.010901823929451314,0.0028594992028394828,0.5844150776272815
R000857,108,1737392665000,1737392580000,1737392640000,1,0.008080918294409394,-0.0016916816592141882,0.004591557790789908,0.010052502757082799,0.0015213466849857754,0.006929687509246828,0.004059545493878519,0.0027707244693865383,1,0,0.004325551642334214,0.004741158883411882,0.00441071912944842,0.0361062236077803
R000858,109,1737414442000,1737414360000,1737414420000,1,0.013379383608509102,0.02164017546411125,0.028138224438571325,0.028481380872668664,0.01769083049636278,0.017222882452142648,0.015733781302213232,0.01528847401045745,1,0,0.017456856474252713,0.010852946181367281,0.0031229276647694367,0.5530973305640288
R000860,110,1737418666000,1737418560000,1737418620000,1,-0.005318439221825036,-0.018015534136250913,0.0009950409269213608,-0.008184968502521473,-0.0027739268827250965,0.0,-0.0060409105639527534,-0.020345364291813536,1,0,-0.005679674892888895,0.006177195356349575,0.01350077432114333,-0.3721714732170898
R000866,111,1737475849000,1737475740000,1737475800000,1,0.012200905079471377,0.025376696588100222,0.020021490445732898,0.029243946834913718,0.022739685934889335,0.01801099300375821,0.016352851348474338,0.026303097564807323,1,0,0.021380588190311117,0.006392934009549404,0.007103709976338259,-0.05266316334135029
R000876,112,1737644866000,1737644760000,1737644820000,1,0.01333029695372882,0.01616310516652616,0.019775968601730493,0.016032521067010665,0.02849368937977982,0.027589757449369895,0.019966239861989917,0.040348327870867805,1,0,0.019871104231860205,0.014549904393463608,0.0051896952214904625,0.474184347937947
R000877,113,1737663072000,1737663000000,1737663060000,1,-0.00667378942559564,-0.004023988368166978,-0.00019462826063771954,-0.0039707711722600314,-0.0013373799637501414,-0.0010518935051262795,-0.0060046369793444,-0.018543577712169072,1,0,-0.003997379770213505,0.0033741188873315053,0.00861130379866885,-0.43696288804688294
R000878,114,1737665911000,1737665820000,1737665880000,1,0.014453779904367558,0.01871841284962456,0.006286679378594128,0.013234579609196181,0.014963895083263,0.015623272174919264,0.008769961586676957,0.01768612041310979,1,0,0.01470883749381528,0.0034934291375518945,0.007180517011179737,-0.34542874980364907
R000888,115,1737988286000,1737988200000,1737988260000,1,-0.008292100238151235,-0.0136507663928004,-0.014735466417045241,-0.014316191227359843,-0.015395069835546006,-0.012658396871923354,-0.009471837662566403,-0.022895066849377168,1,0,-0.013983478810080122,0.0051015098597213026,0.005161589532381466,-0.0058539501923164676
R000898,116,1738542307000,1738542240000,1738542300000,1,0.00013184690811378184,-0.006170049412824093,-0.038742905243741216,-0.004135945651541869,0.006590448354901668,-0.008490617045158914,-0.0005729017630199745,-0.002536913431243169,1,0,-0.003336429541392519,0.006697577172900244,0.020280331603057547,-0.503476920429874
R000904,117,1738560373000,1738560300000,1738560360000,1,-0.004613085794061378,-0.006691398242746818,0.010038466346857405,0.0050714925294851896,0.033382793853205806,0.027276888063646323,0.028351544581566836,0.022270091844285064,1,0,0.016154279095571236,0.014712890121815085,0.02180652111397533,-0.19424275343213138
R000905,118,1738574824000,1738574760000,1738574820000,1,0.005752973003563913,-0.0009692147569233485,0.0034228519124599116,0.0031255034259099063,-0.014038873020996434,-0.0014489756209327533,0.0035048625969054197,0.0027737789160938255,1,0,0.0029496411710018657,0.0016792766292328006,0.01069356549196646,-0.728554423828689
R000911,119,1738604988000,1738604880000,1738604940000,1,-0.00868242599666155,-0.003177815761077173,0.001897173780950521,-0.008708863485838854,0.004409292580113474,-0.009167218480195093,-0.005691194034341115,-0.0036067690315742013,1,0,-0.004648981532957658,0.007802214713489655,0.004289059450059316,0.2905529405677768
R000920,120,1738935002000,1738934940000,1738935000000,1,-0.0037385806740602816,-0.001265086321091915,-0.0036681991944561196,-0.005252258100388027,-0.004131099237805059,0.0036225015781344984,0.0018404913170872192,-0.004392393591916233,1,0,-0.003703389934258201,0.00643488638186906,0.001118935911893929,0.7037431201372562
R000922,121,1739137043000,1739136960000,1739137020000,1,-0.01399311381484204,-0.018982972283151423,-0.019549494779956645,-0.02024238906987081,-0.029989691160391456,-0.01746233432709215,-0.015126079412277756,-0.02820455942380409,1,0,-0.019266233531554034,0.004706636917994136,0.009830891760543739,-0.3524845904596337
R000923,122,1739140866000,1739140800000,1739140860000,1,0.01346588094847113,0.009863818025816646,0.007564108832527458,0.0047641436283280755,0.012443005905650497,0.007466292940136945,0.004060602174769905,0.005183235792720551,1,0,0.007515200886332202,0.005439242540728612,0.0031028279847832114,0.2735185279690028
R000929,123,1739367003000,1739366940000,1739367000000,1,0.010940184418559746,0.0035910313480712742,0.00536809533793926,0.004557928243059866,0.00012565181897552862,0.0017059028360776746,0.005379570654408279,0.009844389598293285,1,0,0.004963011790499563,0.005429275217926952,0.004047234462972961,0.14583858419303053
R000940,124,1739807280000,1739807220000,1739807280000,1,-0.020620543211676418,-0.020844372699414217,-0.024112843384946563,-0.023598239150184303,-0.011738946248513238,-0.016893116747986686,-0.017822553009644436,-0.01700397992848484,1,0,-0.019221548110660427,0.004905516612410465,0.004633993156905006,0.02846304077163734
R000942,125,1739868513000,1739868420000,1739868480000,1,-0.004731772525094708,-0.012131603053292644,-0.004447919935538787,-0.008398033840700841,-0.011738283764549379,0.00048728986589181465,-0.007628771899621419,-0.013979259100239519,1,0,-0.00801340287016113,0.006033087835337644,0.0050420282066049515,0.08948525911416626
R000960,126,1740495644000,1740495540000,1740495600000,1,-0.013952152071255533,-0.017360027509310958,-0.02196391410263848,-0.021336366203680616,-0.01679158300850985,-0.015822399611039657,-0.015262053119270116,-0.007077266695683607,1,0,-0.016306991309774754,0.005792281926305184,0.005343148843384793,0.040333696307726714
R000965,127,1740582006000,1740581940000,1740582000000,1,0.007634159791417855,0.013173886802608345,0.013905826432055358,0.013874675695633408,0.018026558902085276,0.036755007961282046,0.009879146946124441,0.017123371603975025,1,0,0.013890251063844384,0.013500532367839277,0.005133597695073236,0.4490112843753699
R000968,128,1740709990000,1740709920000,1740709980000,1,-0.021890663556869746,-0.023829806297394753,-0.023042828101698696,-0.03712020417076249,-0.011284770993257046,0.004035750649128134,-0.01684250339449735,-0.02633486692268462,1,0,-0.02246674582928422,0.018842235657219764,0.009260789717439336,0.34094001667237417
R000977,129,1740866239000,1740866160000,1740866220000,1,-8.990137818902943e-06,0.013917076730050095,0.010583078961219268,0.008644109204592076,0.027853562303667607,0.009829463406441138,0.004187475920823167,0.01347069928904217,1,0,0.010206271183830204,0.010679048333028646,0.008117028292328072,0.13630610748012695
R000983,130,1740957495000,1740957420000,1740957480000,1,0.004127481352787298,0.017651356441661836,0.008201003890919998,0.015955409000250362,0.031246695491039946,0.011597058355118426,0.0005997001678981117,0.00811786900325436,1,0,0.009899031123019212,0.014549994843331679,0.007535440362676507,0.31760997305350414
R000986,131,1741013588000,1741013520000,1741013580000,1,-0.02527241136373615,-0.038708925657618645,-0.025110345351915704,-0.024700475669452306,-0.03829929410285265,-0.019103928381413317,-0.02738283851941162,-0.01132556090263559,1,0,-0.02519137835782593,0.009976633715801476,0.013312731522409717,-0.14324554458593222
R000988,132,1741027685000,1741027620000,1741027680000,1,-0.046925937430923284,-0.06546610074612326,-0.06687717254463768,-0.055389135851492154,-0.09797890668846755,-0.03115626468055728,-0.03859663047674502,-0.06289393494339326,1,0,-0.05914153539744271,0.024265087818791563,0.023286504219109903,0.020579407707352268
R000992,133,1741052302000,1741052220000,1741052280000,1,-0.02012070122168719,-0.027296012484920286,-0.037023162919920784,-0.026894684230210575,-0.05353184158406941,-0.035713137871801956,-0.02473901020244945,-0.02473747831244968,1,0,-0.02709534835756543,0.004666258590496995,0.018182153894429665,-0.591546362919054
R000995,134,1741101626000,1741101540000,1741101600000,1,-0.006189650183912495,-0.007342884837585695,0.008703575128646704,0.0002634421364586894,0.009418832799244835,-0.0050693414062321735,0.014603644863650568,0.0054148409573344615,1,0,0.0028391415468965757,0.009172097284551126,0.009605409057645672,-0.02307610846711885
R001001,135,1741186801000,1741186740000,1741186800000,1,-0.014164659344086493,-0.011680496499539334,-0.005974049019291444,-0.009148005509250023,-0.010360618028702268,-0.009690282845087413,-0.0007899934578069354,-0.005397352531823246,1,0,-0.009419144177168718,0.006325471182353627,0.0035034337446441955,0.2871161598031049
R001007,136,1741306530000,1741306440000,1741306500000,1,-0.0012552483029054753,0.0009049459390325295,-0.005763927680972431,-0.0015838451143093382,-0.016874290265400584,0.0025152378550106044,0.0007578628631020225,-0.0051036980521507475,1,0,-0.0014195467086074067,0.0031296386056289737,0.0098995622645791,-0.5195962305278369
R001008,137,1741311640000,1741311540000,1741311600000,1,0.023336264290686925,0.022554086001485504,0.014688245892682235,0.021530402876211843,0.02524279316882867,0.027330645867775668,0.038369168935397456,0.017546991338602824,1,0,0.022945175146086214,0.009904732255500348,0.006827556530443685,0.18390644366846248
R001009,138,1741339302000,1741339200000,1741339260000,1,0.0029105318213163336,0.006790962277268159,0.01266116018452718,0.007711672835249016,0.011187331290903655,0.010980045210529884,-0.00751318335078325,0.00635296254358521,1,0,0.007251317556258588,0.004672928181456829,0.009552643320992045,-0.34302418983273836
R001011,139,1741354201000,1741354140000,1741354200000,1,0.0009173496087372622,0.0029341924083549765,-0.0024986627313701563,0.002346959809939415,0.001030278838773588,-0.0039210110963458404,-0.011876324051312892,-0.003873698939457169,1,0,-0.000790656561316447,0.003431232670463643,0.007108011012512919,-0.34886548339214946
R001014,140,1741381009000,1741380900000,1741380960000,1,0.001866641461897856,-0.0006146911370682033,0.01087337934201787,0.005542874112542274,0.001993317186945073,0.012973052546817394,0.0078036896963047005,0.0015634398855129633,1,0,0.0037680956497436733,0.008155120294673959,0.003293721275521293,0.42461929351947164
R001015,141,1741397616000,1741397520000,1741397580000,1,-0.008190784390378587,-0.007323935947434101,-0.013386291825023242,-0.010271550321829685,-0.0029150998415658543,-0.00260253653088725,-0.01792488569265805,-0.013325915834848491,1,0,-0.009231167356104136,0.006472349169877584,0.00642442140273651,0.0037162611268627688
R001016,142,1741521972000,1741521900000,1741521960000,1,0.0017252306339400841,-0.004915456872665004,-0.007947296917825359,-0.0032961421785932463,-0.005656269097441616,0.003532324407545515,-0.006721358816502127,-0.006755629773627016,1,0,-0.00528586298505331,0.00791464050579611,0.002065600360672877,0.5860620222879075
R001017,143,1741528788000,1741528680000,1741528740000,1,-0.010996684074258873,-0.014055933641152945,-0.021424548285036486,-0.017520294857795885,-0.018852537815891135,-0.004474280394921077,-0.005135840455017893,-0.013205143741748988,1,0,-0.013630538691450967,0.00882547826648148,0.006508004359012843,0.15113813111285448
R001021,144,1741555401000,1741555320000,1741555380000,1,-0.011513216373553146,-0.015690860991312512,-0.005009086551749893,-0.015258511998895153,-0.012843461147695918,-0.013361843625986629,-0.006042314455962586,-0.01718292393142491,1,0,-0.013102652386841274,0.007576951882985034,0.0033342400745274368,0.3888403599696957
R001022,145,1741560936000,1741560840000,1741560900000,1,-0.005047301201752241,-0.00981593338338887,-0.01854652567328549,-0.011306279321725524,-0.018308417081677852,-0.013162934219555597,-0.0033140046900372233,-0.0031271615608095705,1,0,-0.010561106352557196,0.0073405232271337995,0.007866365024924476,-0.03457918471384196
R001027,146,1741640181000,1741640100000,1741640160000,1,0.0025129134132139013,-0.006789916693474136,0.002750369655795358,0.005204048046014141,-0.00377304177105243,-0.011478856627595306,-0.008748962193235538,-0.0014855939242659354,1,0,-0.0026293178476591824,0.006606526698563932,0.00748459156275624,-0.062313355683244635
R001039,147,1741782602000,1741782540000,1741782600000,1,0.006730416170455301,0.019217729344194773,0.019062823162921395,0.014588452327909708,0.01720472544963076,0.01120275307655345,0.0053651395460693665,0.019929273513087948,1,0,0.015896588888770234,0.003676912539871126,0.0098488110305079,-0.45630819368163544
R001040,148,1741787548000,1741787460000,1741787520000,1,-0.01567737893407981,-0.017409393991825138,-0.015125884854711669,-0.01769645522615221,-0.02065500840698369,-0.016096706707898936,0.021084236383713522,-0.027550765784616033,1,0,-0.016753050349862037,0.019732226114362962,0.007349836745937824,0.4572173631047991
R001041,149,1741789955000,1741789860000,1741789920000,1,-0.020675003057994107,-0.02748962134412207,-0.02092249957163126,-0.02628685490114202,-0.03032781798582521,-0.017024510227471357,-0.03214407335133771,-0.02438321782519728,1,0,-0.025335036363169652,0.00648527972043692,0.005900909305411808,0.04717919400435356
R001042,150,1741793035000,1741792920000,1741792980000,1,-0.022169955043968636,-0.015105541922354308,-0.01573092063255898,-0.02191885206902593,-0.017631310723977618,-0.016627728336246813,-0.015673838543424173,-0.02747446582745123,1,0,-0.017129519530112214,0.0017398292972229737,0.007692690905597719,-0.6310997994570535
R001047,151,1741869002000,1741868940000,1741869000000,1,0.008634586512853476,0.014266251809985586,0.025466862729061058,0.008204452960502524,0.021382393591356075,0.011760925531818347,0.005966604813221916,0.013420018000830442,1,0,0.012590471766324395,0.010834156393884171,0.0055049428794621755,0.3261632373527124
R001054,152,1742141313000,1742141220000,1742141280000,1,0.004635564067170362,0.006108660016370841,0.007285058887667609,0.008932063761449338,0.004670590897973623,0.0017843207589012503,-0.000604412227526602,0.0067116820890000236,1,0,0.005389625457172232,0.002718935867386242,0.004799671191484908,-0.27674478900232213
R001063,153,1742410438000,1742410320000,1742410380000,1,0.007887925531137483,0.010243171658253043,0.0028037027217673594,0.013178508001329343,0.008509521565741739,0.006127604247917189,0.003252997101923974,0.008953729780918062,1,0,0.008198723548439611,0.003512116281351582,0.005170373636593945,-0.19098868768220167
R001065,154,1742429047000,1742428980000,1742429040000,1,0.004601108295679854,0.007768897052449475,0.004209704259570719,0.011214228142210634,0.00741893198475255,0.003718858878736977,0.0037621227993137577,0.013750967626960948,1,0,0.006010020140216202,0.006472577744369589,0.0022695293011908346,0.4807820839157104
R001072,155,1742933191000,1742933100000,1742933160000,1,0.0055147376123406335,-0.00027553902495738446,0.001868855667034238,-0.0073497164228843006,-0.0012031282782753456,-0.00021385799910418631,-0.004761913760243703,0.0,1,0,-0.0002446985120307854,0.003936495151718221,0.005811116579533216,-0.19231597231195047
R001098,156,1743624517000,1743624420000,1743624480000,1,0.0028582706967565544,0.007257757516360526,0.004192682932981768,0.0005185377352379312,0.0013093767783299113,0.0006919617390616304,0.0,0.005015414969826267,1,0,0.002083823737543233,0.004052762505550163,0.0018245548699242673,0.37911984214499395
R001104,157,1743688801000,1743688740000,1743688800000,1,0.013873120119685944,0.014743575534115755,0.017577792880440625,0.015055000016953986,0.012311291479450029,0.017982994769555647,0.006370516096270138,0.011238779289991912,1,0,0.014308347826900849,0.003472045998097287,0.0055037001337698245,-0.22634933138978142
R001120,158,1744045217000,1744045140000,1744045200000,1,-0.01752554691143521,-0.026599839397671358,-0.01765574983597789,-0.01964213963094437,-0.020601133539235046,-0.008169160443104881,-0.016663966422641754,-0.015986051528936163,1,0,-0.017590648373706552,0.00551304238768603,0.00600983809474665,-0.04311384708172704
R001121,159,1744137006000,1744136940000,1744137000000,1,0.015976844185680215,0.016778277292907446,0.026485118459953987,0.01937762476246179,0.021978906718775167,0.01263358123145099,0.019525394659745586,0.01956653404365539,1,0,0.01945150971110369,0.004780502878260888,0.005146297002538086,-0.036849148634973426
R001124,160,1744182194000,1744182120000,1744182180000,1,0.007172196752645173,0.008186354821773186,0.007552198184004061,0.012883846272679168,0.009995699182940977,0.010107567010158634,0.008014614849654437,0.01589887008451606,1,0,0.009091027002357081,0.005300331176240533,0.0017288295340324644,0.5080978781703455
R001125,161,1744196394000,1744196280000,1744196340000,1,0.009531884087188644,0.004301081899390702,0.007031726120038243,0.010798434244212759,0.005249355886143745,0.004350578751823434,0.0018264845260342812,0.00884070706200077,1,0,0.006140541003090994,0.004024618162609708,0.0030767577903785025,0.13347559381535798
R001127,162,1744219124000,1744219020000,1744219080000,1,0.0024424599560296956,0.008724762974219343,0.010249307544606729,0.005404323090677018,0.006063249411057718,0.003057681326002957,0.007607354202361464,0.004272206681019636,1,0,0.005733786250867368,0.003753249008545668,0.0029837156098510417,0.11422553661529587
R001136,163,1744374602000,1744374540000,1744374600000,1,-6.411016691150269e-06,0.0017756737426779343,-0.0017899766115775683,0.0009486166719267364,-0.0024001931676388955,-0.0013111316943168834,0.0006615944667387185,-0.0009591560163039512,1,0,-0.00048278351649755076,0.0018449287237998861,0.0016123013731106813,0.06728720512328183
R001137,164,1744380001000,1744379940000,1744380000000,1,0.008234708835071469,0.022142983038598088,0.005580204804323779,0.006940966785861195,0.004641865077500391,0.004327591830322484,0.001654260096026468,0.008367582790225998,1,0,0.0062605857950924874,0.008994697119319555,0.0032696598319180113,0.46680289151432797
R001143,165,1744590129000,1744590060000,1744590120000,1,0.01893562424505487,0.025706768925983663,0.01776128475025194,0.019554121046657515,0.018828845371017342,0.01778791542164182,0.01326432365727717,0.02392307982976625,1,0,0.018882234808036108,0.005932689569838848,0.0033694306042715534,0.2755564234378889
R001150,166,1745245201000,1745245140000,1745245200000,1,0.0003328176744578075,0.003691777329919607,0.0056743106666277505,0.00037264766594805477,0.006234434158429079,0.003623871507245824,0.00856852634970855,0.00350472004091213,1,0,0.003657824418582716,0.003743655835486099,0.003305091748379785,0.06221872494202492
R001158,167,1745358563000,1745358480000,1745358540000,1,0.02613806295668334,0.014372904991200421,0.020098873244274992,0.0250728646497633,0.01723919904594912,0.011999184045348596,0.011195191092491575,0.013587067867694388,1,0,0.01580605201857477,0.009799411784648548,0.0042088644496546855,0.39908888441989915
R001159,168,1745383626000,1745383560000,1745383620000,1,0.0001899685440156119,0.007889323530123182,0.0012543118609069323,0.01058907653127829,0.00101148769551513,-0.0003547147539410009,-0.00028062298486374043,0.008320092369033631,1,0,0.0011328997782110311,0.00832168467194493,0.0014505686476134019,0.7031250418549401
R001162,169,1745415484000,1745415420000,1745415480000,1,0.0016001504244716486,0.006935838836272875,0.00420279053093196,-0.003984612679015317,0.010132369263775354,0.0037825104199785188,0.003052590132310145,0.006810619111554831,1,0,0.00399265047545524,0.004541453574568875,0.005184881602727074,-0.06615318271779734
R001184,170,1746739095000,1746739020000,1746739080000,1,0.04162941146746305,0.016418695397044845,0.021916408371355445,0.028049639438128365,0.03398288224382016,0.02612228067965534,0.010962931532786038,0.02540809736180597,1,0,0.025765189020730654,0.01204095783491095,0.012074375555815212,-0.0013857457561466658
R001211,171,1747060143000,1747060080000,1747060140000,1,-0.021222379663186276,-0.004983587163417596,-0.02950226565739346,-0.038069126637734804,-0.03952989443434939,-0.024062049670829276,-0.020614286415111597,-0.0276739922925568,1,0,-0.025868020981693038,0.013069084192428441,0.01293148955434906,0.0052919846853931056
R001215,172,1747073275000,1747073160000,1747073220000,1,-0.015099282341868438,-0.027887390076066384,-0.019082110946080543,-0.03750116184177523,-0.029369076035103133,0.00304324585727559,-0.011170587258397466,-0.023146840087084914,1,0,-0.02111447551658273,0.01705080481602179,0.012320643421856453,0.1610462431357126
R001247,173,1747895304000,1747895220000,1747895280000,1,-0.012954319390449375,-0.009521722357902728,-0.006983733073446579,-0.014731998252377119,-0.005578107769944822,-0.006387206790795447,-0.0019277114403326479,-0.011512680739981046,1,0,-0.008252727715674653,0.004499818110535918,0.005590431105738594,-0.10808583334528861
R001263,174,1748804139000,1748804040000,1748804100000,1,-0.011260288255197582,-0.016374785680073403,-0.009665932581386573,-0.015618380108772941,-0.013866574155955639,-0.010386442740948963,-0.0099305682026008,-0.011922002742344867,1,0,-0.011591145498771225,0.0017928951067775383,0.004405437395651948,-0.42149114908733964
R001275,175,1749300085000,1749300000000,1749300060000,1,0.0021285712605623296,0.0030958757394904932,0.0016023810227265942,0.00048206969518692767,0.0011965302055722859,-0.0015831734619674203,0.004657441928001666,-0.00028520499302061154,1,0,0.00139945561414944,0.0024772032195966394,0.002333644841643456,0.029840555371058248
R001278,176,1749390497000,1749390420000,1749390480000,1,0.005401951619428589,0.01000475229682313,0.01099421631036872,0.009148895704975353,0.017625549635178043,0.009259854675885188,0.0016881711473421496,0.010907612507066823,1,0,0.00963230348635416,0.004677579486419221,0.006087242102968791,-0.1309508573685252
R001279,177,1749503406000,1749503340000,1749503400000,1,0.015274338007040216,0.008667995635390897,0.004465744810262668,0.011309754979561002,0.011455211176013396,0.006185007065746828,0.0023691079548038172,0.007022550584036512,1,0,0.007845273109713705,0.005519501481813101,0.004427846727180463,0.10974329355894621
R001280,178,1749504414000,1749504300000,1749504360000,1,0.015280155614109923,0.011141289842508664,0.0046928043018004935,0.02221373337244685,0.012327035943871271,0.009660825530787169,0.005681833467431084,0.010627092574286193,1,0,0.01088419120839743,0.007862753284880957,0.005696872323781641,0.1597301447405479
R001290,179,1749645002000,1749644940000,1749645000000,1,0.0025139799118861113,-0.0050482119190662575,-0.0016459483076606734,-0.001205666779225491,-0.0008406894147931243,-0.0037329863288341264,-0.0006780427426682457,-0.0006619448179746426,1,0,-0.0010231780970093077,0.001949195643965042,0.003367421026940884,-0.26675336417176443
R001294,180,1749745747000,1749745680000,1749745740000,1,-0.0013204452037127155,0.0021514910532970497,0.003572708337573496,0.00234429219196111,0.004402061400637665,0.0042899140073713385,0.008520489083667603,0.005434417331826138,1,0,0.003931311172472417,0.0030461420352744534,0.00351578824768025,-0.07157135052558415
R001295,181,1749761022000,1749760920000,1749760980000,1,-0.023855806300401267,-0.01549123056682622,-0.018364078423633003,-0.020878036730177005,-0.018031931835745557,-0.016778342580080097,-0.01576661457197527,-0.015387090709312766,1,0,-0.017405137207912827,0.0019659765698433343,0.004961784307376309,-0.4324352111205228
R001296,182,1749772953000,1749772860000,1749772920000,1,-0.006513147064349615,-0.003945297069096809,-0.0006398245271060504,-0.0006636801305498647,-0.0013643600994631372,-0.005467354978982799,-0.010355470274676669,-0.004158010148663677,1,0,-0.004051653608880244,0.0033999012800522864,0.004382655060632899,-0.1262764749216181
R001297,183,1749774482000,1749774420000,1749774480000,1,-0.03806316627322869,-0.0464514026464273,-0.025350543734303913,-0.045570962459823186,-0.04029454847705863,-0.03297453340512348,-0.03347192702320945,-0.03743033509922769,1,0,-0.037746750686228195,0.0085842121165145,0.00826443186689705,0.018979583753582323
R001300,184,1749811164000,1749811080000,1749811140000,1,0.005260953222778126,-0.0020087978216255975,0.0007982532764874196,-5.750596625985878e-05,0.0044282849527074375,0.0010782963963388698,0.0031374467633325776,0.0027309985112317337,1,0,0.0019046474537853016,0.0029399716339574803,0.0029377993477280296,0.00036957653440722256
R001310,185,1750178945000,1750178880000,1750178940000,1,-0.003828910503631682,-0.002314185623045733,-0.0025374284104165983,-0.004555816535860579,-0.004936656397303989,-0.009108404294317814,0.0,-0.003781306353715436,1,0,-0.003805108428673559,0.0026480156171506926,0.0032174219171373425,-0.0970782310199415
R001321,186,1750639735000,1750639620000,1750639680000,1,0.013828389162597876,0.01132771514580131,0.008172610435273188,0.009553688214785284,0.00884961527698238,0.009206335240733225,0.0019839089500543637,0.007616313399280149,1,0,0.009027975258857802,0.0035500768953417913,0.004227864084190546,-0.08714223862489473
R001331,187,1751042030000,1751041920000,1751041980000,1,0.003968846110924821,0.009572125488711355,0.013974901319123132,0.013067201054508454,0.014430264829028837,0.00926812717887122,0.013600209627149097,0.013377611664443857,1,0,0.013222406359476156,0.0009801767145998282,0.006603919714578136,-0.7415178660363977
R001341,188,1751320440000,1751320380000,1751320440000,1,-0.008795942079345741,-0.008193094541277573,-0.007640328727110298,-0.010286733112031338,-0.01310363576958614,0.0015007217823775295,-0.0025309076101009014,-0.011713381755960076,1,0,-0.008494518310311658,0.007979425396449972,0.00391399045246145,0.34182231544191927
R001347,189,1751477889000,1751477820000,1751477880000,1,0.01320638923452932,-0.0019007051437418987,0.008025367430415889,0.002223523443895566,0.008280571184639547,-0.000916275404845577,0.0015772873932486684,0.005423642729255585,1,0,0.0038235830865755755,0.006919897123008859,0.005232073360869314,0.13889301034583273
R001354,190,1751838389000,1751838300000,1751838360000,1,0.01846383307619958,0.008930976094820063,0.0035177241445726983,0.011411395372679517,0.009867381864209546,0.0063745235774361345,0.001612578458699202,0.014322873126212958,1,0,0.009399178979514804,0.006994174121691466,0.006834027677878853,0.011581147435785082
R001363,191,1752089044000,1752088980000,1752089040000,1,0.007421633783623578,0.001611500010331251,0.0025023994373779565,-0.001320283765737913,0.0026075634070807695,0.001571621338309401,0.002174988499527581,0.0030471624754249238,1,0,0.0023386939684527687,0.0028957041610714824,0.002213025182167025,0.13362989758069588
R001366,192,1752162103000,1752162000000,1752162060000,1,-0.002202127205318772,-0.002237208897581693,0.00409433916216597,0.0003334444845833899,0.00543132325578772,0.0017646414637636427,0.00238616140261792,0.0008395131317183167,1,0,0.0013020772977409797,0.003460753911235865,0.003521745349191212,-0.008734900739769886
R001367,193,1752164668000,1752164580000,1752164640000,1,0.005392403164269951,0.00625440803244345,0.010855477152528104,0.010307084487140588,0.01193806458122503,0.010977058631150994,0.004354717887278355,0.006068022106455516,1,0,0.00828074625979202,0.003176815346395992,0.0034071857340178665,-0.034989421296904424
R001369,194,1752182220000,1752182160000,1752182220000,1,0.0046273578060354315,0.0067944783750152355,-0.0026335756013908143,0.005714148681869263,0.009286814099265642,0.0006438459284546554,-0.00039123631171964754,0.009948983962028465,1,0,0.005170753243952347,0.004447145786694706,0.006683159200507578,-0.2008941728356822
R001393,195,1752411270000,1752411180000,1752411240000,1,0.01003374821432269,0.004930976460601085,0.01583598255082108,0.015464612676589322,0.01747246196796633,0.004211862602148535,0.00632913505164753,0.008943675947905247,1,0,0.00948871208111397,0.007165510178279736,0.004917292549739159,0.18606756057741222
R001394,196,1752416310000,1752416220000,1752416280000,1,0.0063243647784635044,0.006523501502351088,0.015390892957427937,0.008381609634712133,0.016475727174202773,0.008715338412289783,0.002364533121382675,0.01748566021212264,1,0,0.008548474023500958,0.008432219669661747,0.004204025073577869,0.33460847601467675
R001397,197,1752450430000,1752450360000,1752450420000,1,-0.0002864629429223109,0.0005591277752597171,0.004664154598693779,0.0018175397541449793,0.0028538444319830014,-0.002642847354652588,0.0037545741171763135,-0.0028789885852757813,1,0,0.001188333764702348,0.0030210305932326983,0.003949251734666533,-0.1331683707729513
R001400,198,1752464539000,1752464460000,1752464520000,1,0.009314608010009787,0.01581299169640127,0.014113345685761801,0.01300254725407262,0.00698980755512249,0.0043699996711181665,0.007844715656338291,0.01512056299382523,1,0,0.011158577632041203,0.004308199713072045,0.005478674018920875,-0.1195963428058332
R001401,199,1752470556000,1752470460000,1752470520000,1,0.001281651204868655,-0.0016734405052757442,0.0016372198213369174,0.014898935685268629,-0.003153747686234594,0.0011320950110467385,0.0005825808495680598,0.002103961172164617,1,0,0.0012068731079576968,0.007294575320758926,0.003620467203712866,0.3366096017316121
R001403,200,1752478702000,1752478620000,1752478680000,1,0.003005687357982369,0.0021664568863575457,0.017920653357191854,0.010473826954511491,0.012562148668656766,0.00599051574573893,0.00952295603992448,0.006040433099918656,1,0,0.007781694569921568,0.007459706443002742,0.0051956224477516105,0.17890360770514713
R001411,201,1752552587000,1752552480000,1752552540000,1,-0.007110451518613434,-0.007984199834015193,-0.008231946859037866,-0.010929644820883416,-0.0076757058172506835,-0.010446232098860973,-0.0022437541284847616,-0.014332237084832285,1,0,-0.00810807334652653,0.0034309705229774324,0.00452286760633132,-0.13727926890168957
R001412,202,1752559368000,1752559260000,1752559320000,1,0.0016143790838694398,-0.00012494533657791943,-0.0008700948952307622,-0.0033929303070089523,-0.00523200973207468,-0.0011863037249975616,-0.0026452350351761247,0.0018172382986433445,1,0,-0.0010281993101141618,0.002744008001370554,0.003284270709427654,-0.08962138845527325
R001413,203,1752582602000,1752582540000,1752582600000,1,0.004878985194475419,-0.00025147743122605167,-0.003352054974566593,0.001308250009977396,-0.00013794054784272406,-0.0024893134776743384,0.0024681213680836697,0.001044522878620216,1,0,0.000453291165388746,0.0032202621158907985,0.0033739753915092117,-0.023310242533108223
R001414,204,1752591393000,1752591300000,1752591360000,1,-0.026113909642422148,-0.02482696380162624,-0.028591649089738873,-0.02771468058379116,-0.031774903421957275,-0.02141593820412304,-0.015819538944892766,-0.029175069692045127,1,0,-0.026914295113106654,0.00829655653859875,0.0035606914438945474,0.39940676805414704
R001419,205,1752674935000,1752674820000,1752674880000,1,0.007281730692670382,0.0037210461852482325,0.0050875263453555005,-0.0007974084648797646,0.002540957569071927,-0.003093742799639919,-0.0026212334798741926,0.004003159346093381,1,0,0.00313100187716008,0.003053626641852862,0.005988490016917135,-0.32457703055818615
R001430,206,1752774494000,1752774420000,1752774480000,1,0.0048738333974473235,0.003817681638176278,0.00623588252936034,0.00033193446970003514,0.0023967214247996296,-0.004662938157648915,0.002630781644796485,0.004840337648143969,1,0,0.0032242316414863815,0.0023306263219174503,0.005389733485460821,-0.396238937027237
R001439,207,1752815395000,1752815280000,1752815340000,1,0.016407835902538203,0.009999254653259676,0.0055800153113360704,0.011744639037881376,0.008727582017361252,0.0064344885592421555,0.02298951822469878,0.012193979956787579,1,0,0.010871946845570527,0.008826730218047965,0.004864694910281414,0.2893807818127401
R001440,208,1752826988000,1752826920000,1752826980000,1,-0.0026993614698043442,-0.004550321713357066,-0.0037834115706555952,0.0001649484539822619,-0.009656357364714076,0.006494420265264328,-0.002256064126682761,-0.0005323396452569987,1,0,-0.002477712798243553,0.005807397157866847,0.004625626740792018,0.1132720895259084
R001458,209,1753049351000,1753049280000,1753049340000,1,0.0,-0.004427234680095977,-0.010200798193364927,0.001154584012504781,-0.0049829177788085835,-0.0031854015140035793,-0.006998186940362966,-0.005394203951123296,1,0,-0.004705076229452281,0.005282368235704672,0.003894416337411666,0.15124599332527128
R001466,210,1753122129000,1753122060000,1753122120000,1,0.003314870585869867,0.002495481420318241,0.0009126737824980646,-0.015756684049222574,-0.0011070520337986822,0.00563141419969704,0.004739794635212208,0.007505486828174988,1,0,0.0029051760030940543,0.0036632745108419597,0.011337044044604682,-0.5115737712767682
R001470,211,1753148432000,1753148340000,1753148400000,1,0.0012275118600947525,0.020534396240984014,-0.002799577650349412,-0.007891541991409897,0.0002242403866330229,-0.0006918620011342898,-0.0005753188383831365,0.0060091087576757,1,0,-0.00017553922587505678,0.013447291725204914,0.005170020595004598,0.4446007558897291
R001471,212,1753152171000,1753152060000,1753152120000,1,0.0021863319291210936,0.006965915083181713,-0.00022530134149615475,-0.005633195434330826,0.006664469851785907,0.0038634948250446392,0.0019102202561192452,0.008830751661594876,1,0,0.0030249133770828664,0.004873419995305428,0.005954161764996357,-0.0998137713125712
R001477,213,1753210409000,1753210320000,1753210380000,1,0.0009696688895115308,-0.0028182263838418893,-0.00412198270274162,0.004786411233393324,0.0030448289664177478,0.006767642783156396,0.0026897230433002876,0.002225616197798362,1,0,0.0024576696205493246,0.0033193573877255355,0.005927774163841079,-0.28207847607333275
R001478,214,1753214698000,1753214580000,1753214640000,1,-0.01162305794118059,-0.014667993971126215,-0.009480616142166965,-0.022758908645692244,-0.013924490562156729,-0.019169374092164952,-0.010422792676094726,-0.017812970992569826,1,0,-0.014296242266641472,0.004344537857510627,0.006667899102287126,-0.21097612211159203
R001479,215,1753236197000,1753236120000,1753236180000,1,0.005074383162886029,-0.0032502737173015837,0.002648253843601339,0.005778194074479417,0.000676590012278765,0.023949718298279687,0.0030616173934175372,0.009566024299065577,1,0,0.004068000278151783,0.01268987102052085,0.005354842130663192,0.4064918532316129
R001491,216,1753350554000,1753350480000,1753350540000,1,-0.0013332510617019239,-0.001989729354251515,0.0010954315162031462,-0.0008062634371968646,-0.0032487845643255765,-0.0014957549750986684,0.008888947417245994,-0.0011160092671053255,1,0,-0.0012246301644036248,0.006216819631128195,0.0013946267948849208,0.6335448699688403
R001494,217,1753414240000,1753414140000,1753414200000,1,-0.01712229869759591,-0.024596637379323775,-0.013791991779878884,-0.0174085210178251,-0.01782756184732422,-0.010585939163403054,-0.011102717420633675,-0.011880877608402046,1,0,-0.015457145238737396,0.004612816946719032,0.005754954374586601,-0.11016228970256046
R001498,218,1753584815000,1753584720000,1753584780000,1,0.0037470645364873203,0.0017169228383337575,0.002817167794260832,0.005156055102393353,0.0032610693795260904,0.000870928464735982,-0.010831692204901244,0.004078134005728629,1,0,0.0030391185868934613,0.0015779759671675298,0.008019500456976093,-0.6711685661039106
R001499,219,1753632730000,1753632660000,1753632720000,1,0.007605776518910504,0.013003944665539606,0.012299351832539048,0.01751358249270843,0.014362466944683202,0.01234801365781381,0.0077181591193563,0.013304437638074346,1,0,0.012675979161676707,0.0032620455570191087,0.005014011342543305,-0.2116908821176458
R001501,220,1753729424000,1753729320000,1753729380000,1,7.925112965856365e-06,-0.0031239926300810727,-0.0017122748896054173,-0.006865711582574469,-0.002627136057825182,-0.007758698954670232,-0.004471202633745986,-0.006890167795753055,1,0,-0.003797597631913529,0.0029454227435937487,0.0035268357432981143,-0.08983154811908237
R001502,221,1753748186000,1753748100000,1753748160000,1,0.005896679459297457,0.0022313541599162,0.0011794897683901945,0.005507471018026607,0.005665024277309689,0.006039549837003023,0.007689656905418571,0.007326443656434043,1,0,0.005780851868303573,0.0017271984126227338,0.004075429904150376,-0.4046841126700863
R001503,222,1753749282000,1753749180000,1753749240000,1,0.0027816210011915713,-0.000980873055591948,-0.0018560005327859946,0.0008822621773042231,-0.0013861762663172435,0.001742560169469935,0.008547806079082641,0.003640178306763421,1,0,0.001312411173387079,0.004781581019535952,0.0029334995729386982,0.2395414311549625
R001504,223,1753816552000,1753816440000,1753816500000,1,0.0054302423253903085,0.002535274726587192,-0.0015596902880095345,0.0024228296130412454,0.0033265127911530396,-0.005039640482644513,0.004599335898357259,0.0010124304818901811,1,0,0.002479052169814219,0.0025357369420595647,0.005778717555141243,-0.3900412966567415
R001505,224,1753820354000,1753820280000,1753820340000,1,-0.009264740752830434,-0.010207829967207205,-0.011820809403190358,-0.015182181468413403,-0.01375431414101199,-0.011156816662750245,-0.010797520602998843,-0.010895137269044227,1,0,-0.011025976965897237,0.0012896916058784177,0.0034422708388154597,-0.45490201118371254
R001509,225,1753901255000,1753901160000,1753901220000,1,-0.0054332192208240235,-0.005725527849791513,-0.011128379349558567,-0.006925454860882958,-0.008188776505351844,-0.0037420752835309523,-0.006677234438092394,-0.007449777125620786,1,0,-0.006801344649487676,0.0022136973973101884,0.002857233277967529,-0.12690685830014753
R001512,226,1754009481000,1754009400000,1754009460000,1,-0.016154135528439327,-0.020774175876811213,-0.027654624944825963,-0.02737516154598152,-0.026587834492430563,-0.015107893418249974,-0.012882625831013718,-0.024261721849921297,1,0,-0.022517948863366256,0.00852268923873441,0.004996944382037485,0.26078701210363314
R001513,227,1754038912000,1754038800000,1754038860000,1,-0.008919011967996876,-0.008800151927998491,-0.010544553330564305,-0.0073826330863768505,-0.0063924620127264725,-0.008824150869856245,-0.008282366394875751,-0.010248414491368107,1,0,-0.008812151398927368,0.001924603849375706,0.0015843325120388383,0.09697278670499894
R001514,228,1754051402000,1754051340000,1754051400000,1,0.006018061280354965,0.006527051001108131,0.012680596192795775,0.009206383466992873,0.008016628973090816,0.0056209360588403996,0.008469282086174293,0.011027073263101485,1,0,0.008242955529632555,0.0036108791983160754,0.0024234568600348724,0.19677762835862006
R001515,229,1754056998000,1754056920000,1754056980000,1,-0.02342496690026789,-0.023823476616400524,-0.019146907920567568,-0.02448823776623395,-0.024850310475832475,-0.013907635101660808,-0.016995527505229223,-0.03097162783105358,1,0,-0.02362422175833421,0.008172640454889194,0.004286747395108819,0.31188474960116075
R001516,230,1754078516000,1754078400000,1754078460000,1,-0.010542078822913546,0.0025867009941443865,-0.0002324384463652561,0.008341216607667035,0.00658528926656784,0.010029415132572748,-0.003703022191066537,0.0020797658585375352,1,0,0.002333233426340961,0.00685208244377893,0.009455783933331002,-0.15965923618350727
R001527,231,1754772036000,1754771940000,1754772000000,1,0.00694623120334484,0.008125216263252981,0.0007346639243129929,0.005794020852468142,-0.001225340185175254,0.0036107047269830017,0.0015727395116003275,0.0043010818993904805,1,0,0.003955893313186741,0.00357983042011217,0.004201231443617871,-0.07986069695734532
R001530,232,1754796377000,1754796300000,1754796360000,1,-0.007090661991526837,0.006704539848165099,0.004399533301264658,0.00020661583990541453,0.0034284348507873986,0.00933744191032024,0.010055563231370319,-0.004207186460036221,1,0,0.003913984076026028,0.005782518494819251,0.009562908301807557,-0.24635286180631358
R001532,233,1754857132000,1754857020000,1754857080000,1,-0.0027094722959267016,-0.0019732521202133874,-0.0023404963172157373,-0.004819697542992422,-0.004852868355446656,0.0027263267628706727,-0.001926276753582005,-0.010157871590520963,1,0,-0.0025249843065712194,0.0029250093112155534,0.00498038566641259,-0.25999666822640044
R001533,234,1754877598000,1754877480000,1754877540000,1,0.008217617103730682,0.011055884055467168,0.007881046943492629,0.010563178550033817,0.011669902767579373,0.009185189551835709,0.0010491345602975603,0.006948099067665874,1,0,0.008701403327783196,0.0026614900837400738,0.004702786513801479,-0.2771889951475831
R001534,235,1754878894000,1754878800000,1754878860000,1,0.008370294925882111,0.01703581624857665,0.01747782484503769,0.02158889111320745,0.025457932695511956,0.021751413444841328,0.012026288737222784,0.013124141853175444,1,0,0.017256820546807168,0.006347852523369474,0.007058528715254721,-0.05301029257901207
R001535,236,1754887911000,1754887800000,1754887860000,1,0.005462606645995206,0.006571883166044157,0.0006124261452401756,0.004088790743157814,0.004596596940551206,-0.00619393705800083,-0.002603038346162205,0.00842261150477326,1,0,0.00434269384185451,0.003154553493554199,0.008741181543936027,-0.4696328585644508
R001536,237,1754941945000,1754941860000,1754941920000,1,-0.00811397124302861,-0.007893145788634034,-0.012151046692544904,-0.016623056796782106,-0.009633741638900285,-0.02466647912677141,-0.012280556860001013,-0.010806383981663961,1,0,-0.011478715337104432,0.0034751568212731095,0.009166052624672327,-0.45018602276418457
R001538,238,1754949231000,1754949120000,1754949180000,1,-0.012999799616223509,-0.012433147499341105,-0.0126859661722415,-0.01977716110013872,-0.01622283550688737,-0.009674694058436488,-0.01207327531697122,-0.017184013458696915,1,0,-0.012842882894232504,0.0019688982065286503,0.0056377043851853145,-0.4823186349518474
R001541,239,1755019755000,1755019680000,1755019740000,1,0.0057903159704083065,0.019364216705258296,0.00530011933920189,0.01266828221838015,0.013821752531793205,0.005209806197213703,0.01069528911674795,-0.0084089147748239,1,0,0.008242802543578127,0.008350182074947622,0.009842356832383225,-0.08202124865783948
R001543,240,1755131895000,1755131820000,1755131880000,1,-0.005384666432614128,-0.0005423929523274023,-0.0007906100271940278,-0.0017886183630177672,0.009032108847479766,0.006998887451270901,0.0006473539633741498,-0.0015859769601497943,1,0,-0.0006665014897607151,0.008681999639136049,0.0029201409080552325,0.4966203182632262
R001544,241,1755174602000,1755174540000,1755174600000,1,0.0013602831316228956,0.010389194690517958,0.004223739935599659,0.005700887337963253,0.0060665447481159105,0.0014077900025660517,0.005262304529665684,0.009048676704898928,1,0,0.005481595933814469,0.004237339763893974,0.004097559366719995,0.016770496557128936
R001551,242,1755498157000,1755498060000,1755498120000,1,-0.015076844054065274,-0.007636770350925601,-0.009556936076441142,-0.013145729212502616,-0.012239252335623212,-0.006605213806697851,-0.0024604581832742478,-0.017698856937422056,1,0,-0.010898094206032178,0.006365258211046128,0.005489756289711487,0.07385076764593505
R001554,243,1755616461000,1755616380000,1755616440000,1,-0.020369265848791555,-0.023299439732862356,-0.015156398044258626,-0.017222750262866543,-0.022596717869929214,-0.013958178289695627,-0.011806935012280292,-0.015662672838734928,1,0,-0.016442711550800737,0.0035601548998127775,0.006505367250595048,-0.29260403054827505
R001555,244,1755703009000,1755702900000,1755702960000,1,0.03657005662460428,0.03157662328241832,0.03303985407820009,0.03825474679850442,0.04473069539632055,0.02833895831846594,0.019647712255961337,0.052298983597010615,1,0,0.034804955351402184,0.013709884145263397,0.010811620064188546,0.11819275262721037
R001558,245,1755871205000,1755871140000,1755871200000,1,0.010773081738729892,0.009986971728733597,0.01137201166852941,0.006532876860545967,0.007319008015254496,0.003948932339759908,0.006112928061060797,0.01107638477353809,1,0,0.008652989871994046,0.0025712083490397036,0.0036220596715836936,-0.1696763839453882
R001565,246,1756064056000,1756063980000,1756064040000,1,-0.006205500675490751,-0.013534327830734785,-0.008388305626634856,-0.0048074000995443015,0.00798173768695049,-0.007418613080714677,-0.0035243805886042254,-0.010036528371226497,1,0,-0.006812056878102714,0.009040735427275846,0.004973371222877927,0.2902335700687199
R001567,247,1756152020000,1756151940000,1756152000000,1,-0.034344841627488444,-0.025786586863091335,-0.029107799005088347,-0.018176417323875926,-0.022810252331427687,-0.01787138778371838,-0.013142686249414,-0.02426056897096212,1,0,-0.023535410651194903,0.008028373634628713,0.008190909665093492,-0.010021159841727618
R001568,248,1756154044000,1756153980000,1756154040000,1,-0.030089170799512593,-0.030609804988599217,-0.030850775720475933,-0.03663759727461072,-0.032716233463204555,-0.024190294449518878,-0.024233672015119494,-0.03079907475882657,1,0,-0.030704439873712894,0.006492456641393708,0.0039724754951947425,0.24080243553499764
R001569,249,1756170078000,1756170000000,1756170060000,1,-0.010536190550862534,-0.0037028135360348963,0.0014712581909167328,-0.004747413428819452,-0.005163006005829606,0.005040102307324525,-0.0029569417220484326,-0.004941676902070842,1,0,-0.004225113482427174,0.007480793731547803,0.003624484795918896,0.34725008707265587
R001571,250,1756326061000,1756326000000,1756326060000,1,0.008483980157896582,-0.00043426862609194014,0.005046156382046028,0.009176657304797624,0.006119758144497782,0.0044068465466134575,0.007564877574858182,0.0068785410324853045,1,0,0.006499149588491543,0.00233116914285556,0.004512860628230784,-0.3187729390938822
R001578,251,1756823479000,1756823400000,1756823460000,1,0.01831134743953622,0.027200406324174472,0.02125539170563234,0.02135616472505858,0.024659287891161646,0.020798290156762315,0.023912475444940767,0.024263570615247306,1,0,0.022634320084999673,0.0032955270226683857,0.0030795012868504064,0.0338862394533093
R001580,252,1757082181000,1757082120000,1757082180000,1,-0.026686322116481496,-0.017481611893477467,-0.01019898440246164,-0.016390422706490382,-0.015205321385964927,-0.011389343085348114,-0.010661956163524122,-0.02660374551797602,1,0,-0.015797872046227655,0.005367401763234774,0.010847161771001104,-0.3379529764212409
R001581,253,1757107007000,1757106900000,1757106960000,1,-0.0009594012223283926,-0.000537148729862322,-0.006251776473593073,0.004770651249796874,-0.0011986097563491751,-0.0019479375736240838,-0.0014762571368000265,0.0011164453543271939,1,0,-0.001079005489338784,0.004022553791400818,0.003020851534269795,0.1422184597953192
R001584,254,1757232276000,1757232180000,1757232240000,1,0.0035208141000718464,0.004342254923086002,0.003257331870306505,0.0030889123474651596,0.002665375941897067,0.004229826539100327,0.003999338775106134,0.0019749546344821935,1,0,0.003389072985189176,0.0008969677459039886,0.0010689076969995456,-0.08746228135471659
R001585,255,1757322518000,1757322420000,1757322480000,1,0.0033924818236399997,0.007591810439545304,0.0003093580844471684,0.0028342012358751134,0.005332082068436713,0.0006198255832209204,-0.006418940958691378,0.004226643001683595,1,0,0.0031133415297575568,0.0033486047242334517,0.006168132966879661,-0.29627045886524034
R001586,256,1757426746000,1757426640000,1757426700000,1,-0.004051063194395095,-0.0031850835890943332,-0.002901404379835455,-0.003109913301137992,-0.003185440691286032,-0.002475248788542877,-0.002572679576940147,-0.009875362254175441,1,0,-0.0031474984451161626,0.0006235342623746505,0.003815714279169106,-0.7190811658597447
R001587,257,1757507402000,1757507340000,1757507400000,1,0.0036168073159279827,0.0037225392541999068,0.0013457141043092423,0.0022005863268103063,0.004561011327562667,0.002386952466027357,-0.004956851444899487,0.005467996023849815,1,0,0.00300187989097767,0.002012623784728571,0.004807448561272792,-0.40979400727073495
R001589,258,1757593803000,1757593740000,1757593800000,1,0.01039984469684075,0.015140769052542746,0.0074876935990558415,0.01493836595356827,0.011224722185546142,0.0023020856822350963,0.0038342966039010416,0.01876227645552282,1,0,0.010812283441193445,0.006139239312839337,0.007744092298125376,-0.1155956675426931
R001591,259,1757640282000,1757640180000,1757640240000,1,0.013680608988486482,0.016241505588774137,0.006391892613759877,0.02580838104294234,0.012668243649038112,0.005077245105101637,0.006358789832927089,0.00538666880955138,1,0,0.009530068131398995,0.011494875184459243,0.004298111174072487,0.45569367610445005
R001596,260,1757781825000,1757781720000,1757781780000,1,-0.0036539794873681705,-0.0013004721287468955,-0.0005762581796038856,0.0057490858382224985,-0.005256112932053343,-0.0008429571433995342,-0.0005017981204231171,-0.0029909888511813233,1,0,-0.0010717146360732148,0.0036953584949729053,0.003383331573637542,0.04407975463129926
R001599,261,1757910258000,1757910180000,1757910240000,1,0.006013912741249193,0.003459356056749595,0.004131017972712407,0.008552543044618008,0.005918829049857561,0.0010344828508753563,0.003321710411824634,0.006754556158481051,1,0,0.005024923511284984,0.002628626090264546,0.002846826879934989,-0.03985072848913377
R001603,262,1758087914000,1758087840000,1758087900000,1,0.001634397169949602,-0.0008543358059155315,0.0013946540530536894,-0.00026377767463342094,0.0027560881019799838,-0.00043746446298958974,0.0023442743488878764,-0.00038663946352133664,1,0,0.0005654381892101342,0.001984743036223796,0.001211338323662695,0.24198530183492217
R001608,263,1758204054000,1758203940000,1758204000000,1,0.0037050996185457492,0.0005285734738528326,0.0008984149997865732,3.559288854475431e-05,0.0012033037605729694,0.0024165024273290103,-0.0024817757425594413,0.0012748022698972664,1,0,0.0010508593801797713,0.0020099416427576088,0.0022739508071871147,-0.0616283362652843
R001610,264,1758236629000,1758236520000,1758236580000,1,-0.0012779498715560515,-0.003644171340643006,-0.005794852951388773,-0.013664697515187684,-0.008109467591631387,-0.0034750215077245204,-0.01987188831264435,-0.00020328095530738741,1,0,-0.004719512146015889,0.0039788967325841695,0.012048780767900127,-0.5034967814315029
R001614,265,1758522519000,1758522420000,1758522480000,1,-0.02625850049725835,-0.03249605332624812,-0.02866572560259966,-0.04070150533401377,-0.040880729946544216,-0.03719607821077194,-0.023497971267303987,-0.043851258293732556,1,0,-0.03484606576851003,0.00996782988622886,0.007519928351628357,0.13997800640343513
R001615,266,1758527413000,1758527340000,1758527400000,1,0.0029204555095261515,-0.008603745491554222,-0.0014565092540962774,-0.0095410189390793,-0.003533787872844396,-0.0073363760200686355,-0.00314355829949966,0.002626519965925492,1,0,-0.003338673086172028,0.006112160823897849,0.005733709129144733,0.03194798661924462
R001630,267,1759153378000,1759153260000,1759153320000,1,0.004006938377670174,0.0031941178005675196,0.002767028612631608,0.003297183030468097,0.0011350023287942017,0.004451397225787633,0.003990573044662836,0.0002846975108197408,1,0,0.0032456504155178086,0.0009835173862110945,0.0025358004957108373,-0.441074992819923
R001638,268,1759507253000,1759507140000,1759507200000,1,0.011637700391318615,0.018536172047097173,0.008445774964552285,0.01391541916230393,0.015706524525254863,0.008286993392373636,0.014383979500968537,0.017143784599298054,1,0,0.014149699331636234,0.00369027899156138,0.005783315153173273,-0.2209336952412286
R001641,269,1759631445000,1759631340000,1759631400000,1,0.0029212922619761272,0.004660373350265981,0.003877346013047849,0.006004113545839045,0.005950273417099527,0.00983614487671297,0.007452609019570152,0.004253785036730641,1,0,0.005305323383682754,0.0033390535644588068,0.0019060042461707656,0.273218974895537
R001642,270,1759639553000,1759639440000,1759639500000,1,-0.002594753290103953,0.001552259711474981,-0.0026831425408667745,-0.0008883911049926431,0.00023299161335611876,-0.02180835399288445,-0.008440265248070917,-0.004149105865258071,1,0,-0.0026389479154853637,0.0035315735779009134,0.01248536170499232,-0.55902006026424
R001643,271,1759656621000,1759656540000,1759656600000,1,-0.005323997323169608,-0.004205345704422,-0.0060020843038148825,-0.0001137462322786238,-0.003991565999893802,-0.003778238580792868,-0.003158509815580081,-0.0007442268046253602,1,0,-0.0038849022903433353,0.0034559157718913433,0.00177813852314891,0.3205502186578923
R001645,272,1759750174000,1759750080000,1759750140000,1,0.0040401003763555765,0.0012445552322047017,0.00253663231373616,0.009217721512809014,0.001996125831589782,-0.000831186150421792,0.0020023367277409183,0.0018509745471147114,1,0,0.00199923127966535,0.004629679664916945,0.0017925467387738953,0.4417678150543798
R001647,273,1759777003000,1759776900000,1759776960000,1,0.001787321969459562,-0.00029581423082146924,0.0011506913636326521,0.007513518701530536,0.0009102287578046769,0.0013334446512847991,0.0008322930151693695,0.0013235139086432144,1,0,0.0012371026361379333,0.0034133176993571155,0.0009688632439639832,0.5578168695016431
R001650,274,1759854254000,1759854180000,1759854240000,1,-0.02307249805279884,-0.007255495820017115,-0.008477412753176072,-0.019131537080252725,-0.012252405529016002,-0.0058656253743408545,-0.00795439089463829,-0.011009118561050343,1,0,-0.009743265657113209,0.003182705059934224,0.011358751909412573,-0.5622577480862716
R001653,275,1760027026000,1760026920000,1760026980000,1,-0.008767715511765615,-0.013130488639631427,-0.009168648449745593,-0.006677479185723685,-0.006474932346380852,-0.010336447193636737,-0.0024360547978811158,-0.007359138941106188,1,0,-0.008063427226435901,0.0036079336543049173,0.003670040690198181,-0.008533560707062923
R001663,276,1760148812000,1760148720000,1760148780000,1,-0.008318643028628035,-0.0064152892600566475,0.009352388263104682,0.013452189611890757,0.01097977472898758,0.023471842943639642,0.022629338130759902,0.005217153871769664,1,0,0.010166081496046132,0.01288450904115364,0.017533047640388474,-0.15282419452367277
R001665,277,1760166546000,1760166480000,1760166540000,1,-0.005385014060838067,0.003180699144397345,0.0057332936440520985,-0.0035079488314793735,0.0023192897910909917,0.0025356268973670657,-0.007948565694304617,0.005582151656220465,1,0,0.0024274583442290285,0.003230264305907253,0.00909424822180037,-0.4757984466087299
R001666,278,1760167635000,1760167560000,1760167620000,1,-0.004561818062617966,-0.007138022406679429,0.0026275829052161675,-0.0039777916326888,-0.0006113403827875299,0.002714251477869843,-0.0030154564877438177,0.00794392751877731,1,0,-0.0018133984352656737,0.00714248793358925,0.004036521799383024,0.2778391117278697
R001669,279,1760215617000,1760215500000,1760215560000,1,-0.01686291892121204,-0.01403214152279563,-0.02155671646694248,-0.020601353682295563,-0.020070759755219995,-0.030989452416933957,-0.03678437024531449,-0.025425841457012623,1,0,-0.021079035074619022,0.005631504852615187,0.0128078762565052,-0.3891872162857177
R001670,280,1760235204000,1760235120000,1760235180000,1,-0.0035683088413158465,-0.0004612280277787514,-0.010300078186707057,-0.010572254809354956,-0.01009704867996614,-0.004123269730642677,-0.0016077173880968524,-0.011931403228994652,1,0,-0.0071101592053044085,0.0060756864973666065,0.004141669813870395,0.18928738751815757
R001671,281,1760238591000,1760238480000,1760238540000,1,0.00820754800937424,0.011085827817587492,0.005961205602005487,0.006681295390837545,0.008962928119698258,0.009066440949991556,0.007388950242500128,0.00788876833504326,1,0,0.00804815817220875,0.0020279762115807736,0.0017269076757872345,0.08018051817963767
R001672,282,1760239729000,1760239620000,1760239680000,1,0.010246866419751567,0.007421920135005916,0.0051063940745740555,0.009108222360227626,0.009525393501336864,0.005671800747081503,0.014865004666968032,0.008102915569105898,1,0,0.008605568964666762,0.003950366578693037,0.003216471553838983,0.1024015069522397
R001673,283,1760250419000,1760250300000,1760250360000,1,0.002471572936370941,0.0031508276253634283,0.007945725279806625,0.010360595900659181,0.003712301247077461,0.012683818707140351,0.004447459714098097,0.004599824117745481,1,0,0.004523641915921788,0.006998565387977978,0.0017124416350546036,0.6068326817951646
R001676,284,1760285120000,1760285040000,1760285100000,1,0.016060791766303508,0.024925860832348434,0.016339511231406947,0.03674413306845339,0.021940068750772868,0.012836362072458984,0.012107812997431428,0.037447887565497544,1,0,0.01913978999108991,0.017956220325885557,0.006667702456144703,0.4584370236077433
R001678,285,1760291475000,1760291400000,1760291460000,1,0.003317656831419516,0.0027948882123749576,0.003466207976486329,-0.002573254157044218,0.0014564523401850524,-0.0027379219050331764,-0.006880547832796359,-0.009400095473887425,1,0,-0.0005584009084295828,0.003950333312382506,0.00758192074491231,-0.31490699168499636
R001680,286,1760303584000,1760303520000,1760303580000,1,0.002366126319833426,0.0034718711480319873,-0.0009422481165113436,9.547450837895001e-05,0.0004295840260808185,-0.004671744494010154,-0.005006036226174858,-0.0032835617024637347,1,0,-0.00042338680406619675,0.0033423855379989035,0.0044155035560263095,-0.13832603238087982
R001683,287,1760363116000,1760363040000,1760363100000,1,0.004487263939417482,0.007786956295845692,0.006575154224024003,0.017629199080377318,0.009502586877369192,0.008011546549020275,0.0035078038368721053,0.0067181462451285255,1,0,0.007252551270487109,0.006313341708386147,0.0032550173823423147,0.319628924567357
R001685,288,1760417506000,1760417400000,1760417460000,1,-0.017662696147250592,-0.02516903166920481,-0.01852815428489978,-0.02052744425411307,-0.019187947608753076,-0.016978336534417906,-0.014020231524263935,-0.019968590667829935,1,0,-0.018858050946826427,0.003358766917485507,0.003990187014832513,-0.0859197245161996
R001687,289,1760458933000,1760458860000,1760458920000,1,0.04508966044234561,0.051879370115582905,0.03478506681426539,0.03588825132080642,0.03853568661709968,0.02515789753380116,0.027782189368125255,0.04320029639607267,1,0,0.037211968968953055,0.011272546310011202,0.010741925517989847,0.024103271528251636
R001688,290,1760470640000,1760470560000,1760470620000,1,0.004494946509901397,-0.002023143469679621,-0.004871046922678354,0.0029410344222542827,0.0035610036917909367,0.014004965801890673,0.002989538848365986,0.0009459744241276895,1,0,0.0029652866353101345,0.0062846695205859004,0.006412381831489122,-0.010058422807146514
R001691,291,1760629281000,1760629200000,1760629260000,1,-0.018850864745935596,-0.027034293507590273,-0.01965287508643758,-0.024293108477458324,-0.019490871888038733,-0.024248104222373133,-0.013298837223988365,-0.023889656357503144,1,0,-0.021771265721970363,0.005696414737008383,0.003892435270553935,0.18813303629024605
R001694,292,1760689013000,1760688900000,1760688960000,1,-0.015028792323978286,-0.015465820175585286,-0.023838182957994062,-0.0194916233796556,-0.020977498179311643,-0.034514137987041754,-0.05049123934959411,-0.03641000368499531,1,0,-0.022407840568652852,0.007160534318871066,0.021042780948641857,-0.4922203825364315
R001696,293,1760754886000,1760754780000,1760754840000,1,-0.000801806435163939,0.001517039896513784,0.0038191734366130625,-0.00021360675078559044,0.000948166948405626,-0.0012121881477712268,0.00105741788429483,-0.005180587404587246,1,0,0.0003672800988100178,0.0023008265677534057,0.003563667874989254,-0.21533677277137175
R001697,294,1760760302000,1760760240000,1760760300000,1,0.0014759499403881092,0.0022280801544165836,0.005410292728247479,0.0009669102601187388,0.0006351222823848089,-0.0029859021354849014,0.0012690357033049863,0.0038318811107041655,1,0,0.0013724928218465477,0.003248594097629275,0.002547882748396594,0.12088573246231403
R001699,295,1760866878000,1760866800000,1760866860000,1,0.004398076280122247,0.0033613477027049274,0.00021407317102729184,0.00026653162555505803,0.0003186743175472344,0.001095170408443555,-0.0013054832141302603,-0.004428228168475353,1,0,0.0002926029715511462,0.0035871090198624413,0.0031594586628539527,0.06338784062065501
R001700,296,1760871680000,1760871600000,1760871660000,1,0.003283631806089682,0.008647956912096055,0.00836754593059638,0.022695788632912824,0.012157256965471104,0.008289868220392585,0.017695803407692657,0.012914767116544913,1,0,0.01040260693878358,0.00979318908151916,0.004615856925542447,0.35931123777656054
R001704,297,1760978607000,1760978520000,1760978580000,1,-0.020969325537498466,-0.021252151128759205,-0.013919072141483713,-0.007383814344533438,-0.012205380178379249,-0.008124550097903874,-0.006661140366782199,-0.016761361765448048,1,0,-0.013062226159931481,0.006039748804273663,0.008048512173197355,-0.14258419631322625
R001705,298,1761011748000,1761011640000,1761011700000,1,-0.006567321994047914,-0.011048662271678573,-0.007025222691732968,-0.008579437016519082,-0.003784156487246566,-0.0007488633674385272,-0.0029282597790884456,-0.004627544759590459,1,0,-0.005597433376819187,0.0037588718035557003,0.0042166162672796405,-0.05739391240491152
R001707,299,1761052168000,1761052080000,1761052140000,1,-0.004265399532942916,-0.0001613120046514774,-0.004087452275341428,0.0007204611262646558,0.0032540510622888273,-0.0026946930884240612,0.003603607503298618,0.0037097575836493326,1,0,0.0002795745608065892,0.003377107982667386,0.004456000464948761,-0.13773490939088356
R001708,300,1761059270000,1761059160000,1761059220000,1,0.03374014143058826,0.03860220910656504,0.028217910175017714,0.03736225042707597,0.03652684968081964,0.020634561024169693,0.04588428468896768,0.031009814203570022,1,0,0.03513349555570395,0.007109751342062411,0.010707259956110245,-0.20191425788773013
R001711,301,1761081701000,1761081600000,1761081660000,1,-0.004103573935242896,-0.007124925363118719,0.0007684685609427712,-0.00245965538256529,-0.003630317101557804,-0.001889367624075119,-0.0006120575525153353,-0.0035100462257132486,1,0,-0.0029848508041392693,0.0030630563083529874,0.0026293988450415383,0.07618109438294837
R001712,302,1761084544000,1761084480000,1761084540000,1,-0.008340932247403015,-0.005027504697896966,-0.00783557464240738,-0.008688064693243625,-0.007877635042261522,-0.004404831453473362,-0.006522648482083421,-0.006016731242857834,1,0,-0.007179111562245401,0.0024629434865602365,0.0013353869080779193,0.2968558448928013
R001715,303,1761115176000,1761115080000,1761115140000,1,0.006617601587546286,0.005372709855071592,0.0070009037036537,0.00569563917261654,0.003931749973347284,0.005731294412264918,0.003353597777297698,0.003700229081680115,1,0,0.005534174513844066,0.0012750781317559272,0.002007261084355159,-0.2230674236853319
R001718,304,1761141488000,1761141420000,1761141480000,1,0.003580636213568765,0.0003770434452575463,0.0006251432823565013,0.0017767563202573473,0.003603607503298618,0.003979569651052298,0.0006348534759834844,0.0013749644102578826,1,0,0.001575860365257615,0.002215728211917843,0.0010747670014505913,0.34674452824967505
R001720,305,1761144386000,1761144300000,1761144360000,1,-0.012872708749346817,-0.015618090160965652,-0.00769878279602673,-0.008264727379542048,-0.012642393415176468,-0.009629503676139168,-0.004891025167618321,-0.0086175022166633,1,0,-0.009123502946401234,0.002828598964578708,0.005121896508755001,-0.28844712280739077
R001721,306,1761150639000,1761150540000,1761150600000,1,0.009409746347215038,0.006162255355557631,0.005147208652350205,0.00936419701360268,0.00426642031370121,0.00540074762730461,0.0068027473227524,0.006609789274302728,1,0,0.006386022314930179,0.0030009493654786796,0.0016792078319044718,0.2824139185566763
R001722,307,1761153618000,1761153540000,1761153600000,1,-0.0030098528108410978,-0.0013089720985446627,-0.002048452880763928,-0.0021406017519391292,-0.002212739957681957,0.013828810181738956,0.0021159550848612665,-0.006965460047726213,1,0,-0.002094527316351529,0.010066909949651641,0.0028931291129321267,0.5535308035784052
R001724,308,1761159413000,1761159300000,1761159360000,1,0.001181813892652936,-0.0023741832646848285,0.00042075146831869835,0.002941487571048597,0.0007973846208317399,0.004052474352641766,0.006578273058939076,0.0026151402380411993,1,0,0.0018984770653470676,0.003416896640443353,0.002875192963530133,0.08609281033937144
R001726,309,1761166316000,1761166200000,1761166260000,1,-0.002898816043757402,-5.547080850116181e-05,-0.002655260447796271,-0.0018378014571705525,-0.005748977826921788,-0.009516243960882676,-0.007416073823736953,-0.00429733530083384,1,0,-0.003598075672295621,0.002651439539459764,0.004868083220014193,-0.2947851547841447
R001727,310,1761181963000,1761181860000,1761181920000,1,0.005879275692045649,0.009027281418265698,0.00287271542242083,0.006303535081435141,0.006716801200039145,0.0028135501733005863,0.004642337942752734,0.00418143358535854,1,0,0.0052608068173991916,0.0026112344917532298,0.0024176740195384835,0.0384895592711884
R001728,311,1761200138000,1761200040000,1761200100000,1,0.0031744448959851825,0.004057020142877237,0.002464341409636256,0.002968365673905434,0.0037956711709997725,0.005278193974135106,0.006376654333581494,0.005749124723284164,1,0,0.003926345656938505,0.002136543871494324,0.0012099921151676597,0.2768689056443876
R001729,312,1761238459000,1761238380000,1761238440000,1,0.003614864458272891,0.001042861706778586,-0.003738322110607104,0.0007145409378688503,0.0024813908513852544,0.0005312085118276619,0.0020610065003688425,0.0061721535523545125,1,0,0.0015519341035737143,0.0033415749017399873,0.0031554909029634353,0.028641236578185826
R001730,313,1761253094000,1761253020000,1761253080000,1,-0.0029452503537879264,-0.009020409391127157,-0.00279056388008032,-0.0055316674551302136,-0.003726712387696163,-0.0016005978981371756,-0.003939870311541507,-0.007070010768579442,1,0,-0.0038332913496188347,0.001637710460510087,0.004211918730234465,-0.4400634956139378
R001731,314,1761309002000,1761308940000,1761309000000,1,-0.00019729802943035764,0.006814602281403082,0.00689756423213523,0.004568767782742285,0.008620743043906955,0.009181076488438081,0.016161967956998122,0.008638996728504907,1,0,0.007759153638021092,0.00491236858469701,0.005573418761365129,-0.06304249312440728
R001732,315,1761313165000,1761313080000,1761313140000,1,-0.004816404734586561,-0.006052629636297835,0.009327075737242533,-0.005962022510743243,-0.0042793890769858055,-0.0066397173072246995,-0.0026018227426406622,-0.003525563964038887,1,0,-0.004547896905786183,0.007910523403087118,0.0017982765659750842,0.6295573970613416
R001733,316,1761318744000,1761318660000,1761318720000,1,-0.004423763782600064,-0.005710259904167856,-0.007316909704094743,-0.005168763586425762,-0.004324999018601346,-0.0034520668205553105,-0.0032167297540137475,-0.00499263490261825,1,0,-0.004708199342609157,0.001373801055324628,0.0018053854615221426,-0.1357530940416718
R001735,317,1761340204000,1761340140000,1761340200000,1,0.0009722329034385894,0.0012401179701226931,0.0006787646744000649,0.0023343154819820936,0.0035095786385672574,0.005803125093864928,0.004400007098687268,0.003365873255105113,1,0,0.0028500943685436033,0.0022514717277324946,0.0020245955796242762,0.05305719760722399
R001739,318,1761598588000,1761598500000,1761598560000,1,-0.016428963244485974,-0.005512140635250536,-0.015082104754570372,-0.00766173639979587,-0.007739285541213977,-0.017104574404334945,-0.00287511428961499,-0.009890847439559793,1,0,-0.008815066490386884,0.004621439027954121,0.007951702334023576,-0.26487122113654654
R001741,319,1761683981000,1761683880000,1761683940000,1,-0.022723809755113,-0.02124682203272761,-0.016246224186342296,-0.03161042881409027,-0.025664105426122397,-0.02215929816870969,-0.014876159271167895,-0.029821285105314375,1,0,-0.022441553961911345,0.00688036223315625,0.008274302997790977,-0.09198096714061171
R001742,320,1761685642000,1761685560000,1761685620000,1,-0.01128514430820543,-0.00590369399839634,-0.007386921863074824,-0.011255217169028066,-0.007903954359988384,-0.009891889005097253,-0.011696039763191298,-0.007906518852320778,1,0,-0.008899203928709016,0.0022538959979734336,0.002591388106989349,-0.0696537296275855
R001743,321,1761751691000,1761751620000,1761751680000,1,-0.0011617907971233313,-0.0009027987372137881,0.0054293278385089995,-0.0007256142124113945,-0.00015533980613756737,0.0,0.010243597524082318,0.0041346292259827186,1,0,-7.766990306878368e-05,0.007914132584364443,0.000954624864099776,0.7847218464036163
R001745,322,1761762931000,1761762840000,1761762900000,1,0.007143881567433921,0.010001352562916616,0.009000212016847847,0.020024286671702803,0.021638226265309694,0.007154043308652942,-0.001426025197094139,0.018270843573946437,1,0,0.009500782289882232,0.011330474178624017,0.00664185410471234,0.2608799483291704
R001748,323,1761789593000,1761789480000,1761789540000,1,0.0015979146413333716,0.004101938787501837,0.006808967418731198,0.0017608373703911799,-0.00015546055219800534,-0.002018367826186443,-0.0008903927219896264,-0.0076388687887051065,1,0,0.0007212270445676832,0.0047342260585488335,0.005549845352013458,-0.07930898774457551
R001749,324,1761796790000,1761796680000,1761796740000,1,-0.0037669898628552422,-0.0053709087359162435,-0.003333207225440447,-0.0049003270370857905,-0.005421746686756614,-0.008565578646387026,-0.0030338204763259956,-0.005059125445495641,1,0,-0.004979726241290715,0.0017962123904074938,0.002013936425281105,-0.05714318400822423
R001750,325,1761798378000,1761798300000,1761798360000,1,-0.01845285038358604,-0.02392802597193536,-0.022393531693844646,-0.02479336162074741,-0.02570271564096636,-0.02041303784653377,-0.012594624920400456,-0.027307352950247565,1,0,-0.023160778832890003,0.007637041180896755,0.0033442554627169593,0.3909179268621533
R001754,326,1761867271000,1761867180000,1761867240000,1,0.006189805424568727,0.008290202920473881,0.00374509152258835,0.012010660502141548,0.00434856012236137,0.007653786083178611,-0.007759137394149947,0.005869334690906649,1,0,0.006029570057737688,0.004120861653570027,0.008036592993518487,-0.3220847992952378
R001755,327,1761885627000,1761885540000,1761885600000,1,0.009896804393453683,0.007977188855577117,0.00926325819628316,0.0056301577913446125,0.009172873490628496,0.008502548831437511,0.009740336748384586,0.01235818705802236,1,0,0.009218065843455827,0.001909429882282195,0.002414392519994962,-0.11678616527978265
R001758,328,1761921305000,1761921240000,1761921300000,1,0.0016307371531963705,0.006360766561810458,-0.0014405188357922189,0.0047974649327268155,0.00604132786910413,0.006201081408637504,-0.0018079918141436508,0.008892563903359458,1,0,0.005419396400915473,0.002207268831669485,0.007043651725883407,-0.5228001758446913
R001759,329,1761923283000,1761923220000,1761923280000,1,-0.0016498469799456092,0.005619183572642471,0.005170642336922962,0.000160844972601061,0.0029225544426018666,0.003878614852412102,0.0025284463533586906,0.006351794077350489,1,0,0.0034005846475069846,0.002584904177489495,0.004145085651179259,-0.2318252350164963
R001760,330,1761936245000,1761936180000,1761936240000,1,0.008537065977657328,0.0034516267684106075,0.00589220591565953,0.005299314840331672,0.004308922808765068,0.0020032691606362385,-0.005852247865781614,0.006125232649738694,1,0,0.00480411882454837,0.002527030489149641,0.006728608177121058,-0.45394789484195863
R001761,331,1761940007000,1761939900000,1761939960000,1,0.009056381044508935,0.01330254410668736,0.008393097292476356,0.011480812799881165,0.010528144621702606,0.010381260326699704,0.001648804990183664,0.017423160203205293,1,0,0.010454702474201154,0.004908149680745173,0.0054337513328711435,-0.05082253750388397
R001764,332,1762099234000,1762099140000,1762099200000,1,7.27008360916301e-05,-0.0031523478466363585,-0.006621219993640331,-0.001743774623108529,-0.0011679320590147874,-0.003552762200122408,0.005262180907958604,-0.0005838052591526053,1,0,-0.001455853341061658,0.004123294213086775,0.003631137755819711,0.0634677638852852
R001765,333,1762122876000,1762122780000,1762122840000,1,-0.0009501213027908069,-0.0010272769955333623,-0.00328118416905328,-0.0014167395569326285,-0.0036666707746995553,-0.0012207529491595568,-0.0005632216425991138,0.0007588360986381048,1,0,-0.0011240149723464594,0.001221822200365955,0.002349912499529958,-0.3158382113869986
R001771,334,1762171470000,1762171380000,1762171440000,1,0.002149468382624735,0.00011397310247133651,-0.0002913571018091241,0.005174804556084714,-0.0019079010210295345,-0.004672144099560707,0.004011849874130511,0.003491710742997225,1,0,0.0011317207425480358,0.0034616064725595764,0.0044217433028431565,-0.12179300140650298
R001774,335,1762190483000,1762190400000,1762190460000,1,0.009927075947369215,0.011122400643957198,0.009659058161532749,0.011793284864718461,0.012639242579023262,0.0047212317912629235,0.0021278661670366683,0.011484845180927865,1,0,0.010524738295663206,0.0016915254262076553,0.007100189316513411,-0.6152001115349831
R001779,336,1762266739000,1762266660000,1762266720000,1,-0.00020024659004054228,-0.0006853369322168608,0.0006204023951541847,0.0004931878529162661,0.0035504101576315696,0.010868415457363723,0.0010126583143861855,0.007842647188707216,1,0,0.0008165303547701851,0.008539000968265285,0.0012593221158988866,0.7429515019903408
R001782,337,1762290877000,1762290780000,1762290840000,1,-0.00887671877043444,-0.0026826332049668046,0.0004655710312691647,0.014800968941911264,0.002547272857708302,0.002412546405383926,0.006346541293928243,0.010046099453932653,1,0,0.0024799096315461138,0.009943624566375844,0.008259585619246737,0.09251329463081237
R001786,338,1762373576000,1762373460000,1762373520000,1,0.005366131119236529,0.005229654765068606,0.018840761270535182,0.0008956026511405824,-0.0011005136840727748,0.004723355610130362,0.0014269699699944937,0.004189310309725942,1,0,0.004456332959928152,0.007647113234957704,0.004558788476394248,0.25301897652438055
R001789,339,1762426970000,1762426860000,1762426920000,1,0.002565894517220501,0.0005036831939263774,-0.0012137502031923618,0.0015341661749238074,-0.0011204482964897178,-0.0006882312728641304,0.0014584855174194701,0.0016170330972639596,1,0,0.0009810843556729237,0.0011103794515693066,0.0021481836055139633,-0.3184852144225781
R001790,340,1762447353000,1762447260000,1762447320000,1,-0.013193449641796803,-0.007917391942425616,-0.007360234286165064,-0.007366631771153262,-0.0067095047063752645,-0.012753796062570353,-0.011309199804039265,-0.011357462803763731,1,0,-0.00961329587323244,0.002578426376962276,0.0033603269789511375,-0.13166072997631686
R001791,341,1762448333000,1762448220000,1762448280000,1,-0.007683813170736584,-0.003726073949902399,-0.003496820563094514,-0.0037147846905804293,-0.0049779922823778066,-0.003819228066995384,-0.00575387842109164,-0.003739357587602239,1,0,-0.0037792928272988116,0.0001734902004613399,0.0029395529686153006,-0.8885398042759562
R001796,342,1762697383000,1762697280000,1762697340000,1,0.002898301230511487,0.001817441668440996,-0.0024193382817055925,-0.0011960701981217807,0.0003553660307475857,0.020571491767190673,0.002418868343262059,0.003673749741101689,1,0,0.0021181550058515276,0.010004465748294653,0.003925859245765214,0.4363578383936816
R001803,343,1762873935000,1762873860000,1762873920000,1,-0.007769481173741918,6.172268001858387e-05,0.007032780346161441,0.00536557724526982,0.004859433373746647,0.008146484666589156,0.005656895998133922,0.005345420394029725,1,0,0.005355498819649772,0.002234133686725527,0.00920937806651144,-0.6095370486086024
R001804,344,1763003734000,1763003640000,1763003700000,1,-0.00936585071379833,-0.008082843414222786,-0.004039904705302858,-0.006455421478717296,-0.008032171697264378,-0.0074093208792435335,-0.004279329619374368,-0.009994165637908725,1,0,-0.007720746288253956,0.003561129125915343,0.0019592618875995714,0.29017278565849974
R001806,345,1763013621000,1763013540000,1763013600000,1,0.013347194356282214,0.011858865452620245,0.008659806408595887,0.007644948233558133,0.012076154570747207,0.015361898104702622,0.00684413317991745,0.013558241144105405,1,0,0.011967510011683726,0.002492559612720288,0.0047229693049459336,-0.3091124320442812
R001807,346,1763035202000,1763035140000,1763035200000,1,-0.001079414137187614,0.005649732542118907,-0.0022026881690691124,-0.0007393715678786329,-0.003006989088082576,0.008323770668584437,0.004175371410480813,0.0017176123056034634,1,0,0.0004891203688624152,0.006497631236489257,0.0030939589974382595,0.354860055114894
R001809,347,1763045482000,1763045400000,1763045460000,1,-0.006740757744796153,-0.005001147045770699,0.007847619255904303,-0.001488521486269888,-0.003932087282525191,0.0012912840135450132,0.001720677224079344,-0.003547132157502728,1,0,-0.002517826821886308,0.007301975061878132,0.0033531255733971178,0.3706064938896754
R001810,348,1763052945000,1763052840000,1763052900000,1,-0.012689097518395594,-0.012451984192197844,-0.008199143203731905,-0.013377539802896455,-0.016058739258148415,-0.013004348660755016,-0.011249148879926988,-0.014779894274893362,1,0,-0.012846723089575305,0.003122577047745858,0.0025725936769455835,0.09657012886651824
R001813,349,1763077960000,1763077860000,1763077920000,1,0.004868400774608303,0.009118604216434338,0.0029165793782169732,0.005982193398691884,0.0058573620464303635,0.003932531198577901,0.009682913318422432,0.006188989635315799,1,0,0.005919777722561124,0.003480981044867261,0.002495222434163687,0.16494729708624592
R001814,350,1763078936000,1763078820000,1763078880000,1,-0.005954180773250953,0.0001384466290458853,-0.0024177543942304784,-0.0008564787015670443,-0.0013248795351429525,0.000934142991796922,0.009484362737009928,-0.00448322991146985,1,0,-0.0010906791183549983,0.006299931982758423,0.004128026224005403,0.20827718290472913
R001815,351,1763094893000,1763094780000,1763094840000,1,-0.011444372778029817,-0.014208346002165083,-0.0111791329302416,-0.011198599423406414,-0.016266744673465273,-0.00867979305545264,-0.0019688921501174726,-0.015132257647940269,1,0,-0.011321486100718117,0.00599714349793306,0.004378015059984654,0.1560581873433425
R001816,352,1763102941000,1763102880000,1763102940000,1,-0.0142787929739503,-0.018246616559343662,-0.015612675822754577,-0.013354455521639793,-0.014519662689797463,-0.007529841057385137,-0.0193203836182747,-0.017776684526252334,1,0,-0.01506616925627602,0.004624020966763555,0.00371733083253316,0.10869822494560662
R001817,353,1763129394000,1763129280000,1763129340000,1,0.0013898853745007232,0.002014969017959626,0.0,-0.000311749854443602,-0.003932368417720965,-0.006573136504980386,-0.004136510551780279,-0.003898640415657309,1,0,-0.0021051951350504554,0.0038076223312806298,0.0032496283933298765,0.07906675839146259
R001819,354,1763146745000,1763146680000,1763146740000,1,-0.003280553065134577,0.0003539697746776127,-0.007438859751878805,-0.0005575344731691847,-0.0011790136952320094,0.003729028559866633,-0.005299645506216192,-0.0029740851832697206,1,0,-0.002076549439250865,0.004118048606522988,0.004292703189796633,-0.02076563278803099
R001820,355,1763171706000,1763171640000,1763171700000,1,0.012844154966706794,0.010199111003627602,0.008813735884775657,0.011544950221183266,0.013850636933898933,0.037347284841303056,0.011558436213285417,0.016109835892353295,1,0,0.012201295589996105,0.01452726477683207,0.0026948721457944755,0.6870455556239439
R001823,356,1763308411000,1763308320000,1763308380000,1,-0.004671930813667231,-0.0134056991659639,-0.01304130057059057,-0.012569389551603322,-0.01504705087694095,-0.02520087181351119,-0.011063419544255444,-0.015685477727699543,1,0,-0.013223499868277235,0.005355824689315896,0.007219674902328131,-0.14821281647137877
R001828,357,1763386146000,1763386080000,1763386140000,1,-0.013183551329686806,-0.008634165457324282,-0.007853966225884674,-0.00891536365795228,-0.014866377042557007,-0.012246973609973252,-0.00961545869944198,-0.013695912778304212,1,0,-0.010931216154707615,0.0026871503131031373,0.003349928755722994,-0.10978462184506876
R001829,358,1763390206000,1763390100000,1763390160000,1,0.004924999912798787,-0.001715021143532658,0.0017464906703048375,0.004795276197982149,-0.0012373686874697848,0.014375149172443456,0.014944982753409903,0.00633277879220225,1,0,0.004860138055390468,0.009799927907536211,0.00633633297089169,0.21464668690842134
R001831,359,1763417565000,1763417460000,1763417520000,1,-0.0018655083617352042,0.0013006390265498534,0.0012088526672028393,-0.0024310928889354033,-0.00043252595830021073,-0.005110651040983946,-0.004671482040603621,-0.0013552177951305056,1,0,-0.001610363078432855,0.0028651089253092015,0.003280703462360929,-0.0676223924253696
R001834,360,1763441246000,1763441160000,1763441220000,1,-0.013807096727849627,-0.008571587530793179,-0.009005724220801556,-0.009238241488234242,-0.01611725014052253,-0.0053949202925617275,-0.015006962692125444,-0.012772328836699404,1,0,-0.011005285162466823,0.00402203125078937,0.004556821253857164,-0.06233817433953295
R001836,361,1763479338000,1763479260000,1763479320000,1,0.02341989302297812,0.017184159418327582,0.019981918119958017,0.016646480787172815,0.023329040878795743,0.014845847538440054,0.031600765990132965,0.02811251858787567,1,0,0.02165547949937688,0.00820116278962744,0.005909315336570444,0.1624216722183135
R001838,362,1763593630000,1763593560000,1763593620000,1,0.006910942331719837,0.007088562503242319,0.0064607436810925675,0.001433505165008365,0.003272611189588279,0.004659487218625181,0.004528620337324804,0.008006328075814197,1,0,0.005560115449858874,0.001987329839669384,0.003207057272560552,-0.23481642906809513
R001840,363,1763645406000,1763645340000,1763645400000,1,0.0009867615817991755,-7.051937522747413e-05,0.0033014226090540026,0.0010738764810785432,0.0019278146700978562,-0.0016220603718679438,-0.005598894849913331,0.004153465365506778,1,0,0.0010303190314388594,0.002697124955841531,0.004640796642329497,-0.26488041068364987
R001841,364,1763647860000,1763647800000,1763647860000,1,-0.019085343989861437,-0.018201711179748215,-0.011836698967768278,-0.011425793971515573,-0.018740451527817288,-0.011848608641978897,-0.010607524659370367,-0.01812428083596926,1,0,-0.014986444738974078,0.003969785423531108,0.003926453019865285,0.005487727349730919
R001843,365,1763660120000,1763660040000,1763660100000,1,-0.02261893687489493,-0.006271981870704826,-0.013008474983141309,-0.02723877962419283,-0.02445556685636703,-0.014056571083027833,-0.021608985425586615,-0.007866162254166828,1,0,-0.017832778254307225,0.010763706191871399,0.008014394985972706,0.14641050124612964
R001844,366,1763693080000,1763692980000,1763693040000,1,-0.016124082907990875,-0.013008556647727121,-0.0132973397851847,-0.01312723961048202,-0.01451136831512723,-0.008650179136679823,-0.008058727361256962,-0.01292313913332809,1,0,-0.01306789812910457,0.004713444880136178,0.002249827482454482,0.35380167102427057
R001845,367,1763710369000,1763710260000,1763710320000,1,-0.01485246395017392,-0.014526983879340965,-0.005207813261059274,-0.005645842592678694,-0.00953978138746391,-0.009273278461860136,-0.012014055348635007,-0.007101742149470765,1,0,-0.009406529924662024,0.00397970199779304,0.005283193990095418,-0.14072186430752728
R001846,368,1763727812000,1763727720000,1763727780000,1,-0.021961380556268173,-0.02283608118857945,-0.028953467380776053,-0.028461518017770967,-0.03435213042193894,-0.025293058265816588,-0.027152970988832237,-0.029797831799224794,1,0,-0.027807244503301604,0.005408513630877793,0.004267736607280262,0.11789453512672758
R001848,369,1763735646000,1763735580000,1763735640000,1,0.0056066872836788495,0.0070821825762914115,0.009603229866023863,0.005586606708639776,0.013817145553141903,0.009049835519917856,0.033187474589932674,0.0070419909083824376,1,0,0.008066009048104634,0.015436301023432655,0.002469362051945321,0.7241808871807788
R001852,370,1763743934000,1763743860000,1763743920000,1,0.01184437372825106,0.011095374564060493,0.011242506380383103,0.007070226407605784,0.010401282479615545,0.008504485712887254,0.014773110928073778,0.010450289477657054,1,0,0.010772832020858773,0.0025359103073036467,0.002985475960612254,-0.0814226050296423
R001853,371,1763748433000,1763748360000,1763748420000,1,-0.009005029858412393,-0.010244559911452508,-0.00224352531388025,-0.014219757834100353,-0.009955162949887355,-0.017141564458559876,-0.01339657544988496,-0.01505024501521888,1,0,-0.011820567680668734,0.006196290094522413,0.004275337056220644,0.18344360533935353
R001854,372,1763750893000,1763750820000,1763750880000,1,-0.010239818328211471,-0.0075646829280108414,-0.010627630392738606,-0.012765980754533198,-0.006760045057719437,-0.004072349621281115,-0.0056779398748659895,-0.004405652879494972,1,0,-0.007162363992865139,0.002923362742477095,0.004534441580770763,-0.21602589293896177
R001855,373,1763758674000,1763758560000,1763758620000,1,-0.002042819800754238,-0.002895717147665321,0.0016435545559009932,-0.002006737575884988,-0.006129723741106598,-0.008120764584286918,-0.0035273405179684107,-0.0010756692940702866,1,0,-0.0024692684742097792,0.0027532111051251323,0.004655975688486979,-0.25681152822362774
R001859,374,1763966527000,1763966460000,1763966520000,1,-0.01037538293018887,-0.015544157991648596,-0.009093377389786807,-0.010003826325195473,-0.013248417311064895,-0.007383622921936023,-0.008789655563409885,-0.008912082331302725,1,0,-0.009548601857491141,0.001461962614818187,0.004847685793865604,-0.53659458653635
R001861,375,1764033899000,1764033780000,1764033840000,1,0.003920959666910869,0.006372215624240752,0.005167970158442598,0.004682922517630198,0.00398173614243907,0.0068616888399282506,0.004417456106722667,0.0033963753219861787,1,0,0.004550189312176433,0.0020667629199080683,0.0008915218177279088,0.3972711237794228
R001866,376,1764205501000,1764205440000,1764205500000,1,0.008562735380225306,0.005176284641096615,0.003647420457043568,0.005431281940492875,0.005960586194076294,0.0010374042772354909,0.0022046674371775455,0.005422080353812759,1,0,0.005299182497454686,0.0019624782896961136,0.003678146640248168,-0.30416281384782695
R001870,377,1764509010000,1764508920000,1764508980000,1,0.009742494938281944,0.014222719976029509,0.004006379135344587,0.004808664846022374,0.012578782206859965,0.005337774372140729,0.0,0.013158584994483509,1,0,0.007540134655211337,0.006150517830045172,0.0055369450875390434,0.052498369135613315
R001871,378,1764547446000,1764547380000,1764547440000,1,-0.012454736373647739,-0.030471223032827982,-0.015392008943714546,-0.020226018667336643,-0.02150106717450013,-0.01878667969464726,-0.012125814567812327,-0.021928525077834486,1,0,-0.01950634918099195,0.007216073710261917,0.006693524874339284,0.03756749935983968
R001873,379,1764593312000,1764593220000,1764593280000,1,-0.008414004906328302,-0.008857313738060289,-0.014653541922524087,-0.010509007243439658,-0.017396326955365905,-0.011971515779115044,-0.0003844675172309551,-0.009280809074472856,1,0,-0.009894908158956257,0.0054956719471766285,0.006130026279988739,-0.05456483734713126
R001874,380,1764600504000,1764600420000,1764600480000,1,0.0023032476006683246,-0.0016631691158064939,0.009483425810712286,0.0026637085672236507,0.008959216712637767,0.00744760743023759,0.0009552011424531346,0.006875156507367962,1,0,0.0047694325372958065,0.00445188872437922,0.005123416523972486,-0.07013121589088374
R001876,381,1764624700000,1764624600000,1764624660000,1,0.012098677078929011,0.007129441020619611,0.010259041780386544,0.008714814382478099,0.010294402644120581,0.007952587378683942,0.018214028037273185,0.00886441663352715,1,0,0.009561729206956847,0.005594623351144251,0.0020207150073050704,0.4693039462749387
R001877,382,1764664969000,1764664860000,1764664920000,1,-0.003654104033970491,-0.005605351588944821,-0.00343634392781835,-0.004660288790989501,-0.002316305243585683,-0.003342764748070527,0.006315206138160262,-0.0035632935983255887,1,0,-0.0034998187630719694,0.005499269210359259,0.0016330014268951913,0.5420809136530996
R001879,383,1764691332000,1764691260000,1764691320000,1,0.038328141925398115,0.03545608174348222,0.029355763050111207,0.029138017659648102,0.04840615969629756,0.024880258811212662,0.015432118099747007,0.04534048656137062,1,0,0.03240592239679671,0.01446740073203738,0.012249733941316876,0.08300541273732642
R001880,384,1764695105000,1764695040000,1764695100000,1,-0.004932159704399367,0.011227986100208106,-0.004178861074966833,-0.00533371067525747,0.0002326934274605722,-0.007528875879406336,-0.0007374631602661532,-0.009089264453009943,1,0,-0.0045555103896831005,0.01028585015351744,0.003753559776525039,0.4652824021481248
R001881,385,1764706590000,1764706500000,1764706560000,1,-0.00585545194977815,-0.0038599047208629196,-0.001979059442400531,-0.0030120504699918324,0.008065489050610941,-0.005324310738584387,0.006690197632406558,-0.0012702209650492288,1,0,-0.002495554956196182,0.009873398297704932,0.0030943263879850864,0.5227649471306715
R001883,386,1764729990000,1764729900000,1764729960000,1,0.005003744199035682,0.01107128490448852,0.013431074448367327,0.008122634331460682,0.008037705461062906,0.007561699596836409,0.010154212360829163,0.018130890455235533,1,0,0.009138423346144921,0.006642559105656509,0.002855701448208876,0.3986895954235056
R001884,387,1764744261000,1764744180000,1764744240000,1,0.004020656944684248,0.0032201637906595017,0.00013597733731994193,0.003188947693166548,0.004065964490195062,-0.0022330619845327025,-0.010715299394755165,0.007638171748453106,1,0,0.003204555741913025,0.0026475123774110584,0.009678736431556959,-0.5704269127709236
R001885,388,1764770533000,1764770460000,1764770520000,1,-0.003533342648793803,-0.006791197578001845,-0.005805130331488181,-0.008789348407547665,-0.0048470954679906905,-0.009994791886005163,-0.00732604009207301,0.0013847540812784592,1,0,-0.006298163954745013,0.005223869670987341,0.0030939061920314008,0.2560736805166712
R001888,389,1764855978000,1764855900000,1764855960000,1,-0.0035562138978371054,-0.006871915409578838,-0.004947270428452554,-0.004085875941128991,-0.004702729526906114,-0.00344643516607727,0.0005191658851575032,-0.003471743523179819,1,0,-0.003821044919483048,0.0023574102790231647,0.002088547999532648,0.060473414873756196
R001889,390,1764906989000,1764906900000,1764906960000,1,-0.00361546728766691,-0.007762563236968675,-0.005196055070466143,-0.0018290829202637414,-0.0027254161771275817,-0.003948081936376633,-0.002424663467063427,-0.005945528653223219,1,0,-0.0037817746120217717,0.0016549014183581874,0.003072271333074175,-0.2998345923123956
R001890,391,1764947057000,1764946980000,1764947040000,1,0.007543109801249735,0.001543720672648656,0.01003191590683139,0.003839848331667744,0.006782858422150709,0.0035281988056587365,0.0026057514961217894,0.011636390459075248,1,0,0.0053113533769092265,0.005522799806044093,0.003236617292524004,0.26099710606243554
R001891,392,1764952941000,1764952860000,1764952920000,1,-0.036976264228763996,-0.026783975583227367,-0.028136591291590834,-0.033552084609395426,-0.04007213934349901,-0.025975486403260677,-0.018665799898260404,-0.039957285726130866,1,0,-0.030844337950493128,0.008523694799732588,0.009170374584321808,-0.036547826876501224
R001892,393,1765048061000,1765047960000,1765048020000,1,-0.0010304407522346514,0.001356136725582864,0.0011328655318220996,0.0009301993443795323,-0.0026388404421706178,0.0055042644013720944,-0.00034088972547588947,-0.002433787887097235,1,0,0.0002946548094518214,0.003135545754025658,0.002830968974085748,0.05104768760644932
R001893,394,1765062206000,1765062120000,1765062180000,1,-0.0006480870966365843,-0.002497636113907896,-0.0024637836450487694,-0.002362966979695248,-0.0014513790646469864,-0.0013454836596496077,0.0005119890887505482,-0.0005019540458911989,1,0,-0.001398431362148297,0.0014034488835779715,0.0010822785173300357,0.1292057874610933
R001894,395,1765113772000,1765113660000,1765113720000,1,-0.0012377094740734236,-0.004156753141635259,-0.003482871245319965,-0.004536461425184309,0.0004812319630889564,0.0012218965352141658,-0.007801027686554944,0.00217186793546119,1,0,-0.0023602903596966944,0.004057172595034372,0.0038084541961729322,0.03162092551091705
R001902,396,1765366945000,1765366860000,1765366920000,1,-0.0037652318037104423,-0.0038761155781025128,-0.0013060199694198836,-0.0030213577883360836,-0.0010809643253417924,-0.00047692858898542846,-0.00035211267969442256,-0.003542585538563772,1,0,-0.002163688878877984,0.0017491682445380584,0.0016569848120284937,0.027063796305879097
R001904,397,1765395608000,1765395540000,1765395600000,1,-0.008905107339170036,-0.0034500142032907522,-0.004664254843606274,-0.0024291509920594772,-0.0049277014549424175,0.0030356123719447723,0.005039544943277356,-0.0015148388216634342,1,0,-0.0029395825976751147,0.006977161255286179,0.003976821799381112,0.27390397090551255
R001908,398,1765710199000,1765710120000,1765710180000,1,-0.001069057335019832,-0.004773278752657883,-0.002939200561665163,-0.0012376689723770712,-0.0014763782209267211,-0.004340553723714195,0.0032909010388054378,-0.0056466252037769595,1,0,-0.002207789391295942,0.0033187112431887454,0.003002162586921479,0.050079888441903364
R001909,399,1765712683000,1765712580000,1765712640000,1,-0.009846299147664161,-0.006396610296692643,-0.004246927365546908,-0.005693446036461105,-0.017870914918689626,-0.008470404405842345,-0.007972312588882428,-0.00892830133093213,1,0,-0.008221358497362385,0.0032511717963583787,0.005637248535814508,-0.2684477837776629
R001910,400,1765731447000,1765731360000,1765731420000,1,0.0019840504466033405,0.0007652866371815677,0.0012551147567289634,-0.0008868524711037884,-0.0012536042759938365,0.004303804111525501,0.001582696188990512,-0.0005201560585419184,1,0,0.0010102006969552656,0.0021337265821091554,0.002080429070504078,0.012647257481347991
R001916,401,1765891802000,1765891740000,1765891800000,1,0.005419205728371164,0.005208952497069358,0.0063725832837007446,0.002207086401471684,0.0005167958771349799,-0.001903916295122351,0.0007354293400045577,0.00927005479628651,1,0,0.003708019449270521,0.004113299590723107,0.004401579658264206,-0.03385603707479295
R001918,402,1765987112000,1765987020000,1765987080000,1,-0.022996082916690454,-0.035292317739495205,-0.025611974661249124,-0.031556475643246734,-0.028105498260517576,-0.02071304159754157,0.0005411743615435912,-0.029214592866235362,1,0,-0.02685873646088335,0.016772802842884363,0.0065656602304876195,0.4373528188341837
R001920,403,1766064602000,1766064540000,1766064600000,1,0.01134210554872264,0.006046211332907916,0.00828690001297388,0.01224682473809836,0.012025288392032055,0.008907577891112848,0.005387843967125288,0.012097740205477695,1,0,0.010124841719917744,0.0020474407518702832,0.0044078140699011425,-0.3656514550084229
R001921,404,1766085398000,1766085300000,1766085360000,1,-0.012667037098225021,-0.017994923655982854,-0.01970320953142613,-0.015215573570220402,-0.019880257146004877,-0.01751732965657368,-0.005472694389935007,-0.018206394982464118,1,0,-0.017756126656278265,0.00868626091219825,0.0020356066824372392,0.6202887856112452
R001922,405,1766086859000,1766086740000,1766086800000,1,-0.012951819084641158,-0.03786228663901376,-0.021654442856669696,-0.022944623838734145,-0.020282385418035682,-0.020023513850542265,-0.0005305509011180254,-0.018799422392705826,1,0,-0.020152949634288972,0.01341176464140938,0.010250505604584981,0.1335991434448074
R001923,406,1766091630000,1766091540000,1766091600000,1,2.8775529291784634e-05,-0.0029839316227930884,-0.0026623788536823748,0.004483567789827295,0.000863185206811307,0.006854036427792213,0.010465727455193393,0.0034835839638439627,1,0,0.002173384585327635,0.006486497356165168,0.0049965398235653664,0.1297529137352114
R001924,407,1766155483000,1766155380000,1766155440000,1,0.0006445745440749311,-0.0028598684887623546,0.0004803202227101834,0.0016321458564352237,0.0032653090237389835,0.000393468429235231,0.0011905775706878734,0.0018467225931647112,1,0,0.0009175760573814023,0.001638439751070445,0.002150776087144964,-0.13520906645312977
R001925,408,1766157386000,1766157300000,1766157360000,1,0.006216344071623234,0.00601029883616015,0.006373507872092201,0.010572309764331097,0.01645350671423617,0.0077038965598990065,0.012039144987805261,0.011491627538628535,1,0,0.009138103162115052,0.005108222688905663,0.0030247817082233604,0.25617113663651336
R001926,409,1766165598000,1766165520000,1766165580000,1,-0.009980685445398691,-0.013439031732257873,-0.0037559226315830112,-0.007844372123512865,-0.012772925116734776,-0.009249072642814923,0.007135183345284888,-0.010487106520315911,1,0,-0.009614879044106808,0.011304509400957747,0.003491099380389516,0.528089795833109
R001929,410,1766362431000,1766362320000,1766362380000,1,0.004960015757471852,0.007919578891571136,0.005138464061005464,0.008067628809750855,0.00843427663458668,0.007271814929205704,0.012006570209042973,0.003930223627338109,1,0,0.00759569691038842,0.0026247265114264064,0.00315057721798344,-0.09105161065022772
R001930,411,1766369139000,1766369040000,1766369100000,1,-0.006424604492022935,-0.005869771751215174,-0.004580240141727506,-0.006855602718951108,-0.006269613013595262,-0.0028515897482650817,-0.013204864295170737,-0.0036038961042118866,1,0,-0.006069692382405218,0.0028419494561667345,0.003960541124655704,-0.16443854720541617
R001933,412,1766594016000,1766593920000,1766593980000,1,0.0018642586079764877,0.00408630839936515,-0.0018274662436062517,0.005305466139119516,0.0,-0.0017190086877672385,0.003874608581028007,0.001811893099880941,1,0,0.0018380758539287144,0.0028578114153136186,0.0036113133196154596,-0.1164766386762369
R001951,413,1767444377000,1767444300000,1767444360000,1,0.000468083947295245,0.0003828044298937177,-0.0007507695740417047,0.0015444018513742074,0.0013008978028202576,0.0013524315087782206,-0.0012606367884445747,0.002063984220851649,1,0,0.0008844908750577513,0.0009197021610551769,0.001890194056300891,-0.3453835373887526
R001952,414,1767485123000,1767485040000,1767485100000,1,0.0030830463402677505,0.003148428387863558,0.00490719465981992,0.0012570711900511137,0.0017964845072821426,-0.0015798751539169741,0.005658805342920914,0.0009066868773768188,1,0,0.0024397654237749465,0.0028432345775954706,0.002776359562045024,0.011900328366903143
R001967,415,1767721260000,1767721200000,1767721260000,1,-0.0007088832612067354,-0.0062841046120914665,-0.006710404338765731,-0.00020636285541850984,-0.004894772376728281,0.0019419838607114192,-0.0014243889406761578,-0.001091425145633188,1,0,-0.001257907043154673,0.0021257175458011274,0.005239347432273926,-0.42275660781564245
R001974,416,1767945874000,1767945780000,1767945840000,1,-0.003185974143215161,-0.008438868645864484,-0.008970354855885182,-0.007938501066832063,-0.0042772741019028605,-0.0025724274613117774,-0.011374530217685992,-0.0034633372970707416,1,0,-0.006107887584367462,0.0032286867821039924,0.004064554952418125,-0.11460859254912686
R001975,417,1767965402000,1767965340000,1767965400000,1,0.004150880377341661,0.0035454615483304537,0.004144738074207709,0.005418908090943792,0.0109541281298639,0.003082046451285478,-0.0007935878521401953,0.006153865574378286,1,0,0.004147809225774685,0.004406187626346408,0.003003579926202044,0.18929172746612852
R001981,418,1768311003000,1768310940000,1768311000000,1,0.0022478905608228302,0.0019712763353400753,0.0016976697502522793,0.002296212260350378,0.0027979161073310482,0.0036706910644025295,0.00032792261320255364,0.0036128294603442832,1,0,0.0022720514105866044,0.001369708851786802,0.001259255228859188,0.04201412401970636
R001988,419,1768431409000,1768431300000,1768431360000,1,-0.004098519094613426,-0.003146807905267077,-0.004534095224122652,-0.004157160040211121,-0.0016979991951165258,-0.010009833334827092,-0.0076807857981713735,-0.0065773425705209915,1,0,-0.004345627632166886,0.0019232240819750846,0.004499681934332347,-0.40113584813723985
R001991,420,1768500604000,1768500540000,1768500600000,1,-0.007849343357896154,-0.0037108391961444367,-0.001970443987298836,-0.002833264397078503,-0.005547165005936369,-0.0050897695682013645,-0.00255210687223494,-0.00592230533512546,1,0,-0.004400304382172901,0.002139028952406013,0.002485519964337906,-0.07492428303166324
R001992,421,1768505472000,1768505400000,1768505460000,1,-0.004939181128611978,-0.008950339886163568,-0.007345867171615612,-0.00920810246490496,-0.008415196925284472,-0.005958584802219424,-0.013561275551495345,-0.010227278858859205,1,0,-0.00868276840572402,0.00323388544030832,0.0032115087994532545,0.003471725704073163
R001997,422,1768779987000,1768779900000,1768779960000,1,-0.0118848277606322,-0.02319170642346661,-0.026516052861049532,-0.032799512792419126,-0.035750238936994756,-0.030680154800651418,-0.005357454635774849,-0.02621708445186713,1,0,-0.026366568656458332,0.01774542745825481,0.00790830720824861,0.38345762821234447
R002004,423,1769023703000,1769023620000,1769023680000,1,0.015671626202029852,0.012602413278569657,0.012280395736076642,0.019082079648816436,0.021997502893542645,0.013774934540282537,0.0051795695907842845,0.01655244280482339,1,0,0.014723280371156194,0.005816510900023346,0.005993297707725731,-0.014969489648323786
R002006,424,1769037248000,1769037180000,1769037240000,1,-0.005319495397545634,-0.00526618274854729,-0.010594447085704067,-0.005628972723938923,-0.008646365673815139,-0.005773688094426379,-0.004579772231734159,-0.009080110175924482,1,0,-0.0057013304091826505,0.0007783529190419263,0.004135948221631624,-0.6832294575520271
R002010,425,1769366677000,1769366580000,1769366640000,1,-0.017612986602032758,-0.01133948058428596,-0.010719732633891891,-0.009890784201657291,-0.013183140978507365,-0.011746473624844532,-0.007807795368443647,-0.01592226755022754,1,0,-0.011542977104565246,0.002693687319514777,0.005224649971564903,-0.31963309455147293
R002017,426,1769623237000,1769623140000,1769623200000,1,0.004963499270164654,0.0035650661644961446,0.007158750363291265,0.006089274484031041,0.0089361108472278,0.008071534164230856,0.0038841558584992216,0.009167367487019896,1,0,0.006624012423661153,0.002427726743462695,0.0028994014121634703,-0.08854201643386847
R002023,427,1769710714000,1769710620000,1769710680000,1,-0.008460920714853248,-0.013841051411871355,-0.01226469381814576,-0.015005823390774576,-0.015172089339134352,-0.012121360532344963,-0.00697614849592652,-0.011270010643352073,1,0,-0.012193027175245362,0.004474492569855478,0.002895929189709102,0.21417544770730085
R002026,428,1769736173000,1769736060000,1769736120000,1,-0.0051018426986334745,-0.003236248779208305,-0.006943122290404432,-0.005132164202847301,-0.0023995212472907785,0.0,-0.004888214676007088,-0.0036058814875381882,1,0,-0.004247048081772638,0.003047287458127249,0.0017905951648532286,0.259760806784479
R002027,429,1769737076000,1769736960000,1769737020000,1,-0.004013612407669305,-0.005287407849461721,-0.0021681731912810455,-0.003424074566080083,-0.003303802374385425,0.0010586012330742426,-0.0029038132927114322,-0.005955083916495378,1,0,-0.003363938470232754,0.0028091524911293526,0.002257307412745795,0.10892123669260101
R002050,430,1770004149000,1770004080000,1770004140000,1,-0.029107861199913203,-0.028204810355457438,-0.02224715156086178,-0.022367946074371016,-0.022472855852058514,-0.024213426434346506,-0.02236264236842946,-0.02872959946981107,1,0,-0.02334314114320251,0.0010382441785568904,0.005575589191659626,-0.686038604107469
R002067,431,1770138327000,1770138240000,1770138300000,1,-0.02205212588681034,-0.012135712058629957,-0.016075404812636956,-0.028173487902076935,-0.02446092807744463,-0.011705819283897025,-0.00889736110834081,-0.019478768046290996,1,0,-0.017777086429463976,0.007475496233345058,0.008540121560296807,-0.06647419666660628
R002085,432,1770226225000,1770226140000,1770226200000,1,-0.013518717855681338,-0.02401862186592901,-0.017213030113692126,-0.013064434621733984,-0.01194673379654792,-0.014396224695708304,-0.009444032801572721,-0.014303896222982128,1,0,-0.013911307039331734,0.0032159237402714126,0.006704518950478834,-0.351657211170643
R002088,433,1770234494000,1770234420000,1770234480000,1,0.0073219634938798675,0.02091341168143059,0.005384204243241147,0.009693439306304273,0.007257678306284511,0.010362787035546658,0.01705278838271948,0.007811285771913436,1,0,0.008752362539108854,0.01023073749296618,0.0024314212643460256,0.6159547023619624
R002093,434,1770255641000,1770255540000,1770255600000,1,0.004074930479743266,0.008026073453688935,-0.010939339317649722,0.010863924568432643,0.00974259619881862,0.005240481944915867,0.01385789967254824,0.007108269025412245,1,0,0.0075671712395505904,0.004793740880939851,0.010999375658503818,-0.39293288073099775
R002094,435,1770259704000,1770259620000,1770259680000,1,-0.0050610859207316,-0.004576168369425101,-0.010393762262407453,-0.00395543422462084,-0.0027903750229489673,-0.004076092600042942,0.002237971840454424,-0.006929434397010286,1,0,-0.004326130484734021,0.004049928893486749,0.004335467844974848,-0.0340519310408304
R002096,436,1770268909000,1770268800000,1770268860000,1,-0.005881837175681476,-0.002964591795202542,-0.006428223276011914,-0.009108333867356318,-0.007779388596598511,-0.006881155657013466,-0.013320843975660678,-0.004507235685170506,1,0,-0.00665468946651269,0.002918775726326165,0.0045598994549958085,-0.21944043415180772
R002102,437,1770290541000,1770290460000,1770290520000,1,-0.026378271612964556,-0.030988085461235645,-0.0421282532210574,-0.032050815522453056,-0.034555174681815536,-0.032387951244255,-0.03011810658806972,-0.03395029439474715,1,0,-0.03221938338335403,0.003971194282836895,0.006122330568082434,-0.21312042294616343
R002106,438,1770304932000,1770304860000,1770304920000,1,-0.04249593026518412,-0.04690420004813439,-0.03855736321187543,-0.04244943736415797,-0.03902934390573534,-0.036255556874533815,-0.03302091838203259,-0.04223629896297056,1,0,-0.040632821434352956,0.005994583806069754,0.0040672437223063,0.19154970390100898
R002107,439,1770308690000,1770308580000,1770308640000,1,0.007551775995335098,0.0063867751104562465,0.0017058234732647093,0.00898017580758454,0.012255994085550701,0.011907117424233612,0.012697283017183725,0.012889671747633712,1,0,0.010443646615909075,0.002349830766499644,0.006397347324048596,-0.46272255070723833
R002109,440,1770312035000,1770311940000,1770312000000,1,-0.003087579929366252,-0.01652732230396381,-0.04384546267352081,-0.01745733989458734,-0.011168997292541076,-0.011790161839593786,-0.014373964112068809,-0.011536073703475078,1,0,-0.013082062975831296,0.005953774364877632,0.017569338308222777,-0.49379366178133366
R002110,441,1770322960000,1770322860000,1770322920000,1,-0.026938608380813,-0.028538222070755404,-0.06527846358450938,-0.0307886388152625,-0.028137382300718786,-0.034572292739434796,-0.019928579812247715,-0.03126399458508662,1,0,-0.029663430443008953,0.0062298363464785966,0.020261947718963134,-0.5296778555125431
R002111,442,1770326625000,1770326520000,1770326580000,1,0.000342066727725862,0.0010101010959852597,0.008440322262061924,0.0006764374553307311,0.00283228997751222,0.00039354585317058477,0.002791198806231207,0.0002495321285562745,1,0,0.0008432692756579954,0.004793036844129077,0.000547469847516927,0.7949745673483312
R002116,443,1770340666000,1770340560000,1770340620000,1,0.06244832189561806,0.0666689104131281,0.06885377975573055,0.0698052551536549,0.06670536922266143,0.06604819525529404,0.04000533461369899,0.07415611643250587,1,0,0.06668713981789476,0.00529354597518563,0.015460311563236233,-0.489873536484904
R002120,444,1770349854000,1770349740000,1770349800000,1,-0.015321739757866293,-0.01449773972434105,0.002376050539683079,0.0,0.004048588526000111,-0.0052020925637858845,0.004442477319560994,-0.009699155866401438,1,0,-0.0026010462818929422,0.006846579204673495,0.01230869345921073,-0.28514938682317087
R002133,445,1770385067000,1770384960000,1770385020000,1,0.01546295899143599,0.018999475424751125,0.03261625121136492,0.016492367217518906,0.00952206775664742,0.020076431887680303,0.02043251704458925,0.014131971716679253,1,0,0.017745921321135016,0.008778462806842068,0.005918901584471679,0.19456285809042137
R002139,446,1770400880000,1770400800000,1770400860000,1,0.01749796876891529,0.004283653438863603,0.006922303256041142,0.014081906406495667,0.011834457647003017,0.008492236419213667,0.009259325412796726,0.01053416322195385,1,0,0.009896744317375288,0.005893193270330191,0.004293765969922916,0.1570073328739004
R002140,447,1770403315000,1770403200000,1770403260000,1,-0.007248879010482749,-0.008967638850293459,-0.02003372117943184,-0.013250505201534205,-0.010706740394424456,-0.017275938033543693,0.010774246284659344,-0.010474838130963286,1,0,-0.01059078926269387,0.012353472899782168,0.008064040343793896,0.2100859445916045
R002146,448,1770441926000,1770441840000,1770441900000,1,-0.0055699075368380755,-0.003499072366279711,-0.011267342440747204,-0.0022246950221111624,-0.0036140263405564305,-0.005630747780468362,0.005283031155524213,-0.006338636735821196,1,0,-0.004591966938697253,0.006121135005403779,0.004211022649586947,0.18487061653518164
R002148,449,1770447431000,1770447360000,1770447420000,1,-0.008307024131748206,-0.008835905785673,-0.006213773100119893,-0.007777362166009217,-0.005139512047357267,-0.005156549179245802,-0.007636539593152809,-0.008778897124150989,1,0,-0.007706950879581013,0.002558920266279478,0.0011004505753309819,0.39855749911004795
R002149,450,1770452728000,1770452640000,1770452700000,1,0.008125292423577575,0.003292184043477098,0.0016924057350309577,0.005843088410659305,0.0040976030512759705,0.012112325476327297,0.010969031370574157,0.004716175992931815,1,0,0.0052796322017955605,0.006261046221655167,0.0027873373125415326,0.38390380955729725
R002151,451,1770467440000,1770467340000,1770467400000,1,0.02283396470916433,0.018033275569661007,0.022204157311010587,0.016338362295302136,0.02113146285195382,0.017521417487713513,0.018803316851158287,0.026106360104377443,1,0,0.019967389851556053,0.004502772555214833,0.003037499960048229,0.19432621197716535
R002153,452,1770538977000,1770538860000,1770538920000,1,0.007872881768985117,0.006214059121435727,0.009655782106727932,0.00744497286375951,0.009243918661729284,0.005278978310129617,0.01372495810966504,0.004425037004376734,1,0,0.007658927316372313,0.004031442791824173,0.002806919659119138,0.17906671977238048
R002156,453,1770591925000,1770591840000,1770591900000,1,0.011475718380265195,0.013742772404029933,0.011480383526533307,0.011951512545884146,0.009569451016150893,0.012285842625283384,0.0075657633445055305,0.011399028682494558,1,0,0.011478050953399252,0.0015362565612574066,0.0029104437730710403,-0.3090352640147422
R002157,454,1770593018000,1770592920000,1770592980000,1,0.0014974795231084456,0.005965372743430975,0.003764644713919409,0.006600003332996454,0.003691403231959677,0.006424987682657741,0.0011376565504610723,0.003956372085482552,1,0,0.0038605083997009806,0.002651987108126117,0.002542940362916222,0.020991004362957078
R002165,455,1770723871000,1770723780000,1770723840000,1,-0.004561209836778217,-0.004399269921349086,-0.005165044913800796,-0.004727125261522415,-0.0011396012629336736,-0.002067475597829174,0.012756003520821294,-0.002930319157135655,1,0,-0.0036647945392423707,0.009472995668186181,0.001281290548419235,0.761715371413339
R002167,456,1770733001000,1770732900000,1770732960000,1,0.006496749690918834,0.008545031818760918,0.0057461230000995095,0.0031184497555164156,0.003806628121562767,0.008281620831722018,-0.007855198931372097,0.010306954678253651,1,0,0.006121436345509172,0.003304556902998113,0.008489810933437012,-0.43963814783024047
R002168,457,1770734442000,1770734340000,1770734400000,1,-0.003955885689232064,-0.007714713949606235,-0.007948941783701317,-0.010106526191803668,0.002277905312993867,0.00262812240626963,-0.008070758643305326,0.0028007953890660537,1,0,-0.005835299819419149,0.008549758717086992,0.003253342598135348,0.4487308866967794
R002172,458,1770816602000,1770816540000,1770816600000,1,-0.00581124610753766,-0.004442258045526905,-0.009348592771299595,-0.0037773625627503336,-0.0043230564477933575,-0.005746041475279823,0.0013575101473842712,-0.0024177961488027195,1,0,-0.004382657246660131,0.003852514245950907,0.003197262192758496,0.09294650105420468
R002176,459,1770852056000,1770851940000,1770852000000,1,-0.006331209936646308,-0.006031684534403608,-0.007502675686098474,-0.007114351683788648,-0.007388717261934406,-0.005912098845231696,-0.007519557267326079,-0.006705005962603843,1,0,-0.006909678823196245,0.0009377871333785936,0.0006014376535160315,0.21851875224875034
R002192,460,1771139899000,1771139820000,1771139880000,1,-0.001456852976570521,0.0018938344656633669,0.01039477655865394,0.007121794909338078,0.0033545821461532627,0.001778726900846249,0.0,-0.0003271716044234116,1,0,0.0018362806832548078,0.006922005050741201,0.0027282929737517743,0.43456814145486083
R002197,461,1771255865000,1771255800000,1771255860000,1,-0.0006427522258502541,-0.0031067058085602925,-0.007131354226957802,-0.0011004953339168024,0.002849004776074871,-0.0031478592792840714,-0.00017974296804040295,0.0,1,0,-0.0008716237798835282,0.0022961261679209635,0.004267982973237408,-0.3003997591923754
R002198,462,1771275121000,1771275060000,1771275120000,1,0.005113007344688871,0.0051807486652378585,0.003311596984461033,0.003479301685751564,0.008459690917367042,0.0089983161556887,0.006616774968132399,0.005108133021033345,1,0,0.005146878004963365,0.003582125531564506,0.001751428669857067,0.343241446992232
R002203,463,1771547202000,1771547100000,1771547160000,1,0.0029988565313024233,0.008223531650290015,0.006884098014646433,0.0051858370323654155,0.002930405027416783,0.003979916179195447,-0.0008908686558015713,0.00548010466081724,1,0,0.004582876605780431,0.0029709382266877938,0.003563108419972825,-0.09062840002644822
R002204,464,1771599716000,1771599600000,1771599660000,1,0.006377585778531142,0.012207802542629504,0.01247864729528089,0.017486559541032884,0.022897602235847588,0.016084132037344347,0.0009183580404827889,0.01353263768937622,1,0,0.013005642492328554,0.0071864383961116815,0.009357670582821588,-0.13123899204693845
R002205,465,1771602946000,1771602840000,1771602900000,1,0.006825090013921565,0.012839919605106217,0.014041788052209323,0.015400507012421146,0.026687226916088297,0.015515641880169968,-0.0012892533326458882,0.017618050264798082,1,0,0.014721147532315234,0.007431491058127956,0.011953229191677395,-0.23326300690848734
R002208,466,1771683657000,1771683540000,1771683600000,1,0.003671584775442817,0.005147414266669734,0.005267547527812564,9.9985002332975e-05,0.0017702252808311164,0.005790823275963495,0.0,0.005703756446288143,1,0,0.004409499521056275,0.0013377903400695434,0.004359507019889788,-0.5303772102640987
R002210,467,1771741643000,1771741560000,1771741620000,1,0.000775219367625341,0.0008236748127029346,-0.0008453085879504755,0.0003089439291345501,-0.0036284510055798864,0.0003670398279415227,0.008253624868229033,-0.001020234742465503,1,0,0.0003379918785380364,0.004200657961927947,0.0026623347525607313,0.224147580124865
R002212,468,1771767337000,1771767240000,1771767300000,1,-0.005127277301027112,-0.006867996209013426,-0.004612717968369743,0.0006204757179414109,-0.001097494165400936,-0.010009351407093126,0.002624903073347574,-0.0020550298361366945,1,0,-0.0033338739022532185,0.004956563297897711,0.0051047999058000575,-0.014733252830776127
R002214,469,1771781591000,1771781520000,1771781580000,1,-0.004237861082794225,-0.0016830972956182496,-0.0016581958307266705,-0.0031459757490461446,-0.00037002775630340666,0.0009381743816000199,0.0006989341539115788,-0.004507375443904983,1,0,-0.00167064656317246,0.0024892008309282594,0.002701971700177144,-0.040987054075734525
R002215,470,1771808942000,1771808880000,1771808940000,1,-0.03702784621743239,-0.039220713153281385,-0.028423426330659387,-0.032096272637398914,-0.0344861760711692,-0.02713381528619035,-0.01915291744778076,-0.041057345710945645,1,0,-0.033291224354284055,0.0101478579872985,0.00684780507782946,0.19417029490541937
R002217,471,1771869150000,1771869060000,1771869120000,1,-0.02531019520504359,-0.022029579398610697,-0.01303645787104393,-0.01805315280279093,-0.021293580200740073,-0.024745539318140834,-0.010413802338186322,-0.023192246165885517,1,0,-0.021661579799675385,0.00993644969506026,0.0033662874619168268,0.49389551605907517
R002220,472,1771895781000,1771895700000,1771895760000,1,-0.015577759907840516,-0.01468152578120247,-0.010012320819669148,-0.008200304907696116,-0.009532960658723638,-0.006226912511858062,-0.009716675638572316,-0.009806967636189483,1,0,-0.009761821637380898,0.002548212927603809,0.005367821207140595,-0.3561895049392465
R002221,473,1771905012000,1771904940000,1771905000000,1,-0.008397598702606856,-0.012317821871349778,-0.01240766347542912,-0.005420655077102807,-0.007331694042063747,-0.008025882369310337,0.0018573939918344515,-0.0077859274099623356,1,0,-0.007905904889636337,0.0061242743470021595,0.004456837783753113,0.15758613486406994
R002222,474,1771910652000,1771910580000,1771910640000,1,-0.005958690292554635,-0.005874307082173483,-0.0022556400541186667,-0.012701364225058076,-0.006608381678053092,-0.007301463123149252,0.004732032284380711,-0.01014616613078232,1,0,-0.0062835359853038635,0.007521732100434886,0.005140229192616335,0.188083256037554
R002223,475,1771939964000,1771939860000,1771939920000,1,-0.003255867818095327,-0.006258169055882348,-0.0051753350090727665,-0.004942078039698075,-0.005063301956546874,-0.0063166416107038525,-0.0016792615197200253,-0.008466827682770703,1,0,-0.00511931848280982,0.002651753813902144,0.0022724161639274573,0.07703585613059714
R002225,476,1771985215000,1771985100000,1771985160000,1,0.03479109778803691,0.03641720231497761,0.02493639501125483,0.028921838886871876,0.03184499568092184,0.02268019568278266,0.004025770332401542,0.03749769787126005,1,0,0.03038341728389686,0.006574032809221968,0.01703043427630476,-0.442984009306197
R002227,477,1771993163000,1771993080000,1771993140000,1,-0.003623201868386732,-0.00195479597983755,-0.001682332255029096,-0.005291303312420194,-0.006389798098771122,0.0007623404219022412,0.006830078781605005,-0.005173438934314709,1,0,-0.002788998924112141,0.0065852085258657645,0.003051551781483517,0.36668513397467983
R002228,478,1772017540000,1772017440000,1772017500000,1,-0.0010563694300552058,-0.0016971758225813704,-0.004576667027411755,-0.0005346735945158034,-0.002967361227802112,0.0035778213478841235,-0.0014234877848538462,-0.00011654332511290404,1,0,-0.0012399286074545259,0.0029705676188401357,0.0025320855201524076,0.07968557850404649
R002232,479,1772044139000,1772044020000,1772044080000,1,0.0046402672903909856,0.004751677681243518,0.0008852269823246484,0.0016510468471587414,0.0033738223635500827,0.0003434655709534384,0.002917438615055624,-0.0007389032900708989,1,0,0.0022842427311071827,0.0024117297547100692,0.0024819615906659133,-0.0143515050294714
R002235,480,1772114792000,1772114700000,1772114760000,1,-0.0032503183261863317,-0.0038857191748526577,-0.002854658161369055,-0.0044462482302710556,-0.0010282777255658214,-0.0010704728943721233,-0.014067756113974672,-0.0068222691377368685,1,0,-0.0035680187505194947,0.0025186434405505224,0.006876993875336275,-0.4638695905616057
R002239,481,1772135976000,1772135880000,1772135940000,1,0.011163372981267093,0.011535228401385753,0.008650016403626497,0.01262564634512831,0.0059243943972027225,0.007396083142145975,0.0024942852258279446,0.011178247101689267,1,0,0.009906694692446795,0.0021737426808102365,0.005697354880931461,-0.44766465826165264
R002241,482,1772187669000,1772187600000,1772187660000,1,-0.0244794713603353,-0.02670524575021351,-0.0202786302285837,-0.01928067110630803,-0.021350673282907198,-0.0140138836729972,-0.01202585506961112,-0.021891859364959843,1,0,-0.02081465175574545,0.00779478238444129,0.004777706799528955,0.23997440290177904
R002245,483,1772210829000,1772210760000,1772210820000,1,-0.009677353512362829,-0.016805071566568713,-0.006645033311670317,-0.003619720762631526,-0.008955818411977031,-0.006422629656467247,-0.0021454631701015607,-0.011508131336677795,1,0,-0.007800425861823675,0.004917833895457132,0.006356175589799579,-0.1275803161442609
R002249,484,1772260902000,1772260800000,1772260860000,1,-0.03014389181592997,-0.03299474505572088,-0.022127285678910983,-0.030849364388467717,-0.0318074151175847,-0.030978405505986493,-0.020149026610352633,-0.027955778723881428,1,0,-0.030496628102198844,0.009358471957567036,0.0019044519844539434,0.6618192586121264
R002250,485,1772262035000,1772261940000,1772262000000,1,-0.04117006973624355,-0.05045412447095831,-0.04001592766571644,-0.04307202872401622,-0.04645085455871883,-0.04486067008415662,-0.03233947379488862,-0.04385786498231343,1,0,-0.04346494685316482,0.0072872461228622905,0.004987542661673748,0.1873517745646054
R002253,486,1772290588000,1772290500000,1772290560000,1,-0.004075478535904646,-0.00012452524765493435,-0.005372898770478931,-0.006954821873369498,-0.005621150270429848,-0.0068610903799452404,-0.006959282773579334,-0.004516826887607397,1,0,-0.005497024520454389,0.0033970226286745993,0.0014600278030200268,0.3988006410258241
R002257,487,1772307104000,1772307000000,1772307060000,1,0.010653848746520481,0.003438539554007995,0.012589150903576186,0.010394535299032554,0.015521375902623338,0.008997249072451212,0.0002258610963864294,0.010430800696602552,1,0,0.010412667997817553,0.003642595405282209,0.008580467672620341,-0.4039799382419173
R002258,488,1772314687000,1772314620000,1772314680000,1,0.004532162526204934,0.018224552997354676,0.007434436574473006,0.0054472764869883715,0.0014378147696274175,0.0009208951751271151,0.009240989853729875,0.006502789442660805,1,0,0.005975032964824588,0.007757738460717687,0.004795677992447322,0.2359565206269852
R002260,489,1772327463000,1772327400000,1772327460000,1,-0.0020279889766480364,0.0022478566105127817,-0.0019675721414111618,-0.0034137007761469804,-0.009644654150105767,-0.005173699640927077,-0.0028618621624160404,-0.005782656853130288,1,0,-0.0031377814692815104,0.003277923703832321,0.004575874032336518,-0.16526403812601242
R002261,490,1772329806000,1772329740000,1772329800000,1,0.016434836150840366,0.017230690613205944,0.017793935608249545,0.015152607795957092,0.015625317903080815,0.013242790551026921,0.010074548635430189,0.013401856087015563,1,0,0.015388962849518954,0.0021233502612087903,0.0037302932562903995,-0.2745201326793696
R002262,491,1772333334000,1772333220000,1772333280000,1,0.034876432373898376,0.03520437164565637,0.022554147529031194,0.03032904028316723,0.030707227752778867,0.018385882435539142,0.02081601613772543,0.028380133279895116,1,0,0.029354586781531175,0.0056858152282461966,0.009753637494898888,-0.26346933013724455
R002263,492,1772373079000,1772373000000,1772373060000,1,0.0015063060446624133,0.0027082736600838333,-0.000731047623756092,-0.001076078872802476,-0.0003621220390829926,0.0011164869042188628,0.003365118150313555,0.0005661552548892066,1,0,0.0008413210795540347,0.0021953748256446593,0.0017448843278333186,0.11433016973355747
R002268,493,1772404472000,1772404380000,1772404440000,1,0.0021827560636361056,0.0030147746680897736,0.001180637681415404,0.006725266697481853,0.002200220909602559,0.006022980752255606,0.007289326125575422,0.006024812570133856,1,0,0.00451887771017269,0.0024884187013559478,0.0028371808376469352,-0.06548786361737716
R002269,494,1772412298000,1772412180000,1772412240000,1,0.006586836306634874,0.007980508080971909,0.007299571582710385,0.004987000795277436,0.0032852739896940455,0.005621150270429911,0.006554436393143448,0.004029246227083413,1,0,0.006087793331786679,0.0015522465000544676,0.00243053322339795,-0.22052103915557536
R002272,495,1772469817000,1772469720000,1772469780000,1,0.004632358011533597,0.009885499509649875,0.0014892035514678331,0.004766848404580522,0.0010495015831249802,0.0021699827683227275,0.000887508378645814,0.0024027971368095215,1,0,0.0022863899525661247,0.005039784004549073,0.0013178849716807277,0.5854188141571804
R002277,496,1772549363000,1772549280000,1772549340000,1,-0.004950568916013764,-0.006019038275350081,-0.0018608811056852676,-0.006486992885776456,-0.002663117419483662,-0.006734032181344068,0.0013840832659385552,-0.0011623853453387714,1,0,-0.0038068431677487128,0.003917692128048605,0.0028036693658115494,0.1657436165655866
R002278,497,1772610443000,1772610360000,1772610420000,1,0.007280443725221958,0.01415172672375097,0.006741433899480196,0.005586606708639776,0.008773659179570117,0.004193642758267179,0.0070064700683328245,0.006799663551330652,1,0,0.006903066809831738,0.004559626141828805,0.0020129420763782607,0.3874716824385059
R002279,498,1772613971000,1772613900000,1772613960000,1,0.021919911408885277,0.017176650400589927,0.011927414127944009,0.01695989218712986,0.019601079859068934,0.014300180334002807,0.019218468600828893,0.02183126165723421,1,0,0.01819755950070941,0.003678027032350333,0.005083762269736002,-0.16043928801745316
R002280,499,1772615850000,1772615760000,1772615820000,1,0.03365650428338689,0.03098393484233429,0.030749600605524098,0.02921273316766339,0.029775180618487305,0.018467579980664745,0.01712069913518333,0.0317837391897649,1,0,0.030262390612005703,0.0024577311245701887,0.012468251054081666,-0.6706774676328635
R002284,500,1772636402000,1772636340000,1772636400000,1,0.007435445159065638,0.0018883649043846353,0.005535855159467571,0.012367368667229248,0.00257116762400736,-0.005733755181714433,0.01747428780217173,0.0047919934870807,1,0,0.005163924323274135,0.009756903911426354,0.0070866194619390345,0.1585347905124074
R002285,501,1772637986000,1772637900000,1772637960000,1,0.013987648959151413,0.016332298590571715,0.01566280079462581,0.01785011695232328,0.009125816207645706,0.0058891934285881225,0.02157580998195728,0.011906191085576057,1,0,0.014825224876888612,0.004887738590251668,0.007317720058771697,-0.19908973012779552
R002290,502,1772697028000,1772696940000,1772697000000,1,-0.005020434004630413,-0.0015461074311271625,-0.003172479660357928,-0.002395709702678262,-0.002564573671590056,-0.003918081592904511,-0.00391986564634459,-0.004540548341405908,1,0,-0.0035452806266312196,0.0015743720597285074,0.001235210546386941,0.12071597845293251
R002291,503,1772706406000,1772706300000,1772706360000,1,0.0030495695594226165,0.00437302544489838,0.00490094098663257,0.003639581826629153,0.0014646652197295596,-0.0012359849723905807,-0.0008650519570585624,0.0008582770615912179,1,0,0.002257117389576088,0.0023798658261893874,0.0033076358543006595,-0.16312435234855763
R002293,504,1772723488000,1772723400000,1772723460000,1,-0.014917811997379979,-0.01306629153142568,-0.0044227668710391755,-0.008853346192185287,-0.010981076668926141,0.0007135212575283284,-0.0006526705333394721,-0.012766359085253655,1,0,-0.009917211430555715,0.009947636792650143,0.004074840333847115,0.41881305320196466
R002296,505,1772805342000,1772805240000,1772805300000,1,-0.0018091587459071626,0.0030068254410579977,-0.0033926477122065107,-0.004314535869993971,0.0018786404172599306,0.0018331810816609117,-0.004442477319561074,0.0009942005789921147,1,0,-0.00040747908345752397,0.002850212012616488,0.003971027511319999,-0.16431258494448767
R002297,506,1772866392000,1772866320000,1772866380000,1,-0.0034797266528627012,-0.004988726345864181,-0.002271978697268159,-0.0009933227459871792,-0.0038729715336640685,-0.005964602958169558,-0.004688031802848523,-0.004781974272508452,1,0,-0.004280501668256296,0.0026478509466286264,0.0011961629837605736,0.37764898597052476
R002301,507,1773007391000,1773007320000,1773007380000,1,-0.01046232698241308,-0.009520394134686697,-0.008535958305109252,-0.009519081901623636,-0.011128890694709518,-0.008517132966877736,-0.006492802390707677,-0.010481055536558809,1,0,-0.009519738018155166,0.00201477033936246,0.0012852350974789971,0.22107092119876168
R002303,508,1773059834000,1773059760000,1773059820000,1,0.006910566072895349,0.003943364134889205,0.003924622757481758,0.004086822941204436,0.003918500311729566,0.004864368805954832,0.00489651545865399,0.004439645291017388,1,0,0.004263234116110912,0.001640306649663758,0.0003416725815052501,0.6552208255949027
R002305,509,1773109820000,1773109740000,1773109800000,1,0.003978574550591679,0.004562745558418237,0.001897256844650951,0.0006599934240231634,0.005041701585019691,0.0005549903019154085,0.008706383827062595,0.004709056801572644,1,0,0.004270660054504959,0.0026033826515361844,0.003663168191535673,-0.16911783954823584
R002306,510,1773153607000,1773153540000,1773153600000,1,0.004951699155534583,0.005342637563037869,0.022681901078950538,0.026882218885940272,0.015169043229667696,0.007038369489210443,-0.0011201972718384349,0.004790828616207955,1,0,0.006190503526124156,0.018591556456321247,0.004355187853939397,0.6204090833058202
R002308,511,1773178863000,1773178800000,1773178860000,1,-0.004315868964337341,-0.006989776827201832,-0.004754709627541462,-0.0028527675324775785,-0.004947678979820134,-0.003718167510927212,-0.004937173404113708,-0.0033418767873841537,1,0,-0.004535289295939401,0.001437967136008535,0.001433438607571582,0.0015771119936908527
R002309,512,1773207754000,1773207660000,1773207720000,1,-0.006536728726579697,-0.005458465442938009,-0.0030419375959180586,-0.008879322009248939,-0.006928434181963988,-0.004648144466099289,-0.000222642770595672,-0.01084597203353689,1,0,-0.005997597084758853,0.004365306901501988,0.003865049936634061,0.06078192898635263
R002313,513,1773360939000,1773360840000,1773360900000,1,0.004601305021822206,0.008253141756720482,0.006254738389770953,0.0035699323928153983,0.0022650066308520615,0.0012809956916864135,0.0010949305813051586,0.006601410264377824,1,0,0.0040856187073188025,0.00334165730323035,0.0028976555708230163,0.07116195987762484
R002315,514,1773391042000,1773390960000,1773391020000,1,0.0073276067043486475,0.010563082821853056,0.012020811860312048,0.010419447439293744,0.011345043915892234,0.005255063284930073,0.00686256178123804,0.008559562526099919,1,0,0.009489504982696831,0.00219342290540531,0.0034306924496127745,-0.21999362852746568
R002317,515,1773405230000,1773405120000,1773405180000,1,0.003146798266352701,0.004761650101988049,0.002102902779720944,0.011543565341643938,0.010167117355444242,0.001070663913840245,-0.006827421442939892,0.004839499685734887,1,0,0.003954224184170375,0.006901117164373714,0.006832602948720199,0.004988758696792798
R002320,516,1773470432000,1773470340000,1773470400000,1,-0.0077580653462973655,-0.01085538854983672,-0.0063994466103847805,-0.01179333453749194,-0.00647251450561759,-0.010730302100733146,-0.00719819881962245,-0.007105614441931329,1,0,-0.007478132082959908,0.001042151524958723,0.003846229460704422,-0.5736209890288052
R002322,517,1773610669000,1773610560000,1773610620000,1,0.003830738814677983,0.011560822401076006,0.004363745663362999,0.003036174661329717,0.005657190271442963,0.0055921495059637625,0.0028092941220549243,0.0059372981669264845,1,0,0.00497794758466338,0.003771112699337865,0.0020552131929710594,0.2945079863506929
R002329,518,1773650698000,1773650580000,1773650640000,1,-0.005883940778224214,-0.007511570891503927,-0.010093910855619061,-0.014366083932024792,-0.012831804295293398,-0.005058003283599353,-0.004248094748762273,-0.011299555253933394,1,0,-0.008802740873561494,0.004149691857380681,0.004796203240097601,-0.07226905476447658
R002333,519,1773696975000,1773696900000,1773696960000,1,0.008339848285297696,0.002501304065976198,0.0021570750593637765,0.0015698590351198307,0.0006927606789005746,0.006473617156334619,0.0,0.0042172971432438205,1,0,0.002329189562669987,0.00507754315814617,0.0019828092232197,0.4383257049739172
R002334,520,1773709952000,1773709860000,1773709920000,1,0.0024291355450962782,-0.0073931715935551005,0.011379466392789585,0.0017416550120990038,0.0,0.0011905775706880953,0.001461530691312666,0.0027093489053517717,1,0,0.001601592851705835,0.005442814797364843,0.005298178648483385,0.01346580738650068
R002335,521,1773741973000,1773741900000,1773741960000,1,-0.0006529122929724313,-0.002767431250004858,-0.005357332830567097,-0.0014935035384268673,0.0021008411088117938,0.0008669267989858374,0.0004233700317260144,0.00030773965468286355,1,0,-0.0001725863191447839,0.0016564702730435994,0.0038897957211411933,-0.4026718968111545
R002344,522,1774137121000,1774137060000,1774137120000,1,-0.020059575368946824,-0.0176379340741405,-0.012309569336155223,-0.020428621401616665,-0.016000341346441075,-0.0130200754306169,-0.010113050149894765,-0.0161087747066927,1,0,-0.016054558026566888,0.004843248283541894,0.004189540358714857,0.07237055473310783
R002345,523,1774180339000,1774180260000,1774180320000,1,-0.005043016049015854,-0.0034435295735461245,0.002734798393946387,0.0004398020961489246,-0.0003922337763563644,-0.0016683663152441686,0.0004296455490368841,-0.0017126224429234631,1,0,-0.0010303000458002664,0.002617600290847922,0.0032129727654807228,-0.10211217128761796
R002353,524,1774370359000,1774370280000,1774370340000,1,-0.008124983198188844,-0.009474517733377121,-0.010790828972418004,-0.0058763991956711815,-0.011104843199993122,-0.003227544490866488,0.0006323111181272563,-0.0077727688938196565,1,0,-0.00794887604600425,0.006651259359634634,0.002998960040201314,0.37846800866469515
R002356,525,1774435672000,1774435560000,1774435620000,1,0.0023940792399730054,0.0024909310545744847,0.004584737355478647,0.003720934525690154,0.0033094349013670092,0.00159758621003133,0.0014642822405058732,0.002561914296200886,1,0,0.0025264226753876854,0.001626413265196715,0.0009954884501190838,0.24063633331184517
R002358,526,1774455994000,1774455900000,1774455960000,1,0.003861427250088527,0.00620747977464813,0.004252912562822399,0.0037398755412422972,0.0014765598843644349,-0.0019560777998375604,0.006297250029036342,0.004790555816288931,1,0,0.004057169906455463,0.0021951949953867727,0.0042969288641920254,-0.32373594747491635
R002359,527,1774478517000,1774478400000,1774478460000,1,0.004091362427825524,0.0027338854580459203,0.003531575926456741,0.0016618200750098096,0.0014831296749070627,0.0038965688692789748,0.0014800721593947893,0.0043866758408643595,1,0,0.0031327306922513307,0.0011062884420936108,0.0016511297751004047,-0.19759111244330266
R002362,528,1774538120000,1774538040000,1774538100000,1,-0.010123608905367575,-0.009846656154657489,-0.013775129894963095,-0.009100441074930174,-0.01209298918929074,-0.009307485751246417,-0.0032450001433271896,-0.012092858149339934,1,0,-0.009985132530012531,0.003812411920883849,0.0029489270121143864,0.1277091589885083
R002365,529,1774600548000,1774600440000,1774600500000,1,-0.005104948609177418,-0.004197277935339924,-0.005976774847611925,0.0007604150059532328,-0.0047300048769957186,-0.0021885837661678176,-0.003233806849602473,-0.004506542101890891,1,0,-0.0043519100186154075,0.0036378256385081152,0.0011889517097792642,0.507351748801455
R002378,530,1774824083000,1774824000000,1774824060000,1,-0.00884185262774557,-0.009183925445698897,-0.008860673670831409,-0.010566966789722977,-0.01167166230259018,-0.007291796354735504,-0.0019931354178808407,-0.009367472304928015,1,0,-0.009022299558265154,0.004379833671956981,0.0020970149878914244,0.3524582407208797
R002379,531,1774829955000,1774829880000,1774829940000,1,0.002865259456411685,0.005030376842851206,0.006396530068752122,0.005854752984810649,0.008748233255614782,0.004124490286388295,0.005327426584444147,0.005219466179160422,1,0,0.0052734463818022844,0.0022989352803811677,0.0017785715104022945,0.12761812467242742
R002380,532,1774838770000,1774838700000,1774838760000,1,0.007784376983368754,0.008922171557480684,0.007663442884161198,0.007943890732986339,0.010616677914611109,0.006305658875563467,0.00679752644805465,0.00944888919793251,1,0,0.007864133858177545,0.0021686496980942637,0.001312541196368487,0.2459240322291775
R002383,533,1774870009000,1774869900000,1774869960000,1,0.00427887614915955,0.0008326890387754131,0.001927354191883212,0.0018310091819169934,0.005620247632153626,-0.000557361835144086,0.0006595581199855407,0.004666788960364059,1,0,0.0018791816869001027,0.00326433660935874,0.0018280835444793753,0.282037424542999
R002386,534,1774920845000,1774920780000,1774920840000,1,0.027235775798475026,0.023301558709650855,0.01696864800286013,0.018122766738150324,0.018692133012152546,0.010054078361468204,0.012278021768409222,0.023530497410194036,1,0,0.018407449875151437,0.006975686729183094,0.007241399810212724,-0.01868969991097219
