event_id,event_position,peer,instrument,decision_ms,feature_end_ms,feature_available_ms,window_start_ms,window_end_ms,expected_minutes,present_timestamp_minutes,missing_timestamp_minutes,exact_timestamp_coverage
R000001,0,ETH,ETH-USDT-SWAP,1727745182000,1727745120000,1727745180000,1727741580000,1727745120000,60,60,0,1
R000001,0,SOL,SOL-USDT-SWAP,1727745182000,1727745120000,1727745180000,1727741580000,1727745120000,60,60,0,1
R000001,0,XRP,XRP-USDT-SWAP,1727745182000,1727745120000,1727745180000,1727741580000,1727745120000,60,60,0,1
R000001,0,DOGE,DOGE-USDT-SWAP,1727745182000,1727745120000,1727745180000,1727741580000,1727745120000,60,60,0,1
R000001,0,ADA,ADA-USDT-SWAP,1727745182000,1727745120000,1727745180000,1727741580000,1727745120000,60,60,0,1
R000001,0,LTC,LTC-USDT-SWAP,1727745182000,1727745120000,1727745180000,1727741580000,1727745120000,60,60,0,1
R000001,0,BCH,BCH-USDT-SWAP,1727745182000,1727745120000,1727745180000,1727741580000,1727745120000,60,60,0,1
R000001,0,LINK,LINK-USDT-SWAP,1727745182000,1727745120000,1727745180000,1727741580000,1727745120000,60,60,0,1
R000004,1,ETH,ETH-USDT-SWAP,1727800077000,1727799960000,1727800020000,1727796420000,1727799960000,60,60,0,1
R000004,1,SOL,SOL-USDT-SWAP,1727800077000,1727799960000,1727800020000,1727796420000,1727799960000,60,60,0,1
R000004,1,XRP,XRP-USDT-SWAP,1727800077000,1727799960000,1727800020000,1727796420000,1727799960000,60,60,0,1
R000004,1,DOGE,DOGE-USDT-SWAP,1727800077000,1727799960000,1727800020000,1727796420000,1727799960000,60,60,0,1
R000004,1,ADA,ADA-USDT-SWAP,1727800077000,1727799960000,1727800020000,1727796420000,1727799960000,60,60,0,1
R000004,1,LTC,LTC-USDT-SWAP,1727800077000,1727799960000,1727800020000,1727796420000,1727799960000,60,60,0,1
R000004,1,BCH,BCH-USDT-SWAP,1727800077000,1727799960000,1727800020000,1727796420000,1727799960000,60,60,0,1
R000004,1,LINK,LINK-USDT-SWAP,1727800077000,1727799960000,1727800020000,1727796420000,1727799960000,60,60,0,1
R000005,2,ETH,ETH-USDT-SWAP,1727801792000,1727801700000,1727801760000,1727798160000,1727801700000,60,60,0,1
R000005,2,SOL,SOL-USDT-SWAP,1727801792000,1727801700000,1727801760000,1727798160000,1727801700000,60,60,0,1
R000005,2,XRP,XRP-USDT-SWAP,1727801792000,1727801700000,1727801760000,1727798160000,1727801700000,60,60,0,1
R000005,2,DOGE,DOGE-USDT-SWAP,1727801792000,1727801700000,1727801760000,1727798160000,1727801700000,60,60,0,1
R000005,2,ADA,ADA-USDT-SWAP,1727801792000,1727801700000,1727801760000,1727798160000,1727801700000,60,60,0,1
R000005,2,LTC,LTC-USDT-SWAP,1727801792000,1727801700000,1727801760000,1727798160000,1727801700000,60,60,0,1
R000005,2,BCH,BCH-USDT-SWAP,1727801792000,1727801700000,1727801760000,1727798160000,1727801700000,60,60,0,1
R000005,2,LINK,LINK-USDT-SWAP,1727801792000,1727801700000,1727801760000,1727798160000,1727801700000,60,60,0,1
R000024,3,ETH,ETH-USDT-SWAP,1728045002000,1728044940000,1728045000000,1728041400000,1728044940000,60,60,0,1
R000024,3,SOL,SOL-USDT-SWAP,1728045002000,1728044940000,1728045000000,1728041400000,1728044940000,60,60,0,1
R000024,3,XRP,XRP-USDT-SWAP,1728045002000,1728044940000,1728045000000,1728041400000,1728044940000,60,60,0,1
R000024,3,DOGE,DOGE-USDT-SWAP,1728045002000,1728044940000,1728045000000,1728041400000,1728044940000,60,60,0,1
R000024,3,ADA,ADA-USDT-SWAP,1728045002000,1728044940000,1728045000000,1728041400000,1728044940000,60,60,0,1
R000024,3,LTC,LTC-USDT-SWAP,1728045002000,1728044940000,1728045000000,1728041400000,1728044940000,60,60,0,1
R000024,3,BCH,BCH-USDT-SWAP,1728045002000,1728044940000,1728045000000,1728041400000,1728044940000,60,60,0,1
R000024,3,LINK,LINK-USDT-SWAP,1728045002000,1728044940000,1728045000000,1728041400000,1728044940000,60,60,0,1
R000025,4,ETH,ETH-USDT-SWAP,1728045970000,1728045900000,1728045960000,1728042360000,1728045900000,60,60,0,1
R000025,4,SOL,SOL-USDT-SWAP,1728045970000,1728045900000,1728045960000,1728042360000,1728045900000,60,60,0,1
R000025,4,XRP,XRP-USDT-SWAP,1728045970000,1728045900000,1728045960000,1728042360000,1728045900000,60,60,0,1
R000025,4,DOGE,DOGE-USDT-SWAP,1728045970000,1728045900000,1728045960000,1728042360000,1728045900000,60,60,0,1
R000025,4,ADA,ADA-USDT-SWAP,1728045970000,1728045900000,1728045960000,1728042360000,1728045900000,60,60,0,1
R000025,4,LTC,LTC-USDT-SWAP,1728045970000,1728045900000,1728045960000,1728042360000,1728045900000,60,60,0,1
R000025,4,BCH,BCH-USDT-SWAP,1728045970000,1728045900000,1728045960000,1728042360000,1728045900000,60,60,0,1
R000025,4,LINK,LINK-USDT-SWAP,1728045970000,1728045900000,1728045960000,1728042360000,1728045900000,60,60,0,1
R000031,5,ETH,ETH-USDT-SWAP,1728351109000,1728351000000,1728351060000,1728347460000,1728351000000,60,60,0,1
R000031,5,SOL,SOL-USDT-SWAP,1728351109000,1728351000000,1728351060000,1728347460000,1728351000000,60,60,0,1
R000031,5,XRP,XRP-USDT-SWAP,1728351109000,1728351000000,1728351060000,1728347460000,1728351000000,60,60,0,1
R000031,5,DOGE,DOGE-USDT-SWAP,1728351109000,1728351000000,1728351060000,1728347460000,1728351000000,60,60,0,1
R000031,5,ADA,ADA-USDT-SWAP,1728351109000,1728351000000,1728351060000,1728347460000,1728351000000,60,60,0,1
R000031,5,LTC,LTC-USDT-SWAP,1728351109000,1728351000000,1728351060000,1728347460000,1728351000000,60,60,0,1
R000031,5,BCH,BCH-USDT-SWAP,1728351109000,1728351000000,1728351060000,1728347460000,1728351000000,60,60,0,1
R000031,5,LINK,LINK-USDT-SWAP,1728351109000,1728351000000,1728351060000,1728347460000,1728351000000,60,60,0,1
R000037,6,ETH,ETH-USDT-SWAP,1728563402000,1728563340000,1728563400000,1728559800000,1728563340000,60,60,0,1
R000037,6,SOL,SOL-USDT-SWAP,1728563402000,1728563340000,1728563400000,1728559800000,1728563340000,60,60,0,1
R000037,6,XRP,XRP-USDT-SWAP,1728563402000,1728563340000,1728563400000,1728559800000,1728563340000,60,60,0,1
R000037,6,DOGE,DOGE-USDT-SWAP,1728563402000,1728563340000,1728563400000,1728559800000,1728563340000,60,60,0,1
R000037,6,ADA,ADA-USDT-SWAP,1728563402000,1728563340000,1728563400000,1728559800000,1728563340000,60,60,0,1
R000037,6,LTC,LTC-USDT-SWAP,1728563402000,1728563340000,1728563400000,1728559800000,1728563340000,60,60,0,1
R000037,6,BCH,BCH-USDT-SWAP,1728563402000,1728563340000,1728563400000,1728559800000,1728563340000,60,60,0,1
R000037,6,LINK,LINK-USDT-SWAP,1728563402000,1728563340000,1728563400000,1728559800000,1728563340000,60,60,0,1
R000040,7,ETH,ETH-USDT-SWAP,1728585272000,1728585180000,1728585240000,1728581640000,1728585180000,60,60,0,1
R000040,7,SOL,SOL-USDT-SWAP,1728585272000,1728585180000,1728585240000,1728581640000,1728585180000,60,60,0,1
R000040,7,XRP,XRP-USDT-SWAP,1728585272000,1728585180000,1728585240000,1728581640000,1728585180000,60,60,0,1
R000040,7,DOGE,DOGE-USDT-SWAP,1728585272000,1728585180000,1728585240000,1728581640000,1728585180000,60,60,0,1
R000040,7,ADA,ADA-USDT-SWAP,1728585272000,1728585180000,1728585240000,1728581640000,1728585180000,60,60,0,1
R000040,7,LTC,LTC-USDT-SWAP,1728585272000,1728585180000,1728585240000,1728581640000,1728585180000,60,60,0,1
R000040,7,BCH,BCH-USDT-SWAP,1728585272000,1728585180000,1728585240000,1728581640000,1728585180000,60,60,0,1
R000040,7,LINK,LINK-USDT-SWAP,1728585272000,1728585180000,1728585240000,1728581640000,1728585180000,60,60,0,1
R000042,8,ETH,ETH-USDT-SWAP,1728649802000,1728649740000,1728649800000,1728646200000,1728649740000,60,60,0,1
R000042,8,SOL,SOL-USDT-SWAP,1728649802000,1728649740000,1728649800000,1728646200000,1728649740000,60,60,0,1
R000042,8,XRP,XRP-USDT-SWAP,1728649802000,1728649740000,1728649800000,1728646200000,1728649740000,60,60,0,1
R000042,8,DOGE,DOGE-USDT-SWAP,1728649802000,1728649740000,1728649800000,1728646200000,1728649740000,60,60,0,1
R000042,8,ADA,ADA-USDT-SWAP,1728649802000,1728649740000,1728649800000,1728646200000,1728649740000,60,60,0,1
R000042,8,LTC,LTC-USDT-SWAP,1728649802000,1728649740000,1728649800000,1728646200000,1728649740000,60,60,0,1
R000042,8,BCH,BCH-USDT-SWAP,1728649802000,1728649740000,1728649800000,1728646200000,1728649740000,60,60,0,1
R000042,8,LINK,LINK-USDT-SWAP,1728649802000,1728649740000,1728649800000,1728646200000,1728649740000,60,60,0,1
R000050,9,ETH,ETH-USDT-SWAP,1728933767000,1728933660000,1728933720000,1728930120000,1728933660000,60,60,0,1
R000050,9,SOL,SOL-USDT-SWAP,1728933767000,1728933660000,1728933720000,1728930120000,1728933660000,60,60,0,1
R000050,9,XRP,XRP-USDT-SWAP,1728933767000,1728933660000,1728933720000,1728930120000,1728933660000,60,60,0,1
R000050,9,DOGE,DOGE-USDT-SWAP,1728933767000,1728933660000,1728933720000,1728930120000,1728933660000,60,60,0,1
R000050,9,ADA,ADA-USDT-SWAP,1728933767000,1728933660000,1728933720000,1728930120000,1728933660000,60,60,0,1
R000050,9,LTC,LTC-USDT-SWAP,1728933767000,1728933660000,1728933720000,1728930120000,1728933660000,60,60,0,1
R000050,9,BCH,BCH-USDT-SWAP,1728933767000,1728933660000,1728933720000,1728930120000,1728933660000,60,60,0,1
R000050,9,LINK,LINK-USDT-SWAP,1728933767000,1728933660000,1728933720000,1728930120000,1728933660000,60,60,0,1
R000051,10,ETH,ETH-USDT-SWAP,1728944234000,1728944160000,1728944220000,1728940620000,1728944160000,60,60,0,1
R000051,10,SOL,SOL-USDT-SWAP,1728944234000,1728944160000,1728944220000,1728940620000,1728944160000,60,60,0,1
R000051,10,XRP,XRP-USDT-SWAP,1728944234000,1728944160000,1728944220000,1728940620000,1728944160000,60,60,0,1
R000051,10,DOGE,DOGE-USDT-SWAP,1728944234000,1728944160000,1728944220000,1728940620000,1728944160000,60,60,0,1
R000051,10,ADA,ADA-USDT-SWAP,1728944234000,1728944160000,1728944220000,1728940620000,1728944160000,60,60,0,1
R000051,10,LTC,LTC-USDT-SWAP,1728944234000,1728944160000,1728944220000,1728940620000,1728944160000,60,60,0,1
R000051,10,BCH,BCH-USDT-SWAP,1728944234000,1728944160000,1728944220000,1728940620000,1728944160000,60,60,0,1
R000051,10,LINK,LINK-USDT-SWAP,1728944234000,1728944160000,1728944220000,1728940620000,1728944160000,60,60,0,1
R000052,11,ETH,ETH-USDT-SWAP,1728946704000,1728946620000,1728946680000,1728943080000,1728946620000,60,60,0,1
R000052,11,SOL,SOL-USDT-SWAP,1728946704000,1728946620000,1728946680000,1728943080000,1728946620000,60,60,0,1
R000052,11,XRP,XRP-USDT-SWAP,1728946704000,1728946620000,1728946680000,1728943080000,1728946620000,60,60,0,1
R000052,11,DOGE,DOGE-USDT-SWAP,1728946704000,1728946620000,1728946680000,1728943080000,1728946620000,60,60,0,1
R000052,11,ADA,ADA-USDT-SWAP,1728946704000,1728946620000,1728946680000,1728943080000,1728946620000,60,60,0,1
R000052,11,LTC,LTC-USDT-SWAP,1728946704000,1728946620000,1728946680000,1728943080000,1728946620000,60,60,0,1
R000052,11,BCH,BCH-USDT-SWAP,1728946704000,1728946620000,1728946680000,1728943080000,1728946620000,60,60,0,1
R000052,11,LINK,LINK-USDT-SWAP,1728946704000,1728946620000,1728946680000,1728943080000,1728946620000,60,60,0,1
R000063,12,ETH,ETH-USDT-SWAP,1729175369000,1729175280000,1729175340000,1729171740000,1729175280000,60,60,0,1
R000063,12,SOL,SOL-USDT-SWAP,1729175369000,1729175280000,1729175340000,1729171740000,1729175280000,60,60,0,1
R000063,12,XRP,XRP-USDT-SWAP,1729175369000,1729175280000,1729175340000,1729171740000,1729175280000,60,60,0,1
R000063,12,DOGE,DOGE-USDT-SWAP,1729175369000,1729175280000,1729175340000,1729171740000,1729175280000,60,60,0,1
R000063,12,ADA,ADA-USDT-SWAP,1729175369000,1729175280000,1729175340000,1729171740000,1729175280000,60,60,0,1
R000063,12,LTC,LTC-USDT-SWAP,1729175369000,1729175280000,1729175340000,1729171740000,1729175280000,60,60,0,1
R000063,12,BCH,BCH-USDT-SWAP,1729175369000,1729175280000,1729175340000,1729171740000,1729175280000,60,60,0,1
R000063,12,LINK,LINK-USDT-SWAP,1729175369000,1729175280000,1729175340000,1729171740000,1729175280000,60,60,0,1
R000064,13,ETH,ETH-USDT-SWAP,1729189754000,1729189680000,1729189740000,1729186140000,1729189680000,60,60,0,1
R000064,13,SOL,SOL-USDT-SWAP,1729189754000,1729189680000,1729189740000,1729186140000,1729189680000,60,60,0,1
R000064,13,XRP,XRP-USDT-SWAP,1729189754000,1729189680000,1729189740000,1729186140000,1729189680000,60,60,0,1
R000064,13,DOGE,DOGE-USDT-SWAP,1729189754000,1729189680000,1729189740000,1729186140000,1729189680000,60,60,0,1
R000064,13,ADA,ADA-USDT-SWAP,1729189754000,1729189680000,1729189740000,1729186140000,1729189680000,60,60,0,1
R000064,13,LTC,LTC-USDT-SWAP,1729189754000,1729189680000,1729189740000,1729186140000,1729189680000,60,60,0,1
R000064,13,BCH,BCH-USDT-SWAP,1729189754000,1729189680000,1729189740000,1729186140000,1729189680000,60,60,0,1
R000064,13,LINK,LINK-USDT-SWAP,1729189754000,1729189680000,1729189740000,1729186140000,1729189680000,60,60,0,1
R000079,14,ETH,ETH-USDT-SWAP,1729516648000,1729516560000,1729516620000,1729513020000,1729516560000,60,60,0,1
R000079,14,SOL,SOL-USDT-SWAP,1729516648000,1729516560000,1729516620000,1729513020000,1729516560000,60,60,0,1
R000079,14,XRP,XRP-USDT-SWAP,1729516648000,1729516560000,1729516620000,1729513020000,1729516560000,60,60,0,1
R000079,14,DOGE,DOGE-USDT-SWAP,1729516648000,1729516560000,1729516620000,1729513020000,1729516560000,60,60,0,1
R000079,14,ADA,ADA-USDT-SWAP,1729516648000,1729516560000,1729516620000,1729513020000,1729516560000,60,60,0,1
R000079,14,LTC,LTC-USDT-SWAP,1729516648000,1729516560000,1729516620000,1729513020000,1729516560000,60,60,0,1
R000079,14,BCH,BCH-USDT-SWAP,1729516648000,1729516560000,1729516620000,1729513020000,1729516560000,60,60,0,1
R000079,14,LINK,LINK-USDT-SWAP,1729516648000,1729516560000,1729516620000,1729513020000,1729516560000,60,60,0,1
R000083,15,ETH,ETH-USDT-SWAP,1729551663000,1729551600000,1729551660000,1729548060000,1729551600000,60,60,0,1
R000083,15,SOL,SOL-USDT-SWAP,1729551663000,1729551600000,1729551660000,1729548060000,1729551600000,60,60,0,1
R000083,15,XRP,XRP-USDT-SWAP,1729551663000,1729551600000,1729551660000,1729548060000,1729551600000,60,60,0,1
R000083,15,DOGE,DOGE-USDT-SWAP,1729551663000,1729551600000,1729551660000,1729548060000,1729551600000,60,60,0,1
R000083,15,ADA,ADA-USDT-SWAP,1729551663000,1729551600000,1729551660000,1729548060000,1729551600000,60,60,0,1
R000083,15,LTC,LTC-USDT-SWAP,1729551663000,1729551600000,1729551660000,1729548060000,1729551600000,60,60,0,1
R000083,15,BCH,BCH-USDT-SWAP,1729551663000,1729551600000,1729551660000,1729548060000,1729551600000,60,60,0,1
R000083,15,LINK,LINK-USDT-SWAP,1729551663000,1729551600000,1729551660000,1729548060000,1729551600000,60,60,0,1
R000088,16,ETH,ETH-USDT-SWAP,1729610337000,1729610220000,1729610280000,1729606680000,1729610220000,60,60,0,1
R000088,16,SOL,SOL-USDT-SWAP,1729610337000,1729610220000,1729610280000,1729606680000,1729610220000,60,60,0,1
R000088,16,XRP,XRP-USDT-SWAP,1729610337000,1729610220000,1729610280000,1729606680000,1729610220000,60,60,0,1
R000088,16,DOGE,DOGE-USDT-SWAP,1729610337000,1729610220000,1729610280000,1729606680000,1729610220000,60,60,0,1
R000088,16,ADA,ADA-USDT-SWAP,1729610337000,1729610220000,1729610280000,1729606680000,1729610220000,60,60,0,1
R000088,16,LTC,LTC-USDT-SWAP,1729610337000,1729610220000,1729610280000,1729606680000,1729610220000,60,60,0,1
R000088,16,BCH,BCH-USDT-SWAP,1729610337000,1729610220000,1729610280000,1729606680000,1729610220000,60,60,0,1
R000088,16,LINK,LINK-USDT-SWAP,1729610337000,1729610220000,1729610280000,1729606680000,1729610220000,60,60,0,1
R000106,17,ETH,ETH-USDT-SWAP,1730120465000,1730120400000,1730120460000,1730116860000,1730120400000,60,60,0,1
R000106,17,SOL,SOL-USDT-SWAP,1730120465000,1730120400000,1730120460000,1730116860000,1730120400000,60,60,0,1
R000106,17,XRP,XRP-USDT-SWAP,1730120465000,1730120400000,1730120460000,1730116860000,1730120400000,60,60,0,1
R000106,17,DOGE,DOGE-USDT-SWAP,1730120465000,1730120400000,1730120460000,1730116860000,1730120400000,60,60,0,1
R000106,17,ADA,ADA-USDT-SWAP,1730120465000,1730120400000,1730120460000,1730116860000,1730120400000,60,60,0,1
R000106,17,LTC,LTC-USDT-SWAP,1730120465000,1730120400000,1730120460000,1730116860000,1730120400000,60,60,0,1
R000106,17,BCH,BCH-USDT-SWAP,1730120465000,1730120400000,1730120460000,1730116860000,1730120400000,60,60,0,1
R000106,17,LINK,LINK-USDT-SWAP,1730120465000,1730120400000,1730120460000,1730116860000,1730120400000,60,60,0,1
R000126,18,ETH,ETH-USDT-SWAP,1730318644000,1730318580000,1730318640000,1730315040000,1730318580000,60,60,0,1
R000126,18,SOL,SOL-USDT-SWAP,1730318644000,1730318580000,1730318640000,1730315040000,1730318580000,60,60,0,1
R000126,18,XRP,XRP-USDT-SWAP,1730318644000,1730318580000,1730318640000,1730315040000,1730318580000,60,60,0,1
R000126,18,DOGE,DOGE-USDT-SWAP,1730318644000,1730318580000,1730318640000,1730315040000,1730318580000,60,60,0,1
R000126,18,ADA,ADA-USDT-SWAP,1730318644000,1730318580000,1730318640000,1730315040000,1730318580000,60,60,0,1
R000126,18,LTC,LTC-USDT-SWAP,1730318644000,1730318580000,1730318640000,1730315040000,1730318580000,60,60,0,1
R000126,18,BCH,BCH-USDT-SWAP,1730318644000,1730318580000,1730318640000,1730315040000,1730318580000,60,60,0,1
R000126,18,LINK,LINK-USDT-SWAP,1730318644000,1730318580000,1730318640000,1730315040000,1730318580000,60,60,0,1
R000157,19,ETH,ETH-USDT-SWAP,1730797249000,1730797140000,1730797200000,1730793600000,1730797140000,60,60,0,1
R000157,19,SOL,SOL-USDT-SWAP,1730797249000,1730797140000,1730797200000,1730793600000,1730797140000,60,60,0,1
R000157,19,XRP,XRP-USDT-SWAP,1730797249000,1730797140000,1730797200000,1730793600000,1730797140000,60,60,0,1
R000157,19,DOGE,DOGE-USDT-SWAP,1730797249000,1730797140000,1730797200000,1730793600000,1730797140000,60,60,0,1
R000157,19,ADA,ADA-USDT-SWAP,1730797249000,1730797140000,1730797200000,1730793600000,1730797140000,60,60,0,1
R000157,19,LTC,LTC-USDT-SWAP,1730797249000,1730797140000,1730797200000,1730793600000,1730797140000,60,60,0,1
R000157,19,BCH,BCH-USDT-SWAP,1730797249000,1730797140000,1730797200000,1730793600000,1730797140000,60,60,0,1
R000157,19,LINK,LINK-USDT-SWAP,1730797249000,1730797140000,1730797200000,1730793600000,1730797140000,60,60,0,1
R000162,20,ETH,ETH-USDT-SWAP,1730836213000,1730836140000,1730836200000,1730832600000,1730836140000,60,60,0,1
R000162,20,SOL,SOL-USDT-SWAP,1730836213000,1730836140000,1730836200000,1730832600000,1730836140000,60,60,0,1
R000162,20,XRP,XRP-USDT-SWAP,1730836213000,1730836140000,1730836200000,1730832600000,1730836140000,60,60,0,1
R000162,20,DOGE,DOGE-USDT-SWAP,1730836213000,1730836140000,1730836200000,1730832600000,1730836140000,60,60,0,1
R000162,20,ADA,ADA-USDT-SWAP,1730836213000,1730836140000,1730836200000,1730832600000,1730836140000,60,60,0,1
R000162,20,LTC,LTC-USDT-SWAP,1730836213000,1730836140000,1730836200000,1730832600000,1730836140000,60,60,0,1
R000162,20,BCH,BCH-USDT-SWAP,1730836213000,1730836140000,1730836200000,1730832600000,1730836140000,60,60,0,1
R000162,20,LINK,LINK-USDT-SWAP,1730836213000,1730836140000,1730836200000,1730832600000,1730836140000,60,60,0,1
R000163,21,ETH,ETH-USDT-SWAP,1730846025000,1730845920000,1730845980000,1730842380000,1730845920000,60,60,0,1
R000163,21,SOL,SOL-USDT-SWAP,1730846025000,1730845920000,1730845980000,1730842380000,1730845920000,60,60,0,1
R000163,21,XRP,XRP-USDT-SWAP,1730846025000,1730845920000,1730845980000,1730842380000,1730845920000,60,60,0,1
R000163,21,DOGE,DOGE-USDT-SWAP,1730846025000,1730845920000,1730845980000,1730842380000,1730845920000,60,60,0,1
R000163,21,ADA,ADA-USDT-SWAP,1730846025000,1730845920000,1730845980000,1730842380000,1730845920000,60,60,0,1
R000163,21,LTC,LTC-USDT-SWAP,1730846025000,1730845920000,1730845980000,1730842380000,1730845920000,60,60,0,1
R000163,21,BCH,BCH-USDT-SWAP,1730846025000,1730845920000,1730845980000,1730842380000,1730845920000,60,60,0,1
R000163,21,LINK,LINK-USDT-SWAP,1730846025000,1730845920000,1730845980000,1730842380000,1730845920000,60,60,0,1
R000172,22,ETH,ETH-USDT-SWAP,1730881823000,1730881740000,1730881800000,1730878200000,1730881740000,60,60,0,1
R000172,22,SOL,SOL-USDT-SWAP,1730881823000,1730881740000,1730881800000,1730878200000,1730881740000,60,60,0,1
R000172,22,XRP,XRP-USDT-SWAP,1730881823000,1730881740000,1730881800000,1730878200000,1730881740000,60,60,0,1
R000172,22,DOGE,DOGE-USDT-SWAP,1730881823000,1730881740000,1730881800000,1730878200000,1730881740000,60,60,0,1
R000172,22,ADA,ADA-USDT-SWAP,1730881823000,1730881740000,1730881800000,1730878200000,1730881740000,60,60,0,1
R000172,22,LTC,LTC-USDT-SWAP,1730881823000,1730881740000,1730881800000,1730878200000,1730881740000,60,60,0,1
R000172,22,BCH,BCH-USDT-SWAP,1730881823000,1730881740000,1730881800000,1730878200000,1730881740000,60,60,0,1
R000172,22,LINK,LINK-USDT-SWAP,1730881823000,1730881740000,1730881800000,1730878200000,1730881740000,60,60,0,1
R000174,23,ETH,ETH-USDT-SWAP,1730889513000,1730889420000,1730889480000,1730885880000,1730889420000,60,60,0,1
R000174,23,SOL,SOL-USDT-SWAP,1730889513000,1730889420000,1730889480000,1730885880000,1730889420000,60,60,0,1
R000174,23,XRP,XRP-USDT-SWAP,1730889513000,1730889420000,1730889480000,1730885880000,1730889420000,60,60,0,1
R000174,23,DOGE,DOGE-USDT-SWAP,1730889513000,1730889420000,1730889480000,1730885880000,1730889420000,60,60,0,1
R000174,23,ADA,ADA-USDT-SWAP,1730889513000,1730889420000,1730889480000,1730885880000,1730889420000,60,60,0,1
R000174,23,LTC,LTC-USDT-SWAP,1730889513000,1730889420000,1730889480000,1730885880000,1730889420000,60,60,0,1
R000174,23,BCH,BCH-USDT-SWAP,1730889513000,1730889420000,1730889480000,1730885880000,1730889420000,60,60,0,1
R000174,23,LINK,LINK-USDT-SWAP,1730889513000,1730889420000,1730889480000,1730885880000,1730889420000,60,60,0,1
R000179,24,ETH,ETH-USDT-SWAP,1730904273000,1730904180000,1730904240000,1730900640000,1730904180000,60,60,0,1
R000179,24,SOL,SOL-USDT-SWAP,1730904273000,1730904180000,1730904240000,1730900640000,1730904180000,60,60,0,1
R000179,24,XRP,XRP-USDT-SWAP,1730904273000,1730904180000,1730904240000,1730900640000,1730904180000,60,60,0,1
R000179,24,DOGE,DOGE-USDT-SWAP,1730904273000,1730904180000,1730904240000,1730900640000,1730904180000,60,60,0,1
R000179,24,ADA,ADA-USDT-SWAP,1730904273000,1730904180000,1730904240000,1730900640000,1730904180000,60,60,0,1
R000179,24,LTC,LTC-USDT-SWAP,1730904273000,1730904180000,1730904240000,1730900640000,1730904180000,60,60,0,1
R000179,24,BCH,BCH-USDT-SWAP,1730904273000,1730904180000,1730904240000,1730900640000,1730904180000,60,60,0,1
R000179,24,LINK,LINK-USDT-SWAP,1730904273000,1730904180000,1730904240000,1730900640000,1730904180000,60,60,0,1
R000190,25,ETH,ETH-USDT-SWAP,1730943018000,1730942940000,1730943000000,1730939400000,1730942940000,60,60,0,1
R000190,25,SOL,SOL-USDT-SWAP,1730943018000,1730942940000,1730943000000,1730939400000,1730942940000,60,60,0,1
R000190,25,XRP,XRP-USDT-SWAP,1730943018000,1730942940000,1730943000000,1730939400000,1730942940000,60,60,0,1
R000190,25,DOGE,DOGE-USDT-SWAP,1730943018000,1730942940000,1730943000000,1730939400000,1730942940000,60,60,0,1
R000190,25,ADA,ADA-USDT-SWAP,1730943018000,1730942940000,1730943000000,1730939400000,1730942940000,60,60,0,1
R000190,25,LTC,LTC-USDT-SWAP,1730943018000,1730942940000,1730943000000,1730939400000,1730942940000,60,60,0,1
R000190,25,BCH,BCH-USDT-SWAP,1730943018000,1730942940000,1730943000000,1730939400000,1730942940000,60,60,0,1
R000190,25,LINK,LINK-USDT-SWAP,1730943018000,1730942940000,1730943000000,1730939400000,1730942940000,60,60,0,1
R000215,26,ETH,ETH-USDT-SWAP,1731096764000,1731096660000,1731096720000,1731093120000,1731096660000,60,60,0,1
R000215,26,SOL,SOL-USDT-SWAP,1731096764000,1731096660000,1731096720000,1731093120000,1731096660000,60,60,0,1
R000215,26,XRP,XRP-USDT-SWAP,1731096764000,1731096660000,1731096720000,1731093120000,1731096660000,60,60,0,1
R000215,26,DOGE,DOGE-USDT-SWAP,1731096764000,1731096660000,1731096720000,1731093120000,1731096660000,60,60,0,1
R000215,26,ADA,ADA-USDT-SWAP,1731096764000,1731096660000,1731096720000,1731093120000,1731096660000,60,60,0,1
R000215,26,LTC,LTC-USDT-SWAP,1731096764000,1731096660000,1731096720000,1731093120000,1731096660000,60,60,0,1
R000215,26,BCH,BCH-USDT-SWAP,1731096764000,1731096660000,1731096720000,1731093120000,1731096660000,60,60,0,1
R000215,26,LINK,LINK-USDT-SWAP,1731096764000,1731096660000,1731096720000,1731093120000,1731096660000,60,60,0,1
R000246,27,ETH,ETH-USDT-SWAP,1731240534000,1731240420000,1731240480000,1731236880000,1731240420000,60,60,0,1
R000246,27,SOL,SOL-USDT-SWAP,1731240534000,1731240420000,1731240480000,1731236880000,1731240420000,60,60,0,1
R000246,27,XRP,XRP-USDT-SWAP,1731240534000,1731240420000,1731240480000,1731236880000,1731240420000,60,60,0,1
R000246,27,DOGE,DOGE-USDT-SWAP,1731240534000,1731240420000,1731240480000,1731236880000,1731240420000,60,60,0,1
R000246,27,ADA,ADA-USDT-SWAP,1731240534000,1731240420000,1731240480000,1731236880000,1731240420000,60,60,0,1
R000246,27,LTC,LTC-USDT-SWAP,1731240534000,1731240420000,1731240480000,1731236880000,1731240420000,60,60,0,1
R000246,27,BCH,BCH-USDT-SWAP,1731240534000,1731240420000,1731240480000,1731236880000,1731240420000,60,60,0,1
R000246,27,LINK,LINK-USDT-SWAP,1731240534000,1731240420000,1731240480000,1731236880000,1731240420000,60,60,0,1
R000260,28,ETH,ETH-USDT-SWAP,1731277010000,1731276900000,1731276960000,1731273360000,1731276900000,60,60,0,1
R000260,28,SOL,SOL-USDT-SWAP,1731277010000,1731276900000,1731276960000,1731273360000,1731276900000,60,60,0,1
R000260,28,XRP,XRP-USDT-SWAP,1731277010000,1731276900000,1731276960000,1731273360000,1731276900000,60,60,0,1
R000260,28,DOGE,DOGE-USDT-SWAP,1731277010000,1731276900000,1731276960000,1731273360000,1731276900000,60,60,0,1
R000260,28,ADA,ADA-USDT-SWAP,1731277010000,1731276900000,1731276960000,1731273360000,1731276900000,60,60,0,1
R000260,28,LTC,LTC-USDT-SWAP,1731277010000,1731276900000,1731276960000,1731273360000,1731276900000,60,60,0,1
R000260,28,BCH,BCH-USDT-SWAP,1731277010000,1731276900000,1731276960000,1731273360000,1731276900000,60,60,0,1
R000260,28,LINK,LINK-USDT-SWAP,1731277010000,1731276900000,1731276960000,1731273360000,1731276900000,60,60,0,1
R000274,29,ETH,ETH-USDT-SWAP,1731330701000,1731330600000,1731330660000,1731327060000,1731330600000,60,60,0,1
R000274,29,SOL,SOL-USDT-SWAP,1731330701000,1731330600000,1731330660000,1731327060000,1731330600000,60,60,0,1
R000274,29,XRP,XRP-USDT-SWAP,1731330701000,1731330600000,1731330660000,1731327060000,1731330600000,60,60,0,1
R000274,29,DOGE,DOGE-USDT-SWAP,1731330701000,1731330600000,1731330660000,1731327060000,1731330600000,60,60,0,1
R000274,29,ADA,ADA-USDT-SWAP,1731330701000,1731330600000,1731330660000,1731327060000,1731330600000,60,60,0,1
R000274,29,LTC,LTC-USDT-SWAP,1731330701000,1731330600000,1731330660000,1731327060000,1731330600000,60,60,0,1
R000274,29,BCH,BCH-USDT-SWAP,1731330701000,1731330600000,1731330660000,1731327060000,1731330600000,60,60,0,1
R000274,29,LINK,LINK-USDT-SWAP,1731330701000,1731330600000,1731330660000,1731327060000,1731330600000,60,60,0,1
R000275,30,ETH,ETH-USDT-SWAP,1731335635000,1731335520000,1731335580000,1731331980000,1731335520000,60,60,0,1
R000275,30,SOL,SOL-USDT-SWAP,1731335635000,1731335520000,1731335580000,1731331980000,1731335520000,60,60,0,1
R000275,30,XRP,XRP-USDT-SWAP,1731335635000,1731335520000,1731335580000,1731331980000,1731335520000,60,60,0,1
R000275,30,DOGE,DOGE-USDT-SWAP,1731335635000,1731335520000,1731335580000,1731331980000,1731335520000,60,60,0,1
R000275,30,ADA,ADA-USDT-SWAP,1731335635000,1731335520000,1731335580000,1731331980000,1731335520000,60,60,0,1
R000275,30,LTC,LTC-USDT-SWAP,1731335635000,1731335520000,1731335580000,1731331980000,1731335520000,60,60,0,1
R000275,30,BCH,BCH-USDT-SWAP,1731335635000,1731335520000,1731335580000,1731331980000,1731335520000,60,60,0,1
R000275,30,LINK,LINK-USDT-SWAP,1731335635000,1731335520000,1731335580000,1731331980000,1731335520000,60,60,0,1
R000277,31,ETH,ETH-USDT-SWAP,1731341114000,1731341040000,1731341100000,1731337500000,1731341040000,60,60,0,1
R000277,31,SOL,SOL-USDT-SWAP,1731341114000,1731341040000,1731341100000,1731337500000,1731341040000,60,60,0,1
R000277,31,XRP,XRP-USDT-SWAP,1731341114000,1731341040000,1731341100000,1731337500000,1731341040000,60,60,0,1
R000277,31,DOGE,DOGE-USDT-SWAP,1731341114000,1731341040000,1731341100000,1731337500000,1731341040000,60,60,0,1
R000277,31,ADA,ADA-USDT-SWAP,1731341114000,1731341040000,1731341100000,1731337500000,1731341040000,60,60,0,1
R000277,31,LTC,LTC-USDT-SWAP,1731341114000,1731341040000,1731341100000,1731337500000,1731341040000,60,60,0,1
R000277,31,BCH,BCH-USDT-SWAP,1731341114000,1731341040000,1731341100000,1731337500000,1731341040000,60,60,0,1
R000277,31,LINK,LINK-USDT-SWAP,1731341114000,1731341040000,1731341100000,1731337500000,1731341040000,60,60,0,1
R000280,32,ETH,ETH-USDT-SWAP,1731350352000,1731350280000,1731350340000,1731346740000,1731350280000,60,60,0,1
R000280,32,SOL,SOL-USDT-SWAP,1731350352000,1731350280000,1731350340000,1731346740000,1731350280000,60,60,0,1
R000280,32,XRP,XRP-USDT-SWAP,1731350352000,1731350280000,1731350340000,1731346740000,1731350280000,60,60,0,1
R000280,32,DOGE,DOGE-USDT-SWAP,1731350352000,1731350280000,1731350340000,1731346740000,1731350280000,60,60,0,1
R000280,32,ADA,ADA-USDT-SWAP,1731350352000,1731350280000,1731350340000,1731346740000,1731350280000,60,60,0,1
R000280,32,LTC,LTC-USDT-SWAP,1731350352000,1731350280000,1731350340000,1731346740000,1731350280000,60,60,0,1
R000280,32,BCH,BCH-USDT-SWAP,1731350352000,1731350280000,1731350340000,1731346740000,1731350280000,60,60,0,1
R000280,32,LINK,LINK-USDT-SWAP,1731350352000,1731350280000,1731350340000,1731346740000,1731350280000,60,60,0,1
R000281,33,ETH,ETH-USDT-SWAP,1731351781000,1731351720000,1731351780000,1731348180000,1731351720000,60,60,0,1
R000281,33,SOL,SOL-USDT-SWAP,1731351781000,1731351720000,1731351780000,1731348180000,1731351720000,60,60,0,1
R000281,33,XRP,XRP-USDT-SWAP,1731351781000,1731351720000,1731351780000,1731348180000,1731351720000,60,60,0,1
R000281,33,DOGE,DOGE-USDT-SWAP,1731351781000,1731351720000,1731351780000,1731348180000,1731351720000,60,60,0,1
R000281,33,ADA,ADA-USDT-SWAP,1731351781000,1731351720000,1731351780000,1731348180000,1731351720000,60,60,0,1
R000281,33,LTC,LTC-USDT-SWAP,1731351781000,1731351720000,1731351780000,1731348180000,1731351720000,60,60,0,1
R000281,33,BCH,BCH-USDT-SWAP,1731351781000,1731351720000,1731351780000,1731348180000,1731351720000,60,60,0,1
R000281,33,LINK,LINK-USDT-SWAP,1731351781000,1731351720000,1731351780000,1731348180000,1731351720000,60,60,0,1
R000282,34,ETH,ETH-USDT-SWAP,1731354765000,1731354660000,1731354720000,1731351120000,1731354660000,60,60,0,1
R000282,34,SOL,SOL-USDT-SWAP,1731354765000,1731354660000,1731354720000,1731351120000,1731354660000,60,60,0,1
R000282,34,XRP,XRP-USDT-SWAP,1731354765000,1731354660000,1731354720000,1731351120000,1731354660000,60,60,0,1
R000282,34,DOGE,DOGE-USDT-SWAP,1731354765000,1731354660000,1731354720000,1731351120000,1731354660000,60,60,0,1
R000282,34,ADA,ADA-USDT-SWAP,1731354765000,1731354660000,1731354720000,1731351120000,1731354660000,60,60,0,1
R000282,34,LTC,LTC-USDT-SWAP,1731354765000,1731354660000,1731354720000,1731351120000,1731354660000,60,60,0,1
R000282,34,BCH,BCH-USDT-SWAP,1731354765000,1731354660000,1731354720000,1731351120000,1731354660000,60,60,0,1
R000282,34,LINK,LINK-USDT-SWAP,1731354765000,1731354660000,1731354720000,1731351120000,1731354660000,60,60,0,1
R000285,35,ETH,ETH-USDT-SWAP,1731366094000,1731366000000,1731366060000,1731362460000,1731366000000,60,60,0,1
R000285,35,SOL,SOL-USDT-SWAP,1731366094000,1731366000000,1731366060000,1731362460000,1731366000000,60,60,0,1
R000285,35,XRP,XRP-USDT-SWAP,1731366094000,1731366000000,1731366060000,1731362460000,1731366000000,60,60,0,1
R000285,35,DOGE,DOGE-USDT-SWAP,1731366094000,1731366000000,1731366060000,1731362460000,1731366000000,60,60,0,1
R000285,35,ADA,ADA-USDT-SWAP,1731366094000,1731366000000,1731366060000,1731362460000,1731366000000,60,60,0,1
R000285,35,LTC,LTC-USDT-SWAP,1731366094000,1731366000000,1731366060000,1731362460000,1731366000000,60,60,0,1
R000285,35,BCH,BCH-USDT-SWAP,1731366094000,1731366000000,1731366060000,1731362460000,1731366000000,60,60,0,1
R000285,35,LINK,LINK-USDT-SWAP,1731366094000,1731366000000,1731366060000,1731362460000,1731366000000,60,60,0,1
R000292,36,ETH,ETH-USDT-SWAP,1731388075000,1731387960000,1731388020000,1731384420000,1731387960000,60,60,0,1
R000292,36,SOL,SOL-USDT-SWAP,1731388075000,1731387960000,1731388020000,1731384420000,1731387960000,60,60,0,1
R000292,36,XRP,XRP-USDT-SWAP,1731388075000,1731387960000,1731388020000,1731384420000,1731387960000,60,60,0,1
R000292,36,DOGE,DOGE-USDT-SWAP,1731388075000,1731387960000,1731388020000,1731384420000,1731387960000,60,60,0,1
R000292,36,ADA,ADA-USDT-SWAP,1731388075000,1731387960000,1731388020000,1731384420000,1731387960000,60,60,0,1
R000292,36,LTC,LTC-USDT-SWAP,1731388075000,1731387960000,1731388020000,1731384420000,1731387960000,60,60,0,1
R000292,36,BCH,BCH-USDT-SWAP,1731388075000,1731387960000,1731388020000,1731384420000,1731387960000,60,60,0,1
R000292,36,LINK,LINK-USDT-SWAP,1731388075000,1731387960000,1731388020000,1731384420000,1731387960000,60,60,0,1
R000303,37,ETH,ETH-USDT-SWAP,1731418610000,1731418500000,1731418560000,1731414960000,1731418500000,60,60,0,1
R000303,37,SOL,SOL-USDT-SWAP,1731418610000,1731418500000,1731418560000,1731414960000,1731418500000,60,60,0,1
R000303,37,XRP,XRP-USDT-SWAP,1731418610000,1731418500000,1731418560000,1731414960000,1731418500000,60,60,0,1
R000303,37,DOGE,DOGE-USDT-SWAP,1731418610000,1731418500000,1731418560000,1731414960000,1731418500000,60,60,0,1
R000303,37,ADA,ADA-USDT-SWAP,1731418610000,1731418500000,1731418560000,1731414960000,1731418500000,60,60,0,1
R000303,37,LTC,LTC-USDT-SWAP,1731418610000,1731418500000,1731418560000,1731414960000,1731418500000,60,60,0,1
R000303,37,BCH,BCH-USDT-SWAP,1731418610000,1731418500000,1731418560000,1731414960000,1731418500000,60,60,0,1
R000303,37,LINK,LINK-USDT-SWAP,1731418610000,1731418500000,1731418560000,1731414960000,1731418500000,60,60,0,1
R000308,38,ETH,ETH-USDT-SWAP,1731432076000,1731432000000,1731432060000,1731428460000,1731432000000,60,60,0,1
R000308,38,SOL,SOL-USDT-SWAP,1731432076000,1731432000000,1731432060000,1731428460000,1731432000000,60,60,0,1
R000308,38,XRP,XRP-USDT-SWAP,1731432076000,1731432000000,1731432060000,1731428460000,1731432000000,60,60,0,1
R000308,38,DOGE,DOGE-USDT-SWAP,1731432076000,1731432000000,1731432060000,1731428460000,1731432000000,60,60,0,1
R000308,38,ADA,ADA-USDT-SWAP,1731432076000,1731432000000,1731432060000,1731428460000,1731432000000,60,60,0,1
R000308,38,LTC,LTC-USDT-SWAP,1731432076000,1731432000000,1731432060000,1731428460000,1731432000000,60,60,0,1
R000308,38,BCH,BCH-USDT-SWAP,1731432076000,1731432000000,1731432060000,1731428460000,1731432000000,60,60,0,1
R000308,38,LINK,LINK-USDT-SWAP,1731432076000,1731432000000,1731432060000,1731428460000,1731432000000,60,60,0,1
R000321,39,ETH,ETH-USDT-SWAP,1731461051000,1731460980000,1731461040000,1731457440000,1731460980000,60,60,0,1
R000321,39,SOL,SOL-USDT-SWAP,1731461051000,1731460980000,1731461040000,1731457440000,1731460980000,60,60,0,1
R000321,39,XRP,XRP-USDT-SWAP,1731461051000,1731460980000,1731461040000,1731457440000,1731460980000,60,60,0,1
R000321,39,DOGE,DOGE-USDT-SWAP,1731461051000,1731460980000,1731461040000,1731457440000,1731460980000,60,60,0,1
R000321,39,ADA,ADA-USDT-SWAP,1731461051000,1731460980000,1731461040000,1731457440000,1731460980000,60,60,0,1
R000321,39,LTC,LTC-USDT-SWAP,1731461051000,1731460980000,1731461040000,1731457440000,1731460980000,60,60,0,1
R000321,39,BCH,BCH-USDT-SWAP,1731461051000,1731460980000,1731461040000,1731457440000,1731460980000,60,60,0,1
R000321,39,LINK,LINK-USDT-SWAP,1731461051000,1731460980000,1731461040000,1731457440000,1731460980000,60,60,0,1
R000341,40,ETH,ETH-USDT-SWAP,1731521876000,1731521760000,1731521820000,1731518220000,1731521760000,60,60,0,1
R000341,40,SOL,SOL-USDT-SWAP,1731521876000,1731521760000,1731521820000,1731518220000,1731521760000,60,60,0,1
R000341,40,XRP,XRP-USDT-SWAP,1731521876000,1731521760000,1731521820000,1731518220000,1731521760000,60,60,0,1
R000341,40,DOGE,DOGE-USDT-SWAP,1731521876000,1731521760000,1731521820000,1731518220000,1731521760000,60,60,0,1
R000341,40,ADA,ADA-USDT-SWAP,1731521876000,1731521760000,1731521820000,1731518220000,1731521760000,60,60,0,1
R000341,40,LTC,LTC-USDT-SWAP,1731521876000,1731521760000,1731521820000,1731518220000,1731521760000,60,60,0,1
R000341,40,BCH,BCH-USDT-SWAP,1731521876000,1731521760000,1731521820000,1731518220000,1731521760000,60,60,0,1
R000341,40,LINK,LINK-USDT-SWAP,1731521876000,1731521760000,1731521820000,1731518220000,1731521760000,60,60,0,1
R000348,41,ETH,ETH-USDT-SWAP,1731540548000,1731540480000,1731540540000,1731536940000,1731540480000,60,60,0,1
R000348,41,SOL,SOL-USDT-SWAP,1731540548000,1731540480000,1731540540000,1731536940000,1731540480000,60,60,0,1
R000348,41,XRP,XRP-USDT-SWAP,1731540548000,1731540480000,1731540540000,1731536940000,1731540480000,60,60,0,1
R000348,41,DOGE,DOGE-USDT-SWAP,1731540548000,1731540480000,1731540540000,1731536940000,1731540480000,60,60,0,1
R000348,41,ADA,ADA-USDT-SWAP,1731540548000,1731540480000,1731540540000,1731536940000,1731540480000,60,60,0,1
R000348,41,LTC,LTC-USDT-SWAP,1731540548000,1731540480000,1731540540000,1731536940000,1731540480000,60,60,0,1
R000348,41,BCH,BCH-USDT-SWAP,1731540548000,1731540480000,1731540540000,1731536940000,1731540480000,60,60,0,1
R000348,41,LINK,LINK-USDT-SWAP,1731540548000,1731540480000,1731540540000,1731536940000,1731540480000,60,60,0,1
R000363,42,ETH,ETH-USDT-SWAP,1731599347000,1731599280000,1731599340000,1731595740000,1731599280000,60,60,0,1
R000363,42,SOL,SOL-USDT-SWAP,1731599347000,1731599280000,1731599340000,1731595740000,1731599280000,60,60,0,1
R000363,42,XRP,XRP-USDT-SWAP,1731599347000,1731599280000,1731599340000,1731595740000,1731599280000,60,60,0,1
R000363,42,DOGE,DOGE-USDT-SWAP,1731599347000,1731599280000,1731599340000,1731595740000,1731599280000,60,60,0,1
R000363,42,ADA,ADA-USDT-SWAP,1731599347000,1731599280000,1731599340000,1731595740000,1731599280000,60,60,0,1
R000363,42,LTC,LTC-USDT-SWAP,1731599347000,1731599280000,1731599340000,1731595740000,1731599280000,60,60,0,1
R000363,42,BCH,BCH-USDT-SWAP,1731599347000,1731599280000,1731599340000,1731595740000,1731599280000,60,60,0,1
R000363,42,LINK,LINK-USDT-SWAP,1731599347000,1731599280000,1731599340000,1731595740000,1731599280000,60,60,0,1
R000383,43,ETH,ETH-USDT-SWAP,1731661612000,1731661500000,1731661560000,1731657960000,1731661500000,60,60,0,1
R000383,43,SOL,SOL-USDT-SWAP,1731661612000,1731661500000,1731661560000,1731657960000,1731661500000,60,60,0,1
R000383,43,XRP,XRP-USDT-SWAP,1731661612000,1731661500000,1731661560000,1731657960000,1731661500000,60,60,0,1
R000383,43,DOGE,DOGE-USDT-SWAP,1731661612000,1731661500000,1731661560000,1731657960000,1731661500000,60,60,0,1
R000383,43,ADA,ADA-USDT-SWAP,1731661612000,1731661500000,1731661560000,1731657960000,1731661500000,60,60,0,1
R000383,43,LTC,LTC-USDT-SWAP,1731661612000,1731661500000,1731661560000,1731657960000,1731661500000,60,60,0,1
R000383,43,BCH,BCH-USDT-SWAP,1731661612000,1731661500000,1731661560000,1731657960000,1731661500000,60,60,0,1
R000383,43,LINK,LINK-USDT-SWAP,1731661612000,1731661500000,1731661560000,1731657960000,1731661500000,60,60,0,1
R000460,44,ETH,ETH-USDT-SWAP,1731941754000,1731941640000,1731941700000,1731938100000,1731941640000,60,60,0,1
R000460,44,SOL,SOL-USDT-SWAP,1731941754000,1731941640000,1731941700000,1731938100000,1731941640000,60,60,0,1
R000460,44,XRP,XRP-USDT-SWAP,1731941754000,1731941640000,1731941700000,1731938100000,1731941640000,60,60,0,1
R000460,44,DOGE,DOGE-USDT-SWAP,1731941754000,1731941640000,1731941700000,1731938100000,1731941640000,60,60,0,1
R000460,44,ADA,ADA-USDT-SWAP,1731941754000,1731941640000,1731941700000,1731938100000,1731941640000,60,60,0,1
R000460,44,LTC,LTC-USDT-SWAP,1731941754000,1731941640000,1731941700000,1731938100000,1731941640000,60,60,0,1
R000460,44,BCH,BCH-USDT-SWAP,1731941754000,1731941640000,1731941700000,1731938100000,1731941640000,60,60,0,1
R000460,44,LINK,LINK-USDT-SWAP,1731941754000,1731941640000,1731941700000,1731938100000,1731941640000,60,60,0,1
R000464,45,ETH,ETH-USDT-SWAP,1731952225000,1731952140000,1731952200000,1731948600000,1731952140000,60,60,0,1
R000464,45,SOL,SOL-USDT-SWAP,1731952225000,1731952140000,1731952200000,1731948600000,1731952140000,60,60,0,1
R000464,45,XRP,XRP-USDT-SWAP,1731952225000,1731952140000,1731952200000,1731948600000,1731952140000,60,60,0,1
R000464,45,DOGE,DOGE-USDT-SWAP,1731952225000,1731952140000,1731952200000,1731948600000,1731952140000,60,60,0,1
R000464,45,ADA,ADA-USDT-SWAP,1731952225000,1731952140000,1731952200000,1731948600000,1731952140000,60,60,0,1
R000464,45,LTC,LTC-USDT-SWAP,1731952225000,1731952140000,1731952200000,1731948600000,1731952140000,60,60,0,1
R000464,45,BCH,BCH-USDT-SWAP,1731952225000,1731952140000,1731952200000,1731948600000,1731952140000,60,60,0,1
R000464,45,LINK,LINK-USDT-SWAP,1731952225000,1731952140000,1731952200000,1731948600000,1731952140000,60,60,0,1
R000465,46,ETH,ETH-USDT-SWAP,1731954156000,1731954060000,1731954120000,1731950520000,1731954060000,60,60,0,1
R000465,46,SOL,SOL-USDT-SWAP,1731954156000,1731954060000,1731954120000,1731950520000,1731954060000,60,60,0,1
R000465,46,XRP,XRP-USDT-SWAP,1731954156000,1731954060000,1731954120000,1731950520000,1731954060000,60,60,0,1
R000465,46,DOGE,DOGE-USDT-SWAP,1731954156000,1731954060000,1731954120000,1731950520000,1731954060000,60,60,0,1
R000465,46,ADA,ADA-USDT-SWAP,1731954156000,1731954060000,1731954120000,1731950520000,1731954060000,60,60,0,1
R000465,46,LTC,LTC-USDT-SWAP,1731954156000,1731954060000,1731954120000,1731950520000,1731954060000,60,60,0,1
R000465,46,BCH,BCH-USDT-SWAP,1731954156000,1731954060000,1731954120000,1731950520000,1731954060000,60,60,0,1
R000465,46,LINK,LINK-USDT-SWAP,1731954156000,1731954060000,1731954120000,1731950520000,1731954060000,60,60,0,1
R000466,47,ETH,ETH-USDT-SWAP,1731955960000,1731955860000,1731955920000,1731952320000,1731955860000,60,60,0,1
R000466,47,SOL,SOL-USDT-SWAP,1731955960000,1731955860000,1731955920000,1731952320000,1731955860000,60,60,0,1
R000466,47,XRP,XRP-USDT-SWAP,1731955960000,1731955860000,1731955920000,1731952320000,1731955860000,60,60,0,1
R000466,47,DOGE,DOGE-USDT-SWAP,1731955960000,1731955860000,1731955920000,1731952320000,1731955860000,60,60,0,1
R000466,47,ADA,ADA-USDT-SWAP,1731955960000,1731955860000,1731955920000,1731952320000,1731955860000,60,60,0,1
R000466,47,LTC,LTC-USDT-SWAP,1731955960000,1731955860000,1731955920000,1731952320000,1731955860000,60,60,0,1
R000466,47,BCH,BCH-USDT-SWAP,1731955960000,1731955860000,1731955920000,1731952320000,1731955860000,60,60,0,1
R000466,47,LINK,LINK-USDT-SWAP,1731955960000,1731955860000,1731955920000,1731952320000,1731955860000,60,60,0,1
R000470,48,ETH,ETH-USDT-SWAP,1731963762000,1731963660000,1731963720000,1731960120000,1731963660000,60,60,0,1
R000470,48,SOL,SOL-USDT-SWAP,1731963762000,1731963660000,1731963720000,1731960120000,1731963660000,60,60,0,1
R000470,48,XRP,XRP-USDT-SWAP,1731963762000,1731963660000,1731963720000,1731960120000,1731963660000,60,60,0,1
R000470,48,DOGE,DOGE-USDT-SWAP,1731963762000,1731963660000,1731963720000,1731960120000,1731963660000,60,60,0,1
R000470,48,ADA,ADA-USDT-SWAP,1731963762000,1731963660000,1731963720000,1731960120000,1731963660000,60,60,0,1
R000470,48,LTC,LTC-USDT-SWAP,1731963762000,1731963660000,1731963720000,1731960120000,1731963660000,60,60,0,1
R000470,48,BCH,BCH-USDT-SWAP,1731963762000,1731963660000,1731963720000,1731960120000,1731963660000,60,60,0,1
R000470,48,LINK,LINK-USDT-SWAP,1731963762000,1731963660000,1731963720000,1731960120000,1731963660000,60,60,0,1
R000472,49,ETH,ETH-USDT-SWAP,1731977567000,1731977460000,1731977520000,1731973920000,1731977460000,60,60,0,1
R000472,49,SOL,SOL-USDT-SWAP,1731977567000,1731977460000,1731977520000,1731973920000,1731977460000,60,60,0,1
R000472,49,XRP,XRP-USDT-SWAP,1731977567000,1731977460000,1731977520000,1731973920000,1731977460000,60,60,0,1
R000472,49,DOGE,DOGE-USDT-SWAP,1731977567000,1731977460000,1731977520000,1731973920000,1731977460000,60,60,0,1
R000472,49,ADA,ADA-USDT-SWAP,1731977567000,1731977460000,1731977520000,1731973920000,1731977460000,60,60,0,1
R000472,49,LTC,LTC-USDT-SWAP,1731977567000,1731977460000,1731977520000,1731973920000,1731977460000,60,60,0,1
R000472,49,BCH,BCH-USDT-SWAP,1731977567000,1731977460000,1731977520000,1731973920000,1731977460000,60,60,0,1
R000472,49,LINK,LINK-USDT-SWAP,1731977567000,1731977460000,1731977520000,1731973920000,1731977460000,60,60,0,1
R000479,50,ETH,ETH-USDT-SWAP,1732042912000,1732042800000,1732042860000,1732039260000,1732042800000,60,60,0,1
R000479,50,SOL,SOL-USDT-SWAP,1732042912000,1732042800000,1732042860000,1732039260000,1732042800000,60,60,0,1
R000479,50,XRP,XRP-USDT-SWAP,1732042912000,1732042800000,1732042860000,1732039260000,1732042800000,60,60,0,1
R000479,50,DOGE,DOGE-USDT-SWAP,1732042912000,1732042800000,1732042860000,1732039260000,1732042800000,60,60,0,1
R000479,50,ADA,ADA-USDT-SWAP,1732042912000,1732042800000,1732042860000,1732039260000,1732042800000,60,60,0,1
R000479,50,LTC,LTC-USDT-SWAP,1732042912000,1732042800000,1732042860000,1732039260000,1732042800000,60,60,0,1
R000479,50,BCH,BCH-USDT-SWAP,1732042912000,1732042800000,1732042860000,1732039260000,1732042800000,60,60,0,1
R000479,50,LINK,LINK-USDT-SWAP,1732042912000,1732042800000,1732042860000,1732039260000,1732042800000,60,60,0,1
R000487,51,ETH,ETH-USDT-SWAP,1732071776000,1732071660000,1732071720000,1732068120000,1732071660000,60,60,0,1
R000487,51,SOL,SOL-USDT-SWAP,1732071776000,1732071660000,1732071720000,1732068120000,1732071660000,60,60,0,1
R000487,51,XRP,XRP-USDT-SWAP,1732071776000,1732071660000,1732071720000,1732068120000,1732071660000,60,60,0,1
R000487,51,DOGE,DOGE-USDT-SWAP,1732071776000,1732071660000,1732071720000,1732068120000,1732071660000,60,60,0,1
R000487,51,ADA,ADA-USDT-SWAP,1732071776000,1732071660000,1732071720000,1732068120000,1732071660000,60,60,0,1
R000487,51,LTC,LTC-USDT-SWAP,1732071776000,1732071660000,1732071720000,1732068120000,1732071660000,60,60,0,1
R000487,51,BCH,BCH-USDT-SWAP,1732071776000,1732071660000,1732071720000,1732068120000,1732071660000,60,60,0,1
R000487,51,LINK,LINK-USDT-SWAP,1732071776000,1732071660000,1732071720000,1732068120000,1732071660000,60,60,0,1
R000501,52,ETH,ETH-USDT-SWAP,1732170229000,1732170120000,1732170180000,1732166580000,1732170120000,60,60,0,1
R000501,52,SOL,SOL-USDT-SWAP,1732170229000,1732170120000,1732170180000,1732166580000,1732170120000,60,60,0,1
R000501,52,XRP,XRP-USDT-SWAP,1732170229000,1732170120000,1732170180000,1732166580000,1732170120000,60,60,0,1
R000501,52,DOGE,DOGE-USDT-SWAP,1732170229000,1732170120000,1732170180000,1732166580000,1732170120000,60,60,0,1
R000501,52,ADA,ADA-USDT-SWAP,1732170229000,1732170120000,1732170180000,1732166580000,1732170120000,60,60,0,1
R000501,52,LTC,LTC-USDT-SWAP,1732170229000,1732170120000,1732170180000,1732166580000,1732170120000,60,60,0,1
R000501,52,BCH,BCH-USDT-SWAP,1732170229000,1732170120000,1732170180000,1732166580000,1732170120000,60,60,0,1
R000501,52,LINK,LINK-USDT-SWAP,1732170229000,1732170120000,1732170180000,1732166580000,1732170120000,60,60,0,1
R000505,53,ETH,ETH-USDT-SWAP,1732180231000,1732180140000,1732180200000,1732176600000,1732180140000,60,60,0,1
R000505,53,SOL,SOL-USDT-SWAP,1732180231000,1732180140000,1732180200000,1732176600000,1732180140000,60,60,0,1
R000505,53,XRP,XRP-USDT-SWAP,1732180231000,1732180140000,1732180200000,1732176600000,1732180140000,60,60,0,1
R000505,53,DOGE,DOGE-USDT-SWAP,1732180231000,1732180140000,1732180200000,1732176600000,1732180140000,60,60,0,1
R000505,53,ADA,ADA-USDT-SWAP,1732180231000,1732180140000,1732180200000,1732176600000,1732180140000,60,60,0,1
R000505,53,LTC,LTC-USDT-SWAP,1732180231000,1732180140000,1732180200000,1732176600000,1732180140000,60,60,0,1
R000505,53,BCH,BCH-USDT-SWAP,1732180231000,1732180140000,1732180200000,1732176600000,1732180140000,60,60,0,1
R000505,53,LINK,LINK-USDT-SWAP,1732180231000,1732180140000,1732180200000,1732176600000,1732180140000,60,60,0,1
R000506,54,ETH,ETH-USDT-SWAP,1732187221000,1732187160000,1732187220000,1732183620000,1732187160000,60,60,0,1
R000506,54,SOL,SOL-USDT-SWAP,1732187221000,1732187160000,1732187220000,1732183620000,1732187160000,60,60,0,1
R000506,54,XRP,XRP-USDT-SWAP,1732187221000,1732187160000,1732187220000,1732183620000,1732187160000,60,60,0,1
R000506,54,DOGE,DOGE-USDT-SWAP,1732187221000,1732187160000,1732187220000,1732183620000,1732187160000,60,60,0,1
R000506,54,ADA,ADA-USDT-SWAP,1732187221000,1732187160000,1732187220000,1732183620000,1732187160000,60,60,0,1
R000506,54,LTC,LTC-USDT-SWAP,1732187221000,1732187160000,1732187220000,1732183620000,1732187160000,60,60,0,1
R000506,54,BCH,BCH-USDT-SWAP,1732187221000,1732187160000,1732187220000,1732183620000,1732187160000,60,60,0,1
R000506,54,LINK,LINK-USDT-SWAP,1732187221000,1732187160000,1732187220000,1732183620000,1732187160000,60,60,0,1
R000529,55,ETH,ETH-USDT-SWAP,1732309746000,1732309680000,1732309740000,1732306140000,1732309680000,60,60,0,1
R000529,55,SOL,SOL-USDT-SWAP,1732309746000,1732309680000,1732309740000,1732306140000,1732309680000,60,60,0,1
R000529,55,XRP,XRP-USDT-SWAP,1732309746000,1732309680000,1732309740000,1732306140000,1732309680000,60,60,0,1
R000529,55,DOGE,DOGE-USDT-SWAP,1732309746000,1732309680000,1732309740000,1732306140000,1732309680000,60,60,0,1
R000529,55,ADA,ADA-USDT-SWAP,1732309746000,1732309680000,1732309740000,1732306140000,1732309680000,60,60,0,1
R000529,55,LTC,LTC-USDT-SWAP,1732309746000,1732309680000,1732309740000,1732306140000,1732309680000,60,60,0,1
R000529,55,BCH,BCH-USDT-SWAP,1732309746000,1732309680000,1732309740000,1732306140000,1732309680000,60,60,0,1
R000529,55,LINK,LINK-USDT-SWAP,1732309746000,1732309680000,1732309740000,1732306140000,1732309680000,60,60,0,1
R000554,56,ETH,ETH-USDT-SWAP,1732459010000,1732458900000,1732458960000,1732455360000,1732458900000,60,60,0,1
R000554,56,SOL,SOL-USDT-SWAP,1732459010000,1732458900000,1732458960000,1732455360000,1732458900000,60,60,0,1
R000554,56,XRP,XRP-USDT-SWAP,1732459010000,1732458900000,1732458960000,1732455360000,1732458900000,60,60,0,1
R000554,56,DOGE,DOGE-USDT-SWAP,1732459010000,1732458900000,1732458960000,1732455360000,1732458900000,60,60,0,1
R000554,56,ADA,ADA-USDT-SWAP,1732459010000,1732458900000,1732458960000,1732455360000,1732458900000,60,60,0,1
R000554,56,LTC,LTC-USDT-SWAP,1732459010000,1732458900000,1732458960000,1732455360000,1732458900000,60,60,0,1
R000554,56,BCH,BCH-USDT-SWAP,1732459010000,1732458900000,1732458960000,1732455360000,1732458900000,60,60,0,1
R000554,56,LINK,LINK-USDT-SWAP,1732459010000,1732458900000,1732458960000,1732455360000,1732458900000,60,60,0,1
R000574,57,ETH,ETH-USDT-SWAP,1732562622000,1732562520000,1732562580000,1732558980000,1732562520000,60,60,0,1
R000574,57,SOL,SOL-USDT-SWAP,1732562622000,1732562520000,1732562580000,1732558980000,1732562520000,60,60,0,1
R000574,57,XRP,XRP-USDT-SWAP,1732562622000,1732562520000,1732562580000,1732558980000,1732562520000,60,60,0,1
R000574,57,DOGE,DOGE-USDT-SWAP,1732562622000,1732562520000,1732562580000,1732558980000,1732562520000,60,60,0,1
R000574,57,ADA,ADA-USDT-SWAP,1732562622000,1732562520000,1732562580000,1732558980000,1732562520000,60,60,0,1
R000574,57,LTC,LTC-USDT-SWAP,1732562622000,1732562520000,1732562580000,1732558980000,1732562520000,60,60,0,1
R000574,57,BCH,BCH-USDT-SWAP,1732562622000,1732562520000,1732562580000,1732558980000,1732562520000,60,60,0,1
R000574,57,LINK,LINK-USDT-SWAP,1732562622000,1732562520000,1732562580000,1732558980000,1732562520000,60,60,0,1
R000601,58,ETH,ETH-USDT-SWAP,1732947290000,1732947180000,1732947240000,1732943640000,1732947180000,60,60,0,1
R000601,58,SOL,SOL-USDT-SWAP,1732947290000,1732947180000,1732947240000,1732943640000,1732947180000,60,60,0,1
R000601,58,XRP,XRP-USDT-SWAP,1732947290000,1732947180000,1732947240000,1732943640000,1732947180000,60,60,0,1
R000601,58,DOGE,DOGE-USDT-SWAP,1732947290000,1732947180000,1732947240000,1732943640000,1732947180000,60,60,0,1
R000601,58,ADA,ADA-USDT-SWAP,1732947290000,1732947180000,1732947240000,1732943640000,1732947180000,60,60,0,1
R000601,58,LTC,LTC-USDT-SWAP,1732947290000,1732947180000,1732947240000,1732943640000,1732947180000,60,60,0,1
R000601,58,BCH,BCH-USDT-SWAP,1732947290000,1732947180000,1732947240000,1732943640000,1732947180000,60,60,0,1
R000601,58,LINK,LINK-USDT-SWAP,1732947290000,1732947180000,1732947240000,1732943640000,1732947180000,60,60,0,1
R000606,59,ETH,ETH-USDT-SWAP,1733019042000,1733018940000,1733019000000,1733015400000,1733018940000,60,60,0,1
R000606,59,SOL,SOL-USDT-SWAP,1733019042000,1733018940000,1733019000000,1733015400000,1733018940000,60,60,0,1
R000606,59,XRP,XRP-USDT-SWAP,1733019042000,1733018940000,1733019000000,1733015400000,1733018940000,60,60,0,1
R000606,59,DOGE,DOGE-USDT-SWAP,1733019042000,1733018940000,1733019000000,1733015400000,1733018940000,60,60,0,1
R000606,59,ADA,ADA-USDT-SWAP,1733019042000,1733018940000,1733019000000,1733015400000,1733018940000,60,60,0,1
R000606,59,LTC,LTC-USDT-SWAP,1733019042000,1733018940000,1733019000000,1733015400000,1733018940000,60,60,0,1
R000606,59,BCH,BCH-USDT-SWAP,1733019042000,1733018940000,1733019000000,1733015400000,1733018940000,60,60,0,1
R000606,59,LINK,LINK-USDT-SWAP,1733019042000,1733018940000,1733019000000,1733015400000,1733018940000,60,60,0,1
R000607,60,ETH,ETH-USDT-SWAP,1733041589000,1733041500000,1733041560000,1733037960000,1733041500000,60,60,0,1
R000607,60,SOL,SOL-USDT-SWAP,1733041589000,1733041500000,1733041560000,1733037960000,1733041500000,60,60,0,1
R000607,60,XRP,XRP-USDT-SWAP,1733041589000,1733041500000,1733041560000,1733037960000,1733041500000,60,60,0,1
R000607,60,DOGE,DOGE-USDT-SWAP,1733041589000,1733041500000,1733041560000,1733037960000,1733041500000,60,60,0,1
R000607,60,ADA,ADA-USDT-SWAP,1733041589000,1733041500000,1733041560000,1733037960000,1733041500000,60,60,0,1
R000607,60,LTC,LTC-USDT-SWAP,1733041589000,1733041500000,1733041560000,1733037960000,1733041500000,60,60,0,1
R000607,60,BCH,BCH-USDT-SWAP,1733041589000,1733041500000,1733041560000,1733037960000,1733041500000,60,60,0,1
R000607,60,LINK,LINK-USDT-SWAP,1733041589000,1733041500000,1733041560000,1733037960000,1733041500000,60,60,0,1
R000652,61,ETH,ETH-USDT-SWAP,1733345530000,1733345460000,1733345520000,1733341920000,1733345460000,60,60,0,1
R000652,61,SOL,SOL-USDT-SWAP,1733345530000,1733345460000,1733345520000,1733341920000,1733345460000,60,60,0,1
R000652,61,XRP,XRP-USDT-SWAP,1733345530000,1733345460000,1733345520000,1733341920000,1733345460000,60,60,0,1
R000652,61,DOGE,DOGE-USDT-SWAP,1733345530000,1733345460000,1733345520000,1733341920000,1733345460000,60,60,0,1
R000652,61,ADA,ADA-USDT-SWAP,1733345530000,1733345460000,1733345520000,1733341920000,1733345460000,60,60,0,1
R000652,61,LTC,LTC-USDT-SWAP,1733345530000,1733345460000,1733345520000,1733341920000,1733345460000,60,60,0,1
R000652,61,BCH,BCH-USDT-SWAP,1733345530000,1733345460000,1733345520000,1733341920000,1733345460000,60,60,0,1
R000652,61,LINK,LINK-USDT-SWAP,1733345530000,1733345460000,1733345520000,1733341920000,1733345460000,60,60,0,1
R000657,62,ETH,ETH-USDT-SWAP,1733368004000,1733367900000,1733367960000,1733364360000,1733367900000,60,60,0,1
R000657,62,SOL,SOL-USDT-SWAP,1733368004000,1733367900000,1733367960000,1733364360000,1733367900000,60,60,0,1
R000657,62,XRP,XRP-USDT-SWAP,1733368004000,1733367900000,1733367960000,1733364360000,1733367900000,60,60,0,1
R000657,62,DOGE,DOGE-USDT-SWAP,1733368004000,1733367900000,1733367960000,1733364360000,1733367900000,60,60,0,1
R000657,62,ADA,ADA-USDT-SWAP,1733368004000,1733367900000,1733367960000,1733364360000,1733367900000,60,60,0,1
R000657,62,LTC,LTC-USDT-SWAP,1733368004000,1733367900000,1733367960000,1733364360000,1733367900000,60,60,0,1
R000657,62,BCH,BCH-USDT-SWAP,1733368004000,1733367900000,1733367960000,1733364360000,1733367900000,60,60,0,1
R000657,62,LINK,LINK-USDT-SWAP,1733368004000,1733367900000,1733367960000,1733364360000,1733367900000,60,60,0,1
R000660,63,ETH,ETH-USDT-SWAP,1733403323000,1733403240000,1733403300000,1733399700000,1733403240000,60,60,0,1
R000660,63,SOL,SOL-USDT-SWAP,1733403323000,1733403240000,1733403300000,1733399700000,1733403240000,60,60,0,1
R000660,63,XRP,XRP-USDT-SWAP,1733403323000,1733403240000,1733403300000,1733399700000,1733403240000,60,60,0,1
R000660,63,DOGE,DOGE-USDT-SWAP,1733403323000,1733403240000,1733403300000,1733399700000,1733403240000,60,60,0,1
R000660,63,ADA,ADA-USDT-SWAP,1733403323000,1733403240000,1733403300000,1733399700000,1733403240000,60,60,0,1
R000660,63,LTC,LTC-USDT-SWAP,1733403323000,1733403240000,1733403300000,1733399700000,1733403240000,60,60,0,1
R000660,63,BCH,BCH-USDT-SWAP,1733403323000,1733403240000,1733403300000,1733399700000,1733403240000,60,60,0,1
R000660,63,LINK,LINK-USDT-SWAP,1733403323000,1733403240000,1733403300000,1733399700000,1733403240000,60,60,0,1
R000663,64,ETH,ETH-USDT-SWAP,1733410870000,1733410800000,1733410860000,1733407260000,1733410800000,60,60,0,1
R000663,64,SOL,SOL-USDT-SWAP,1733410870000,1733410800000,1733410860000,1733407260000,1733410800000,60,60,0,1
R000663,64,XRP,XRP-USDT-SWAP,1733410870000,1733410800000,1733410860000,1733407260000,1733410800000,60,60,0,1
R000663,64,DOGE,DOGE-USDT-SWAP,1733410870000,1733410800000,1733410860000,1733407260000,1733410800000,60,60,0,1
R000663,64,ADA,ADA-USDT-SWAP,1733410870000,1733410800000,1733410860000,1733407260000,1733410800000,60,60,0,1
R000663,64,LTC,LTC-USDT-SWAP,1733410870000,1733410800000,1733410860000,1733407260000,1733410800000,60,60,0,1
R000663,64,BCH,BCH-USDT-SWAP,1733410870000,1733410800000,1733410860000,1733407260000,1733410800000,60,60,0,1
R000663,64,LINK,LINK-USDT-SWAP,1733410870000,1733410800000,1733410860000,1733407260000,1733410800000,60,60,0,1
R000664,65,ETH,ETH-USDT-SWAP,1733412187000,1733412120000,1733412180000,1733408580000,1733412120000,60,60,0,1
R000664,65,SOL,SOL-USDT-SWAP,1733412187000,1733412120000,1733412180000,1733408580000,1733412120000,60,60,0,1
R000664,65,XRP,XRP-USDT-SWAP,1733412187000,1733412120000,1733412180000,1733408580000,1733412120000,60,60,0,1
R000664,65,DOGE,DOGE-USDT-SWAP,1733412187000,1733412120000,1733412180000,1733408580000,1733412120000,60,60,0,1
R000664,65,ADA,ADA-USDT-SWAP,1733412187000,1733412120000,1733412180000,1733408580000,1733412120000,60,60,0,1
R000664,65,LTC,LTC-USDT-SWAP,1733412187000,1733412120000,1733412180000,1733408580000,1733412120000,60,60,0,1
R000664,65,BCH,BCH-USDT-SWAP,1733412187000,1733412120000,1733412180000,1733408580000,1733412120000,60,60,0,1
R000664,65,LINK,LINK-USDT-SWAP,1733412187000,1733412120000,1733412180000,1733408580000,1733412120000,60,60,0,1
R000665,66,ETH,ETH-USDT-SWAP,1733422608000,1733422500000,1733422560000,1733418960000,1733422500000,60,60,0,1
R000665,66,SOL,SOL-USDT-SWAP,1733422608000,1733422500000,1733422560000,1733418960000,1733422500000,60,60,0,1
R000665,66,XRP,XRP-USDT-SWAP,1733422608000,1733422500000,1733422560000,1733418960000,1733422500000,60,60,0,1
R000665,66,DOGE,DOGE-USDT-SWAP,1733422608000,1733422500000,1733422560000,1733418960000,1733422500000,60,60,0,1
R000665,66,ADA,ADA-USDT-SWAP,1733422608000,1733422500000,1733422560000,1733418960000,1733422500000,60,60,0,1
R000665,66,LTC,LTC-USDT-SWAP,1733422608000,1733422500000,1733422560000,1733418960000,1733422500000,60,60,0,1
R000665,66,BCH,BCH-USDT-SWAP,1733422608000,1733422500000,1733422560000,1733418960000,1733422500000,60,60,0,1
R000665,66,LINK,LINK-USDT-SWAP,1733422608000,1733422500000,1733422560000,1733418960000,1733422500000,60,60,0,1
R000666,67,ETH,ETH-USDT-SWAP,1733429430000,1733429340000,1733429400000,1733425800000,1733429340000,60,60,0,1
R000666,67,SOL,SOL-USDT-SWAP,1733429430000,1733429340000,1733429400000,1733425800000,1733429340000,60,60,0,1
R000666,67,XRP,XRP-USDT-SWAP,1733429430000,1733429340000,1733429400000,1733425800000,1733429340000,60,60,0,1
R000666,67,DOGE,DOGE-USDT-SWAP,1733429430000,1733429340000,1733429400000,1733425800000,1733429340000,60,60,0,1
R000666,67,ADA,ADA-USDT-SWAP,1733429430000,1733429340000,1733429400000,1733425800000,1733429340000,60,60,0,1
R000666,67,LTC,LTC-USDT-SWAP,1733429430000,1733429340000,1733429400000,1733425800000,1733429340000,60,60,0,1
R000666,67,BCH,BCH-USDT-SWAP,1733429430000,1733429340000,1733429400000,1733425800000,1733429340000,60,60,0,1
R000666,67,LINK,LINK-USDT-SWAP,1733429430000,1733429340000,1733429400000,1733425800000,1733429340000,60,60,0,1
R000667,68,ETH,ETH-USDT-SWAP,1733437605000,1733437500000,1733437560000,1733433960000,1733437500000,60,60,0,1
R000667,68,SOL,SOL-USDT-SWAP,1733437605000,1733437500000,1733437560000,1733433960000,1733437500000,60,60,0,1
R000667,68,XRP,XRP-USDT-SWAP,1733437605000,1733437500000,1733437560000,1733433960000,1733437500000,60,60,0,1
R000667,68,DOGE,DOGE-USDT-SWAP,1733437605000,1733437500000,1733437560000,1733433960000,1733437500000,60,60,0,1
R000667,68,ADA,ADA-USDT-SWAP,1733437605000,1733437500000,1733437560000,1733433960000,1733437500000,60,60,0,1
R000667,68,LTC,LTC-USDT-SWAP,1733437605000,1733437500000,1733437560000,1733433960000,1733437500000,60,60,0,1
R000667,68,BCH,BCH-USDT-SWAP,1733437605000,1733437500000,1733437560000,1733433960000,1733437500000,60,60,0,1
R000667,68,LINK,LINK-USDT-SWAP,1733437605000,1733437500000,1733437560000,1733433960000,1733437500000,60,60,0,1
R000668,69,ETH,ETH-USDT-SWAP,1733440346000,1733440260000,1733440320000,1733436720000,1733440260000,60,60,0,1
R000668,69,SOL,SOL-USDT-SWAP,1733440346000,1733440260000,1733440320000,1733436720000,1733440260000,60,60,0,1
R000668,69,XRP,XRP-USDT-SWAP,1733440346000,1733440260000,1733440320000,1733436720000,1733440260000,60,60,0,1
R000668,69,DOGE,DOGE-USDT-SWAP,1733440346000,1733440260000,1733440320000,1733436720000,1733440260000,60,60,0,1
R000668,69,ADA,ADA-USDT-SWAP,1733440346000,1733440260000,1733440320000,1733436720000,1733440260000,60,60,0,1
R000668,69,LTC,LTC-USDT-SWAP,1733440346000,1733440260000,1733440320000,1733436720000,1733440260000,60,60,0,1
R000668,69,BCH,BCH-USDT-SWAP,1733440346000,1733440260000,1733440320000,1733436720000,1733440260000,60,60,0,1
R000668,69,LINK,LINK-USDT-SWAP,1733440346000,1733440260000,1733440320000,1733436720000,1733440260000,60,60,0,1
R000670,70,ETH,ETH-USDT-SWAP,1733445698000,1733445600000,1733445660000,1733442060000,1733445600000,60,60,0,1
R000670,70,SOL,SOL-USDT-SWAP,1733445698000,1733445600000,1733445660000,1733442060000,1733445600000,60,60,0,1
R000670,70,XRP,XRP-USDT-SWAP,1733445698000,1733445600000,1733445660000,1733442060000,1733445600000,60,60,0,1
R000670,70,DOGE,DOGE-USDT-SWAP,1733445698000,1733445600000,1733445660000,1733442060000,1733445600000,60,60,0,1
R000670,70,ADA,ADA-USDT-SWAP,1733445698000,1733445600000,1733445660000,1733442060000,1733445600000,60,60,0,1
R000670,70,LTC,LTC-USDT-SWAP,1733445698000,1733445600000,1733445660000,1733442060000,1733445600000,60,60,0,1
R000670,70,BCH,BCH-USDT-SWAP,1733445698000,1733445600000,1733445660000,1733442060000,1733445600000,60,60,0,1
R000670,70,LINK,LINK-USDT-SWAP,1733445698000,1733445600000,1733445660000,1733442060000,1733445600000,60,60,0,1
R000673,71,ETH,ETH-USDT-SWAP,1733452460000,1733452380000,1733452440000,1733448840000,1733452380000,60,60,0,1
R000673,71,SOL,SOL-USDT-SWAP,1733452460000,1733452380000,1733452440000,1733448840000,1733452380000,60,60,0,1
R000673,71,XRP,XRP-USDT-SWAP,1733452460000,1733452380000,1733452440000,1733448840000,1733452380000,60,60,0,1
R000673,71,DOGE,DOGE-USDT-SWAP,1733452460000,1733452380000,1733452440000,1733448840000,1733452380000,60,60,0,1
R000673,71,ADA,ADA-USDT-SWAP,1733452460000,1733452380000,1733452440000,1733448840000,1733452380000,60,60,0,1
R000673,71,LTC,LTC-USDT-SWAP,1733452460000,1733452380000,1733452440000,1733448840000,1733452380000,60,60,0,1
R000673,71,BCH,BCH-USDT-SWAP,1733452460000,1733452380000,1733452440000,1733448840000,1733452380000,60,60,0,1
R000673,71,LINK,LINK-USDT-SWAP,1733452460000,1733452380000,1733452440000,1733448840000,1733452380000,60,60,0,1
R000675,72,ETH,ETH-USDT-SWAP,1733478717000,1733478600000,1733478660000,1733475060000,1733478600000,60,60,0,1
R000675,72,SOL,SOL-USDT-SWAP,1733478717000,1733478600000,1733478660000,1733475060000,1733478600000,60,60,0,1
R000675,72,XRP,XRP-USDT-SWAP,1733478717000,1733478600000,1733478660000,1733475060000,1733478600000,60,60,0,1
R000675,72,DOGE,DOGE-USDT-SWAP,1733478717000,1733478600000,1733478660000,1733475060000,1733478600000,60,60,0,1
R000675,72,ADA,ADA-USDT-SWAP,1733478717000,1733478600000,1733478660000,1733475060000,1733478600000,60,60,0,1
R000675,72,LTC,LTC-USDT-SWAP,1733478717000,1733478600000,1733478660000,1733475060000,1733478600000,60,60,0,1
R000675,72,BCH,BCH-USDT-SWAP,1733478717000,1733478600000,1733478660000,1733475060000,1733478600000,60,60,0,1
R000675,72,LINK,LINK-USDT-SWAP,1733478717000,1733478600000,1733478660000,1733475060000,1733478600000,60,60,0,1
R000680,73,ETH,ETH-USDT-SWAP,1733506981000,1733506920000,1733506980000,1733503380000,1733506920000,60,60,0,1
R000680,73,SOL,SOL-USDT-SWAP,1733506981000,1733506920000,1733506980000,1733503380000,1733506920000,60,60,0,1
R000680,73,XRP,XRP-USDT-SWAP,1733506981000,1733506920000,1733506980000,1733503380000,1733506920000,60,60,0,1
R000680,73,DOGE,DOGE-USDT-SWAP,1733506981000,1733506920000,1733506980000,1733503380000,1733506920000,60,60,0,1
R000680,73,ADA,ADA-USDT-SWAP,1733506981000,1733506920000,1733506980000,1733503380000,1733506920000,60,60,0,1
R000680,73,LTC,LTC-USDT-SWAP,1733506981000,1733506920000,1733506980000,1733503380000,1733506920000,60,60,0,1
R000680,73,BCH,BCH-USDT-SWAP,1733506981000,1733506920000,1733506980000,1733503380000,1733506920000,60,60,0,1
R000680,73,LINK,LINK-USDT-SWAP,1733506981000,1733506920000,1733506980000,1733503380000,1733506920000,60,60,0,1
R000683,74,ETH,ETH-USDT-SWAP,1733527308000,1733527200000,1733527260000,1733523660000,1733527200000,60,60,0,1
R000683,74,SOL,SOL-USDT-SWAP,1733527308000,1733527200000,1733527260000,1733523660000,1733527200000,60,60,0,1
R000683,74,XRP,XRP-USDT-SWAP,1733527308000,1733527200000,1733527260000,1733523660000,1733527200000,60,60,0,1
R000683,74,DOGE,DOGE-USDT-SWAP,1733527308000,1733527200000,1733527260000,1733523660000,1733527200000,60,60,0,1
R000683,74,ADA,ADA-USDT-SWAP,1733527308000,1733527200000,1733527260000,1733523660000,1733527200000,60,60,0,1
R000683,74,LTC,LTC-USDT-SWAP,1733527308000,1733527200000,1733527260000,1733523660000,1733527200000,60,60,0,1
R000683,74,BCH,BCH-USDT-SWAP,1733527308000,1733527200000,1733527260000,1733523660000,1733527200000,60,60,0,1
R000683,74,LINK,LINK-USDT-SWAP,1733527308000,1733527200000,1733527260000,1733523660000,1733527200000,60,60,0,1
R000684,75,ETH,ETH-USDT-SWAP,1733530955000,1733530860000,1733530920000,1733527320000,1733530860000,60,60,0,1
R000684,75,SOL,SOL-USDT-SWAP,1733530955000,1733530860000,1733530920000,1733527320000,1733530860000,60,60,0,1
R000684,75,XRP,XRP-USDT-SWAP,1733530955000,1733530860000,1733530920000,1733527320000,1733530860000,60,60,0,1
R000684,75,DOGE,DOGE-USDT-SWAP,1733530955000,1733530860000,1733530920000,1733527320000,1733530860000,60,60,0,1
R000684,75,ADA,ADA-USDT-SWAP,1733530955000,1733530860000,1733530920000,1733527320000,1733530860000,60,60,0,1
R000684,75,LTC,LTC-USDT-SWAP,1733530955000,1733530860000,1733530920000,1733527320000,1733530860000,60,60,0,1
R000684,75,BCH,BCH-USDT-SWAP,1733530955000,1733530860000,1733530920000,1733527320000,1733530860000,60,60,0,1
R000684,75,LINK,LINK-USDT-SWAP,1733530955000,1733530860000,1733530920000,1733527320000,1733530860000,60,60,0,1
R000691,76,ETH,ETH-USDT-SWAP,1733701799000,1733701680000,1733701740000,1733698140000,1733701680000,60,60,0,1
R000691,76,SOL,SOL-USDT-SWAP,1733701799000,1733701680000,1733701740000,1733698140000,1733701680000,60,60,0,1
R000691,76,XRP,XRP-USDT-SWAP,1733701799000,1733701680000,1733701740000,1733698140000,1733701680000,60,60,0,1
R000691,76,DOGE,DOGE-USDT-SWAP,1733701799000,1733701680000,1733701740000,1733698140000,1733701680000,60,60,0,1
R000691,76,ADA,ADA-USDT-SWAP,1733701799000,1733701680000,1733701740000,1733698140000,1733701680000,60,60,0,1
R000691,76,LTC,LTC-USDT-SWAP,1733701799000,1733701680000,1733701740000,1733698140000,1733701680000,60,60,0,1
R000691,76,BCH,BCH-USDT-SWAP,1733701799000,1733701680000,1733701740000,1733698140000,1733701680000,60,60,0,1
R000691,76,LINK,LINK-USDT-SWAP,1733701799000,1733701680000,1733701740000,1733698140000,1733701680000,60,60,0,1
R000692,77,ETH,ETH-USDT-SWAP,1733704460000,1733704380000,1733704440000,1733700840000,1733704380000,60,60,0,1
R000692,77,SOL,SOL-USDT-SWAP,1733704460000,1733704380000,1733704440000,1733700840000,1733704380000,60,60,0,1
R000692,77,XRP,XRP-USDT-SWAP,1733704460000,1733704380000,1733704440000,1733700840000,1733704380000,60,60,0,1
R000692,77,DOGE,DOGE-USDT-SWAP,1733704460000,1733704380000,1733704440000,1733700840000,1733704380000,60,60,0,1
R000692,77,ADA,ADA-USDT-SWAP,1733704460000,1733704380000,1733704440000,1733700840000,1733704380000,60,60,0,1
R000692,77,LTC,LTC-USDT-SWAP,1733704460000,1733704380000,1733704440000,1733700840000,1733704380000,60,60,0,1
R000692,77,BCH,BCH-USDT-SWAP,1733704460000,1733704380000,1733704440000,1733700840000,1733704380000,60,60,0,1
R000692,77,LINK,LINK-USDT-SWAP,1733704460000,1733704380000,1733704440000,1733700840000,1733704380000,60,60,0,1
R000693,78,ETH,ETH-USDT-SWAP,1733716456000,1733716380000,1733716440000,1733712840000,1733716380000,60,60,0,1
R000693,78,SOL,SOL-USDT-SWAP,1733716456000,1733716380000,1733716440000,1733712840000,1733716380000,60,60,0,1
R000693,78,XRP,XRP-USDT-SWAP,1733716456000,1733716380000,1733716440000,1733712840000,1733716380000,60,60,0,1
R000693,78,DOGE,DOGE-USDT-SWAP,1733716456000,1733716380000,1733716440000,1733712840000,1733716380000,60,60,0,1
R000693,78,ADA,ADA-USDT-SWAP,1733716456000,1733716380000,1733716440000,1733712840000,1733716380000,60,60,0,1
R000693,78,LTC,LTC-USDT-SWAP,1733716456000,1733716380000,1733716440000,1733712840000,1733716380000,60,60,0,1
R000693,78,BCH,BCH-USDT-SWAP,1733716456000,1733716380000,1733716440000,1733712840000,1733716380000,60,60,0,1
R000693,78,LINK,LINK-USDT-SWAP,1733716456000,1733716380000,1733716440000,1733712840000,1733716380000,60,60,0,1
R000703,79,ETH,ETH-USDT-SWAP,1733803344000,1733803260000,1733803320000,1733799720000,1733803260000,60,60,0,1
R000703,79,SOL,SOL-USDT-SWAP,1733803344000,1733803260000,1733803320000,1733799720000,1733803260000,60,60,0,1
R000703,79,XRP,XRP-USDT-SWAP,1733803344000,1733803260000,1733803320000,1733799720000,1733803260000,60,60,0,1
R000703,79,DOGE,DOGE-USDT-SWAP,1733803344000,1733803260000,1733803320000,1733799720000,1733803260000,60,60,0,1
R000703,79,ADA,ADA-USDT-SWAP,1733803344000,1733803260000,1733803320000,1733799720000,1733803260000,60,60,0,1
R000703,79,LTC,LTC-USDT-SWAP,1733803344000,1733803260000,1733803320000,1733799720000,1733803260000,60,60,0,1
R000703,79,BCH,BCH-USDT-SWAP,1733803344000,1733803260000,1733803320000,1733799720000,1733803260000,60,60,0,1
R000703,79,LINK,LINK-USDT-SWAP,1733803344000,1733803260000,1733803320000,1733799720000,1733803260000,60,60,0,1
R000705,80,ETH,ETH-USDT-SWAP,1733805973000,1733805900000,1733805960000,1733802360000,1733805900000,60,60,0,1
R000705,80,SOL,SOL-USDT-SWAP,1733805973000,1733805900000,1733805960000,1733802360000,1733805900000,60,60,0,1
R000705,80,XRP,XRP-USDT-SWAP,1733805973000,1733805900000,1733805960000,1733802360000,1733805900000,60,60,0,1
R000705,80,DOGE,DOGE-USDT-SWAP,1733805973000,1733805900000,1733805960000,1733802360000,1733805900000,60,60,0,1
R000705,80,ADA,ADA-USDT-SWAP,1733805973000,1733805900000,1733805960000,1733802360000,1733805900000,60,60,0,1
R000705,80,LTC,LTC-USDT-SWAP,1733805973000,1733805900000,1733805960000,1733802360000,1733805900000,60,60,0,1
R000705,80,BCH,BCH-USDT-SWAP,1733805973000,1733805900000,1733805960000,1733802360000,1733805900000,60,60,0,1
R000705,80,LINK,LINK-USDT-SWAP,1733805973000,1733805900000,1733805960000,1733802360000,1733805900000,60,60,0,1
R000709,81,ETH,ETH-USDT-SWAP,1733850372000,1733850300000,1733850360000,1733846760000,1733850300000,60,60,0,1
R000709,81,SOL,SOL-USDT-SWAP,1733850372000,1733850300000,1733850360000,1733846760000,1733850300000,60,60,0,1
R000709,81,XRP,XRP-USDT-SWAP,1733850372000,1733850300000,1733850360000,1733846760000,1733850300000,60,60,0,1
R000709,81,DOGE,DOGE-USDT-SWAP,1733850372000,1733850300000,1733850360000,1733846760000,1733850300000,60,60,0,1
R000709,81,ADA,ADA-USDT-SWAP,1733850372000,1733850300000,1733850360000,1733846760000,1733850300000,60,60,0,1
R000709,81,LTC,LTC-USDT-SWAP,1733850372000,1733850300000,1733850360000,1733846760000,1733850300000,60,60,0,1
R000709,81,BCH,BCH-USDT-SWAP,1733850372000,1733850300000,1733850360000,1733846760000,1733850300000,60,60,0,1
R000709,81,LINK,LINK-USDT-SWAP,1733850372000,1733850300000,1733850360000,1733846760000,1733850300000,60,60,0,1
R000714,82,ETH,ETH-USDT-SWAP,1733923809000,1733923740000,1733923800000,1733920200000,1733923740000,60,60,0,1
R000714,82,SOL,SOL-USDT-SWAP,1733923809000,1733923740000,1733923800000,1733920200000,1733923740000,60,60,0,1
R000714,82,XRP,XRP-USDT-SWAP,1733923809000,1733923740000,1733923800000,1733920200000,1733923740000,60,60,0,1
R000714,82,DOGE,DOGE-USDT-SWAP,1733923809000,1733923740000,1733923800000,1733920200000,1733923740000,60,60,0,1
R000714,82,ADA,ADA-USDT-SWAP,1733923809000,1733923740000,1733923800000,1733920200000,1733923740000,60,60,0,1
R000714,82,LTC,LTC-USDT-SWAP,1733923809000,1733923740000,1733923800000,1733920200000,1733923740000,60,60,0,1
R000714,82,BCH,BCH-USDT-SWAP,1733923809000,1733923740000,1733923800000,1733920200000,1733923740000,60,60,0,1
R000714,82,LINK,LINK-USDT-SWAP,1733923809000,1733923740000,1733923800000,1733920200000,1733923740000,60,60,0,1
R000720,83,ETH,ETH-USDT-SWAP,1734044237000,1734044160000,1734044220000,1734040620000,1734044160000,60,60,0,1
R000720,83,SOL,SOL-USDT-SWAP,1734044237000,1734044160000,1734044220000,1734040620000,1734044160000,60,60,0,1
R000720,83,XRP,XRP-USDT-SWAP,1734044237000,1734044160000,1734044220000,1734040620000,1734044160000,60,60,0,1
R000720,83,DOGE,DOGE-USDT-SWAP,1734044237000,1734044160000,1734044220000,1734040620000,1734044160000,60,60,0,1
R000720,83,ADA,ADA-USDT-SWAP,1734044237000,1734044160000,1734044220000,1734040620000,1734044160000,60,60,0,1
R000720,83,LTC,LTC-USDT-SWAP,1734044237000,1734044160000,1734044220000,1734040620000,1734044160000,60,60,0,1
R000720,83,BCH,BCH-USDT-SWAP,1734044237000,1734044160000,1734044220000,1734040620000,1734044160000,60,60,0,1
R000720,83,LINK,LINK-USDT-SWAP,1734044237000,1734044160000,1734044220000,1734040620000,1734044160000,60,60,0,1
R000722,84,ETH,ETH-USDT-SWAP,1734107634000,1734107520000,1734107580000,1734103980000,1734107520000,60,60,0,1
R000722,84,SOL,SOL-USDT-SWAP,1734107634000,1734107520000,1734107580000,1734103980000,1734107520000,60,60,0,1
R000722,84,XRP,XRP-USDT-SWAP,1734107634000,1734107520000,1734107580000,1734103980000,1734107520000,60,60,0,1
R000722,84,DOGE,DOGE-USDT-SWAP,1734107634000,1734107520000,1734107580000,1734103980000,1734107520000,60,60,0,1
R000722,84,ADA,ADA-USDT-SWAP,1734107634000,1734107520000,1734107580000,1734103980000,1734107520000,60,60,0,1
R000722,84,LTC,LTC-USDT-SWAP,1734107634000,1734107520000,1734107580000,1734103980000,1734107520000,60,60,0,1
R000722,84,BCH,BCH-USDT-SWAP,1734107634000,1734107520000,1734107580000,1734103980000,1734107520000,60,60,0,1
R000722,84,LINK,LINK-USDT-SWAP,1734107634000,1734107520000,1734107580000,1734103980000,1734107520000,60,60,0,1
R000726,85,ETH,ETH-USDT-SWAP,1734304837000,1734304740000,1734304800000,1734301200000,1734304740000,60,60,0,1
R000726,85,SOL,SOL-USDT-SWAP,1734304837000,1734304740000,1734304800000,1734301200000,1734304740000,60,60,0,1
R000726,85,XRP,XRP-USDT-SWAP,1734304837000,1734304740000,1734304800000,1734301200000,1734304740000,60,60,0,1
R000726,85,DOGE,DOGE-USDT-SWAP,1734304837000,1734304740000,1734304800000,1734301200000,1734304740000,60,60,0,1
R000726,85,ADA,ADA-USDT-SWAP,1734304837000,1734304740000,1734304800000,1734301200000,1734304740000,60,60,0,1
R000726,85,LTC,LTC-USDT-SWAP,1734304837000,1734304740000,1734304800000,1734301200000,1734304740000,60,60,0,1
R000726,85,BCH,BCH-USDT-SWAP,1734304837000,1734304740000,1734304800000,1734301200000,1734304740000,60,60,0,1
R000726,85,LINK,LINK-USDT-SWAP,1734304837000,1734304740000,1734304800000,1734301200000,1734304740000,60,60,0,1
R000728,86,ETH,ETH-USDT-SWAP,1734309244000,1734309180000,1734309240000,1734305640000,1734309180000,60,60,0,1
R000728,86,SOL,SOL-USDT-SWAP,1734309244000,1734309180000,1734309240000,1734305640000,1734309180000,60,60,0,1
R000728,86,XRP,XRP-USDT-SWAP,1734309244000,1734309180000,1734309240000,1734305640000,1734309180000,60,60,0,1
R000728,86,DOGE,DOGE-USDT-SWAP,1734309244000,1734309180000,1734309240000,1734305640000,1734309180000,60,60,0,1
R000728,86,ADA,ADA-USDT-SWAP,1734309244000,1734309180000,1734309240000,1734305640000,1734309180000,60,60,0,1
R000728,86,LTC,LTC-USDT-SWAP,1734309244000,1734309180000,1734309240000,1734305640000,1734309180000,60,60,0,1
R000728,86,BCH,BCH-USDT-SWAP,1734309244000,1734309180000,1734309240000,1734305640000,1734309180000,60,60,0,1
R000728,86,LINK,LINK-USDT-SWAP,1734309244000,1734309180000,1734309240000,1734305640000,1734309180000,60,60,0,1
R000729,87,ETH,ETH-USDT-SWAP,1734310504000,1734310440000,1734310500000,1734306900000,1734310440000,60,60,0,1
R000729,87,SOL,SOL-USDT-SWAP,1734310504000,1734310440000,1734310500000,1734306900000,1734310440000,60,60,0,1
R000729,87,XRP,XRP-USDT-SWAP,1734310504000,1734310440000,1734310500000,1734306900000,1734310440000,60,60,0,1
R000729,87,DOGE,DOGE-USDT-SWAP,1734310504000,1734310440000,1734310500000,1734306900000,1734310440000,60,60,0,1
R000729,87,ADA,ADA-USDT-SWAP,1734310504000,1734310440000,1734310500000,1734306900000,1734310440000,60,60,0,1
R000729,87,LTC,LTC-USDT-SWAP,1734310504000,1734310440000,1734310500000,1734306900000,1734310440000,60,60,0,1
R000729,87,BCH,BCH-USDT-SWAP,1734310504000,1734310440000,1734310500000,1734306900000,1734310440000,60,60,0,1
R000729,87,LINK,LINK-USDT-SWAP,1734310504000,1734310440000,1734310500000,1734306900000,1734310440000,60,60,0,1
R000732,88,ETH,ETH-USDT-SWAP,1734406984000,1734406920000,1734406980000,1734403380000,1734406920000,60,60,0,1
R000732,88,SOL,SOL-USDT-SWAP,1734406984000,1734406920000,1734406980000,1734403380000,1734406920000,60,60,0,1
R000732,88,XRP,XRP-USDT-SWAP,1734406984000,1734406920000,1734406980000,1734403380000,1734406920000,60,60,0,1
R000732,88,DOGE,DOGE-USDT-SWAP,1734406984000,1734406920000,1734406980000,1734403380000,1734406920000,60,60,0,1
R000732,88,ADA,ADA-USDT-SWAP,1734406984000,1734406920000,1734406980000,1734403380000,1734406920000,60,60,0,1
R000732,88,LTC,LTC-USDT-SWAP,1734406984000,1734406920000,1734406980000,1734403380000,1734406920000,60,60,0,1
R000732,88,BCH,BCH-USDT-SWAP,1734406984000,1734406920000,1734406980000,1734403380000,1734406920000,60,60,0,1
R000732,88,LINK,LINK-USDT-SWAP,1734406984000,1734406920000,1734406980000,1734403380000,1734406920000,60,60,0,1
R000735,89,ETH,ETH-USDT-SWAP,1734467686000,1734467580000,1734467640000,1734464040000,1734467580000,60,60,0,1
R000735,89,SOL,SOL-USDT-SWAP,1734467686000,1734467580000,1734467640000,1734464040000,1734467580000,60,60,0,1
R000735,89,XRP,XRP-USDT-SWAP,1734467686000,1734467580000,1734467640000,1734464040000,1734467580000,60,60,0,1
R000735,89,DOGE,DOGE-USDT-SWAP,1734467686000,1734467580000,1734467640000,1734464040000,1734467580000,60,60,0,1
R000735,89,ADA,ADA-USDT-SWAP,1734467686000,1734467580000,1734467640000,1734464040000,1734467580000,60,60,0,1
R000735,89,LTC,LTC-USDT-SWAP,1734467686000,1734467580000,1734467640000,1734464040000,1734467580000,60,60,0,1
R000735,89,BCH,BCH-USDT-SWAP,1734467686000,1734467580000,1734467640000,1734464040000,1734467580000,60,60,0,1
R000735,89,LINK,LINK-USDT-SWAP,1734467686000,1734467580000,1734467640000,1734464040000,1734467580000,60,60,0,1
R000737,90,ETH,ETH-USDT-SWAP,1734487700000,1734487620000,1734487680000,1734484080000,1734487620000,60,60,0,1
R000737,90,SOL,SOL-USDT-SWAP,1734487700000,1734487620000,1734487680000,1734484080000,1734487620000,60,60,0,1
R000737,90,XRP,XRP-USDT-SWAP,1734487700000,1734487620000,1734487680000,1734484080000,1734487620000,60,60,0,1
R000737,90,DOGE,DOGE-USDT-SWAP,1734487700000,1734487620000,1734487680000,1734484080000,1734487620000,60,60,0,1
R000737,90,ADA,ADA-USDT-SWAP,1734487700000,1734487620000,1734487680000,1734484080000,1734487620000,60,60,0,1
R000737,90,LTC,LTC-USDT-SWAP,1734487700000,1734487620000,1734487680000,1734484080000,1734487620000,60,60,0,1
R000737,90,BCH,BCH-USDT-SWAP,1734487700000,1734487620000,1734487680000,1734484080000,1734487620000,60,60,0,1
R000737,90,LINK,LINK-USDT-SWAP,1734487700000,1734487620000,1734487680000,1734484080000,1734487620000,60,60,0,1
R000738,91,ETH,ETH-USDT-SWAP,1734491308000,1734491220000,1734491280000,1734487680000,1734491220000,60,60,0,1
R000738,91,SOL,SOL-USDT-SWAP,1734491308000,1734491220000,1734491280000,1734487680000,1734491220000,60,60,0,1
R000738,91,XRP,XRP-USDT-SWAP,1734491308000,1734491220000,1734491280000,1734487680000,1734491220000,60,60,0,1
R000738,91,DOGE,DOGE-USDT-SWAP,1734491308000,1734491220000,1734491280000,1734487680000,1734491220000,60,60,0,1
R000738,91,ADA,ADA-USDT-SWAP,1734491308000,1734491220000,1734491280000,1734487680000,1734491220000,60,60,0,1
R000738,91,LTC,LTC-USDT-SWAP,1734491308000,1734491220000,1734491280000,1734487680000,1734491220000,60,60,0,1
R000738,91,BCH,BCH-USDT-SWAP,1734491308000,1734491220000,1734491280000,1734487680000,1734491220000,60,60,0,1
R000738,91,LINK,LINK-USDT-SWAP,1734491308000,1734491220000,1734491280000,1734487680000,1734491220000,60,60,0,1
R000739,92,ETH,ETH-USDT-SWAP,1734500572000,1734500460000,1734500520000,1734496920000,1734500460000,60,60,0,1
R000739,92,SOL,SOL-USDT-SWAP,1734500572000,1734500460000,1734500520000,1734496920000,1734500460000,60,60,0,1
R000739,92,XRP,XRP-USDT-SWAP,1734500572000,1734500460000,1734500520000,1734496920000,1734500460000,60,60,0,1
R000739,92,DOGE,DOGE-USDT-SWAP,1734500572000,1734500460000,1734500520000,1734496920000,1734500460000,60,60,0,1
R000739,92,ADA,ADA-USDT-SWAP,1734500572000,1734500460000,1734500520000,1734496920000,1734500460000,60,60,0,1
R000739,92,LTC,LTC-USDT-SWAP,1734500572000,1734500460000,1734500520000,1734496920000,1734500460000,60,60,0,1
R000739,92,BCH,BCH-USDT-SWAP,1734500572000,1734500460000,1734500520000,1734496920000,1734500460000,60,60,0,1
R000739,92,LINK,LINK-USDT-SWAP,1734500572000,1734500460000,1734500520000,1734496920000,1734500460000,60,60,0,1
R000761,93,ETH,ETH-USDT-SWAP,1734705109000,1734705000000,1734705060000,1734701460000,1734705000000,60,60,0,1
R000761,93,SOL,SOL-USDT-SWAP,1734705109000,1734705000000,1734705060000,1734701460000,1734705000000,60,60,0,1
R000761,93,XRP,XRP-USDT-SWAP,1734705109000,1734705000000,1734705060000,1734701460000,1734705000000,60,60,0,1
R000761,93,DOGE,DOGE-USDT-SWAP,1734705109000,1734705000000,1734705060000,1734701460000,1734705000000,60,60,0,1
R000761,93,ADA,ADA-USDT-SWAP,1734705109000,1734705000000,1734705060000,1734701460000,1734705000000,60,60,0,1
R000761,93,LTC,LTC-USDT-SWAP,1734705109000,1734705000000,1734705060000,1734701460000,1734705000000,60,60,0,1
R000761,93,BCH,BCH-USDT-SWAP,1734705109000,1734705000000,1734705060000,1734701460000,1734705000000,60,60,0,1
R000761,93,LINK,LINK-USDT-SWAP,1734705109000,1734705000000,1734705060000,1734701460000,1734705000000,60,60,0,1
R000767,94,ETH,ETH-USDT-SWAP,1734892091000,1734892020000,1734892080000,1734888480000,1734892020000,60,60,0,1
R000767,94,SOL,SOL-USDT-SWAP,1734892091000,1734892020000,1734892080000,1734888480000,1734892020000,60,60,0,1
R000767,94,XRP,XRP-USDT-SWAP,1734892091000,1734892020000,1734892080000,1734888480000,1734892020000,60,60,0,1
R000767,94,DOGE,DOGE-USDT-SWAP,1734892091000,1734892020000,1734892080000,1734888480000,1734892020000,60,60,0,1
R000767,94,ADA,ADA-USDT-SWAP,1734892091000,1734892020000,1734892080000,1734888480000,1734892020000,60,60,0,1
R000767,94,LTC,LTC-USDT-SWAP,1734892091000,1734892020000,1734892080000,1734888480000,1734892020000,60,60,0,1
R000767,94,BCH,BCH-USDT-SWAP,1734892091000,1734892020000,1734892080000,1734888480000,1734892020000,60,60,0,1
R000767,94,LINK,LINK-USDT-SWAP,1734892091000,1734892020000,1734892080000,1734888480000,1734892020000,60,60,0,1
R000770,95,ETH,ETH-USDT-SWAP,1735130655000,1735130580000,1735130640000,1735127040000,1735130580000,60,60,0,1
R000770,95,SOL,SOL-USDT-SWAP,1735130655000,1735130580000,1735130640000,1735127040000,1735130580000,60,60,0,1
R000770,95,XRP,XRP-USDT-SWAP,1735130655000,1735130580000,1735130640000,1735127040000,1735130580000,60,60,0,1
R000770,95,DOGE,DOGE-USDT-SWAP,1735130655000,1735130580000,1735130640000,1735127040000,1735130580000,60,60,0,1
R000770,95,ADA,ADA-USDT-SWAP,1735130655000,1735130580000,1735130640000,1735127040000,1735130580000,60,60,0,1
R000770,95,LTC,LTC-USDT-SWAP,1735130655000,1735130580000,1735130640000,1735127040000,1735130580000,60,60,0,1
R000770,95,BCH,BCH-USDT-SWAP,1735130655000,1735130580000,1735130640000,1735127040000,1735130580000,60,60,0,1
R000770,95,LINK,LINK-USDT-SWAP,1735130655000,1735130580000,1735130640000,1735127040000,1735130580000,60,60,0,1
R000771,96,ETH,ETH-USDT-SWAP,1735200116000,1735200000000,1735200060000,1735196460000,1735200000000,60,60,0,1
R000771,96,SOL,SOL-USDT-SWAP,1735200116000,1735200000000,1735200060000,1735196460000,1735200000000,60,60,0,1
R000771,96,XRP,XRP-USDT-SWAP,1735200116000,1735200000000,1735200060000,1735196460000,1735200000000,60,60,0,1
R000771,96,DOGE,DOGE-USDT-SWAP,1735200116000,1735200000000,1735200060000,1735196460000,1735200000000,60,60,0,1
R000771,96,ADA,ADA-USDT-SWAP,1735200116000,1735200000000,1735200060000,1735196460000,1735200000000,60,60,0,1
R000771,96,LTC,LTC-USDT-SWAP,1735200116000,1735200000000,1735200060000,1735196460000,1735200000000,60,60,0,1
R000771,96,BCH,BCH-USDT-SWAP,1735200116000,1735200000000,1735200060000,1735196460000,1735200000000,60,60,0,1
R000771,96,LINK,LINK-USDT-SWAP,1735200116000,1735200000000,1735200060000,1735196460000,1735200000000,60,60,0,1
R000774,97,ETH,ETH-USDT-SWAP,1735290346000,1735290240000,1735290300000,1735286700000,1735290240000,60,60,0,1
R000774,97,SOL,SOL-USDT-SWAP,1735290346000,1735290240000,1735290300000,1735286700000,1735290240000,60,60,0,1
R000774,97,XRP,XRP-USDT-SWAP,1735290346000,1735290240000,1735290300000,1735286700000,1735290240000,60,60,0,1
R000774,97,DOGE,DOGE-USDT-SWAP,1735290346000,1735290240000,1735290300000,1735286700000,1735290240000,60,60,0,1
R000774,97,ADA,ADA-USDT-SWAP,1735290346000,1735290240000,1735290300000,1735286700000,1735290240000,60,60,0,1
R000774,97,LTC,LTC-USDT-SWAP,1735290346000,1735290240000,1735290300000,1735286700000,1735290240000,60,60,0,1
R000774,97,BCH,BCH-USDT-SWAP,1735290346000,1735290240000,1735290300000,1735286700000,1735290240000,60,60,0,1
R000774,97,LINK,LINK-USDT-SWAP,1735290346000,1735290240000,1735290300000,1735286700000,1735290240000,60,60,0,1
R000775,98,ETH,ETH-USDT-SWAP,1735482647000,1735482540000,1735482600000,1735479000000,1735482540000,60,60,0,1
R000775,98,SOL,SOL-USDT-SWAP,1735482647000,1735482540000,1735482600000,1735479000000,1735482540000,60,60,0,1
R000775,98,XRP,XRP-USDT-SWAP,1735482647000,1735482540000,1735482600000,1735479000000,1735482540000,60,60,0,1
R000775,98,DOGE,DOGE-USDT-SWAP,1735482647000,1735482540000,1735482600000,1735479000000,1735482540000,60,60,0,1
R000775,98,ADA,ADA-USDT-SWAP,1735482647000,1735482540000,1735482600000,1735479000000,1735482540000,60,60,0,1
R000775,98,LTC,LTC-USDT-SWAP,1735482647000,1735482540000,1735482600000,1735479000000,1735482540000,60,60,0,1
R000775,98,BCH,BCH-USDT-SWAP,1735482647000,1735482540000,1735482600000,1735479000000,1735482540000,60,60,0,1
R000775,98,LINK,LINK-USDT-SWAP,1735482647000,1735482540000,1735482600000,1735479000000,1735482540000,60,60,0,1
R000776,99,ETH,ETH-USDT-SWAP,1735569331000,1735569240000,1735569300000,1735565700000,1735569240000,60,60,0,1
R000776,99,SOL,SOL-USDT-SWAP,1735569331000,1735569240000,1735569300000,1735565700000,1735569240000,60,60,0,1
R000776,99,XRP,XRP-USDT-SWAP,1735569331000,1735569240000,1735569300000,1735565700000,1735569240000,60,60,0,1
R000776,99,DOGE,DOGE-USDT-SWAP,1735569331000,1735569240000,1735569300000,1735565700000,1735569240000,60,60,0,1
R000776,99,ADA,ADA-USDT-SWAP,1735569331000,1735569240000,1735569300000,1735565700000,1735569240000,60,60,0,1
R000776,99,LTC,LTC-USDT-SWAP,1735569331000,1735569240000,1735569300000,1735565700000,1735569240000,60,60,0,1
R000776,99,BCH,BCH-USDT-SWAP,1735569331000,1735569240000,1735569300000,1735565700000,1735569240000,60,60,0,1
R000776,99,LINK,LINK-USDT-SWAP,1735569331000,1735569240000,1735569300000,1735565700000,1735569240000,60,60,0,1
R000789,100,ETH,ETH-USDT-SWAP,1736429840000,1736429760000,1736429820000,1736426220000,1736429760000,60,60,0,1
R000789,100,SOL,SOL-USDT-SWAP,1736429840000,1736429760000,1736429820000,1736426220000,1736429760000,60,60,0,1
R000789,100,XRP,XRP-USDT-SWAP,1736429840000,1736429760000,1736429820000,1736426220000,1736429760000,60,60,0,1
R000789,100,DOGE,DOGE-USDT-SWAP,1736429840000,1736429760000,1736429820000,1736426220000,1736429760000,60,60,0,1
R000789,100,ADA,ADA-USDT-SWAP,1736429840000,1736429760000,1736429820000,1736426220000,1736429760000,60,60,0,1
R000789,100,LTC,LTC-USDT-SWAP,1736429840000,1736429760000,1736429820000,1736426220000,1736429760000,60,60,0,1
R000789,100,BCH,BCH-USDT-SWAP,1736429840000,1736429760000,1736429820000,1736426220000,1736429760000,60,60,0,1
R000789,100,LINK,LINK-USDT-SWAP,1736429840000,1736429760000,1736429820000,1736426220000,1736429760000,60,60,0,1
R000792,101,ETH,ETH-USDT-SWAP,1736454107000,1736454000000,1736454060000,1736450460000,1736454000000,60,60,0,1
R000792,101,SOL,SOL-USDT-SWAP,1736454107000,1736454000000,1736454060000,1736450460000,1736454000000,60,60,0,1
R000792,101,XRP,XRP-USDT-SWAP,1736454107000,1736454000000,1736454060000,1736450460000,1736454000000,60,60,0,1
R000792,101,DOGE,DOGE-USDT-SWAP,1736454107000,1736454000000,1736454060000,1736450460000,1736454000000,60,60,0,1
R000792,101,ADA,ADA-USDT-SWAP,1736454107000,1736454000000,1736454060000,1736450460000,1736454000000,60,60,0,1
R000792,101,LTC,LTC-USDT-SWAP,1736454107000,1736454000000,1736454060000,1736450460000,1736454000000,60,60,0,1
R000792,101,BCH,BCH-USDT-SWAP,1736454107000,1736454000000,1736454060000,1736450460000,1736454000000,60,60,0,1
R000792,101,LINK,LINK-USDT-SWAP,1736454107000,1736454000000,1736454060000,1736450460000,1736454000000,60,60,0,1
R000794,102,ETH,ETH-USDT-SWAP,1736531794000,1736531700000,1736531760000,1736528160000,1736531700000,60,60,0,1
R000794,102,SOL,SOL-USDT-SWAP,1736531794000,1736531700000,1736531760000,1736528160000,1736531700000,60,60,0,1
R000794,102,XRP,XRP-USDT-SWAP,1736531794000,1736531700000,1736531760000,1736528160000,1736531700000,60,60,0,1
R000794,102,DOGE,DOGE-USDT-SWAP,1736531794000,1736531700000,1736531760000,1736528160000,1736531700000,60,60,0,1
R000794,102,ADA,ADA-USDT-SWAP,1736531794000,1736531700000,1736531760000,1736528160000,1736531700000,60,60,0,1
R000794,102,LTC,LTC-USDT-SWAP,1736531794000,1736531700000,1736531760000,1736528160000,1736531700000,60,60,0,1
R000794,102,BCH,BCH-USDT-SWAP,1736531794000,1736531700000,1736531760000,1736528160000,1736531700000,60,60,0,1
R000794,102,LINK,LINK-USDT-SWAP,1736531794000,1736531700000,1736531760000,1736528160000,1736531700000,60,60,0,1
R000802,103,ETH,ETH-USDT-SWAP,1736947802000,1736947740000,1736947800000,1736944200000,1736947740000,60,60,0,1
R000802,103,SOL,SOL-USDT-SWAP,1736947802000,1736947740000,1736947800000,1736944200000,1736947740000,60,60,0,1
R000802,103,XRP,XRP-USDT-SWAP,1736947802000,1736947740000,1736947800000,1736944200000,1736947740000,60,60,0,1
R000802,103,DOGE,DOGE-USDT-SWAP,1736947802000,1736947740000,1736947800000,1736944200000,1736947740000,60,60,0,1
R000802,103,ADA,ADA-USDT-SWAP,1736947802000,1736947740000,1736947800000,1736944200000,1736947740000,60,60,0,1
R000802,103,LTC,LTC-USDT-SWAP,1736947802000,1736947740000,1736947800000,1736944200000,1736947740000,60,60,0,1
R000802,103,BCH,BCH-USDT-SWAP,1736947802000,1736947740000,1736947800000,1736944200000,1736947740000,60,60,0,1
R000802,103,LINK,LINK-USDT-SWAP,1736947802000,1736947740000,1736947800000,1736944200000,1736947740000,60,60,0,1
R000853,104,ETH,ETH-USDT-SWAP,1737363965000,1737363900000,1737363960000,1737360360000,1737363900000,60,60,0,1
R000853,104,SOL,SOL-USDT-SWAP,1737363965000,1737363900000,1737363960000,1737360360000,1737363900000,60,60,0,1
R000853,104,XRP,XRP-USDT-SWAP,1737363965000,1737363900000,1737363960000,1737360360000,1737363900000,60,60,0,1
R000853,104,DOGE,DOGE-USDT-SWAP,1737363965000,1737363900000,1737363960000,1737360360000,1737363900000,60,60,0,1
R000853,104,ADA,ADA-USDT-SWAP,1737363965000,1737363900000,1737363960000,1737360360000,1737363900000,60,60,0,1
R000853,104,LTC,LTC-USDT-SWAP,1737363965000,1737363900000,1737363960000,1737360360000,1737363900000,60,60,0,1
R000853,104,BCH,BCH-USDT-SWAP,1737363965000,1737363900000,1737363960000,1737360360000,1737363900000,60,60,0,1
R000853,104,LINK,LINK-USDT-SWAP,1737363965000,1737363900000,1737363960000,1737360360000,1737363900000,60,60,0,1
R000854,105,ETH,ETH-USDT-SWAP,1737364907000,1737364800000,1737364860000,1737361260000,1737364800000,60,60,0,1
R000854,105,SOL,SOL-USDT-SWAP,1737364907000,1737364800000,1737364860000,1737361260000,1737364800000,60,60,0,1
R000854,105,XRP,XRP-USDT-SWAP,1737364907000,1737364800000,1737364860000,1737361260000,1737364800000,60,60,0,1
R000854,105,DOGE,DOGE-USDT-SWAP,1737364907000,1737364800000,1737364860000,1737361260000,1737364800000,60,60,0,1
R000854,105,ADA,ADA-USDT-SWAP,1737364907000,1737364800000,1737364860000,1737361260000,1737364800000,60,60,0,1
R000854,105,LTC,LTC-USDT-SWAP,1737364907000,1737364800000,1737364860000,1737361260000,1737364800000,60,60,0,1
R000854,105,BCH,BCH-USDT-SWAP,1737364907000,1737364800000,1737364860000,1737361260000,1737364800000,60,60,0,1
R000854,105,LINK,LINK-USDT-SWAP,1737364907000,1737364800000,1737364860000,1737361260000,1737364800000,60,60,0,1
R000855,106,ETH,ETH-USDT-SWAP,1737375238000,1737375120000,1737375180000,1737371580000,1737375120000,60,60,0,1
R000855,106,SOL,SOL-USDT-SWAP,1737375238000,1737375120000,1737375180000,1737371580000,1737375120000,60,60,0,1
R000855,106,XRP,XRP-USDT-SWAP,1737375238000,1737375120000,1737375180000,1737371580000,1737375120000,60,60,0,1
R000855,106,DOGE,DOGE-USDT-SWAP,1737375238000,1737375120000,1737375180000,1737371580000,1737375120000,60,60,0,1
R000855,106,ADA,ADA-USDT-SWAP,1737375238000,1737375120000,1737375180000,1737371580000,1737375120000,60,60,0,1
R000855,106,LTC,LTC-USDT-SWAP,1737375238000,1737375120000,1737375180000,1737371580000,1737375120000,60,60,0,1
R000855,106,BCH,BCH-USDT-SWAP,1737375238000,1737375120000,1737375180000,1737371580000,1737375120000,60,60,0,1
R000855,106,LINK,LINK-USDT-SWAP,1737375238000,1737375120000,1737375180000,1737371580000,1737375120000,60,60,0,1
R000856,107,ETH,ETH-USDT-SWAP,1737388607000,1737388500000,1737388560000,1737384960000,1737388500000,60,60,0,1
R000856,107,SOL,SOL-USDT-SWAP,1737388607000,1737388500000,1737388560000,1737384960000,1737388500000,60,60,0,1
R000856,107,XRP,XRP-USDT-SWAP,1737388607000,1737388500000,1737388560000,1737384960000,1737388500000,60,60,0,1
R000856,107,DOGE,DOGE-USDT-SWAP,1737388607000,1737388500000,1737388560000,1737384960000,1737388500000,60,60,0,1
R000856,107,ADA,ADA-USDT-SWAP,1737388607000,1737388500000,1737388560000,1737384960000,1737388500000,60,60,0,1
R000856,107,LTC,LTC-USDT-SWAP,1737388607000,1737388500000,1737388560000,1737384960000,1737388500000,60,60,0,1
R000856,107,BCH,BCH-USDT-SWAP,1737388607000,1737388500000,1737388560000,1737384960000,1737388500000,60,60,0,1
R000856,107,LINK,LINK-USDT-SWAP,1737388607000,1737388500000,1737388560000,1737384960000,1737388500000,60,60,0,1
R000857,108,ETH,ETH-USDT-SWAP,1737392665000,1737392580000,1737392640000,1737389040000,1737392580000,60,60,0,1
R000857,108,SOL,SOL-USDT-SWAP,1737392665000,1737392580000,1737392640000,1737389040000,1737392580000,60,60,0,1
R000857,108,XRP,XRP-USDT-SWAP,1737392665000,1737392580000,1737392640000,1737389040000,1737392580000,60,60,0,1
R000857,108,DOGE,DOGE-USDT-SWAP,1737392665000,1737392580000,1737392640000,1737389040000,1737392580000,60,60,0,1
R000857,108,ADA,ADA-USDT-SWAP,1737392665000,1737392580000,1737392640000,1737389040000,1737392580000,60,60,0,1
R000857,108,LTC,LTC-USDT-SWAP,1737392665000,1737392580000,1737392640000,1737389040000,1737392580000,60,60,0,1
R000857,108,BCH,BCH-USDT-SWAP,1737392665000,1737392580000,1737392640000,1737389040000,1737392580000,60,60,0,1
R000857,108,LINK,LINK-USDT-SWAP,1737392665000,1737392580000,1737392640000,1737389040000,1737392580000,60,60,0,1
R000858,109,ETH,ETH-USDT-SWAP,1737414442000,1737414360000,1737414420000,1737410820000,1737414360000,60,60,0,1
R000858,109,SOL,SOL-USDT-SWAP,1737414442000,1737414360000,1737414420000,1737410820000,1737414360000,60,60,0,1
R000858,109,XRP,XRP-USDT-SWAP,1737414442000,1737414360000,1737414420000,1737410820000,1737414360000,60,60,0,1
R000858,109,DOGE,DOGE-USDT-SWAP,1737414442000,1737414360000,1737414420000,1737410820000,1737414360000,60,60,0,1
R000858,109,ADA,ADA-USDT-SWAP,1737414442000,1737414360000,1737414420000,1737410820000,1737414360000,60,60,0,1
R000858,109,LTC,LTC-USDT-SWAP,1737414442000,1737414360000,1737414420000,1737410820000,1737414360000,60,60,0,1
R000858,109,BCH,BCH-USDT-SWAP,1737414442000,1737414360000,1737414420000,1737410820000,1737414360000,60,60,0,1
R000858,109,LINK,LINK-USDT-SWAP,1737414442000,1737414360000,1737414420000,1737410820000,1737414360000,60,60,0,1
R000860,110,ETH,ETH-USDT-SWAP,1737418666000,1737418560000,1737418620000,1737415020000,1737418560000,60,60,0,1
R000860,110,SOL,SOL-USDT-SWAP,1737418666000,1737418560000,1737418620000,1737415020000,1737418560000,60,60,0,1
R000860,110,XRP,XRP-USDT-SWAP,1737418666000,1737418560000,1737418620000,1737415020000,1737418560000,60,60,0,1
R000860,110,DOGE,DOGE-USDT-SWAP,1737418666000,1737418560000,1737418620000,1737415020000,1737418560000,60,60,0,1
R000860,110,ADA,ADA-USDT-SWAP,1737418666000,1737418560000,1737418620000,1737415020000,1737418560000,60,60,0,1
R000860,110,LTC,LTC-USDT-SWAP,1737418666000,1737418560000,1737418620000,1737415020000,1737418560000,60,60,0,1
R000860,110,BCH,BCH-USDT-SWAP,1737418666000,1737418560000,1737418620000,1737415020000,1737418560000,60,60,0,1
R000860,110,LINK,LINK-USDT-SWAP,1737418666000,1737418560000,1737418620000,1737415020000,1737418560000,60,60,0,1
R000866,111,ETH,ETH-USDT-SWAP,1737475849000,1737475740000,1737475800000,1737472200000,1737475740000,60,60,0,1
R000866,111,SOL,SOL-USDT-SWAP,1737475849000,1737475740000,1737475800000,1737472200000,1737475740000,60,60,0,1
R000866,111,XRP,XRP-USDT-SWAP,1737475849000,1737475740000,1737475800000,1737472200000,1737475740000,60,60,0,1
R000866,111,DOGE,DOGE-USDT-SWAP,1737475849000,1737475740000,1737475800000,1737472200000,1737475740000,60,60,0,1
R000866,111,ADA,ADA-USDT-SWAP,1737475849000,1737475740000,1737475800000,1737472200000,1737475740000,60,60,0,1
R000866,111,LTC,LTC-USDT-SWAP,1737475849000,1737475740000,1737475800000,1737472200000,1737475740000,60,60,0,1
R000866,111,BCH,BCH-USDT-SWAP,1737475849000,1737475740000,1737475800000,1737472200000,1737475740000,60,60,0,1
R000866,111,LINK,LINK-USDT-SWAP,1737475849000,1737475740000,1737475800000,1737472200000,1737475740000,60,60,0,1
R000876,112,ETH,ETH-USDT-SWAP,1737644866000,1737644760000,1737644820000,1737641220000,1737644760000,60,60,0,1
R000876,112,SOL,SOL-USDT-SWAP,1737644866000,1737644760000,1737644820000,1737641220000,1737644760000,60,60,0,1
R000876,112,XRP,XRP-USDT-SWAP,1737644866000,1737644760000,1737644820000,1737641220000,1737644760000,60,60,0,1
R000876,112,DOGE,DOGE-USDT-SWAP,1737644866000,1737644760000,1737644820000,1737641220000,1737644760000,60,60,0,1
R000876,112,ADA,ADA-USDT-SWAP,1737644866000,1737644760000,1737644820000,1737641220000,1737644760000,60,60,0,1
R000876,112,LTC,LTC-USDT-SWAP,1737644866000,1737644760000,1737644820000,1737641220000,1737644760000,60,60,0,1
R000876,112,BCH,BCH-USDT-SWAP,1737644866000,1737644760000,1737644820000,1737641220000,1737644760000,60,60,0,1
R000876,112,LINK,LINK-USDT-SWAP,1737644866000,1737644760000,1737644820000,1737641220000,1737644760000,60,60,0,1
R000877,113,ETH,ETH-USDT-SWAP,1737663072000,1737663000000,1737663060000,1737659460000,1737663000000,60,60,0,1
R000877,113,SOL,SOL-USDT-SWAP,1737663072000,1737663000000,1737663060000,1737659460000,1737663000000,60,60,0,1
R000877,113,XRP,XRP-USDT-SWAP,1737663072000,1737663000000,1737663060000,1737659460000,1737663000000,60,60,0,1
R000877,113,DOGE,DOGE-USDT-SWAP,1737663072000,1737663000000,1737663060000,1737659460000,1737663000000,60,60,0,1
R000877,113,ADA,ADA-USDT-SWAP,1737663072000,1737663000000,1737663060000,1737659460000,1737663000000,60,60,0,1
R000877,113,LTC,LTC-USDT-SWAP,1737663072000,1737663000000,1737663060000,1737659460000,1737663000000,60,60,0,1
R000877,113,BCH,BCH-USDT-SWAP,1737663072000,1737663000000,1737663060000,1737659460000,1737663000000,60,60,0,1
R000877,113,LINK,LINK-USDT-SWAP,1737663072000,1737663000000,1737663060000,1737659460000,1737663000000,60,60,0,1
R000878,114,ETH,ETH-USDT-SWAP,1737665911000,1737665820000,1737665880000,1737662280000,1737665820000,60,60,0,1
R000878,114,SOL,SOL-USDT-SWAP,1737665911000,1737665820000,1737665880000,1737662280000,1737665820000,60,60,0,1
R000878,114,XRP,XRP-USDT-SWAP,1737665911000,1737665820000,1737665880000,1737662280000,1737665820000,60,60,0,1
R000878,114,DOGE,DOGE-USDT-SWAP,1737665911000,1737665820000,1737665880000,1737662280000,1737665820000,60,60,0,1
R000878,114,ADA,ADA-USDT-SWAP,1737665911000,1737665820000,1737665880000,1737662280000,1737665820000,60,60,0,1
R000878,114,LTC,LTC-USDT-SWAP,1737665911000,1737665820000,1737665880000,1737662280000,1737665820000,60,60,0,1
R000878,114,BCH,BCH-USDT-SWAP,1737665911000,1737665820000,1737665880000,1737662280000,1737665820000,60,60,0,1
R000878,114,LINK,LINK-USDT-SWAP,1737665911000,1737665820000,1737665880000,1737662280000,1737665820000,60,60,0,1
R000888,115,ETH,ETH-USDT-SWAP,1737988286000,1737988200000,1737988260000,1737984660000,1737988200000,60,60,0,1
R000888,115,SOL,SOL-USDT-SWAP,1737988286000,1737988200000,1737988260000,1737984660000,1737988200000,60,60,0,1
R000888,115,XRP,XRP-USDT-SWAP,1737988286000,1737988200000,1737988260000,1737984660000,1737988200000,60,60,0,1
R000888,115,DOGE,DOGE-USDT-SWAP,1737988286000,1737988200000,1737988260000,1737984660000,1737988200000,60,60,0,1
R000888,115,ADA,ADA-USDT-SWAP,1737988286000,1737988200000,1737988260000,1737984660000,1737988200000,60,60,0,1
R000888,115,LTC,LTC-USDT-SWAP,1737988286000,1737988200000,1737988260000,1737984660000,1737988200000,60,60,0,1
R000888,115,BCH,BCH-USDT-SWAP,1737988286000,1737988200000,1737988260000,1737984660000,1737988200000,60,60,0,1
R000888,115,LINK,LINK-USDT-SWAP,1737988286000,1737988200000,1737988260000,1737984660000,1737988200000,60,60,0,1
R000898,116,ETH,ETH-USDT-SWAP,1738542307000,1738542240000,1738542300000,1738538700000,1738542240000,60,60,0,1
R000898,116,SOL,SOL-USDT-SWAP,1738542307000,1738542240000,1738542300000,1738538700000,1738542240000,60,60,0,1
R000898,116,XRP,XRP-USDT-SWAP,1738542307000,1738542240000,1738542300000,1738538700000,1738542240000,60,60,0,1
R000898,116,DOGE,DOGE-USDT-SWAP,1738542307000,1738542240000,1738542300000,1738538700000,1738542240000,60,60,0,1
R000898,116,ADA,ADA-USDT-SWAP,1738542307000,1738542240000,1738542300000,1738538700000,1738542240000,60,60,0,1
R000898,116,LTC,LTC-USDT-SWAP,1738542307000,1738542240000,1738542300000,1738538700000,1738542240000,60,60,0,1
R000898,116,BCH,BCH-USDT-SWAP,1738542307000,1738542240000,1738542300000,1738538700000,1738542240000,60,60,0,1
R000898,116,LINK,LINK-USDT-SWAP,1738542307000,1738542240000,1738542300000,1738538700000,1738542240000,60,60,0,1
R000904,117,ETH,ETH-USDT-SWAP,1738560373000,1738560300000,1738560360000,1738556760000,1738560300000,60,60,0,1
R000904,117,SOL,SOL-USDT-SWAP,1738560373000,1738560300000,1738560360000,1738556760000,1738560300000,60,60,0,1
R000904,117,XRP,XRP-USDT-SWAP,1738560373000,1738560300000,1738560360000,1738556760000,1738560300000,60,60,0,1
R000904,117,DOGE,DOGE-USDT-SWAP,1738560373000,1738560300000,1738560360000,1738556760000,1738560300000,60,60,0,1
R000904,117,ADA,ADA-USDT-SWAP,1738560373000,1738560300000,1738560360000,1738556760000,1738560300000,60,60,0,1
R000904,117,LTC,LTC-USDT-SWAP,1738560373000,1738560300000,1738560360000,1738556760000,1738560300000,60,60,0,1
R000904,117,BCH,BCH-USDT-SWAP,1738560373000,1738560300000,1738560360000,1738556760000,1738560300000,60,60,0,1
R000904,117,LINK,LINK-USDT-SWAP,1738560373000,1738560300000,1738560360000,1738556760000,1738560300000,60,60,0,1
R000905,118,ETH,ETH-USDT-SWAP,1738574824000,1738574760000,1738574820000,1738571220000,1738574760000,60,60,0,1
R000905,118,SOL,SOL-USDT-SWAP,1738574824000,1738574760000,1738574820000,1738571220000,1738574760000,60,60,0,1
R000905,118,XRP,XRP-USDT-SWAP,1738574824000,1738574760000,1738574820000,1738571220000,1738574760000,60,60,0,1
R000905,118,DOGE,DOGE-USDT-SWAP,1738574824000,1738574760000,1738574820000,1738571220000,1738574760000,60,60,0,1
R000905,118,ADA,ADA-USDT-SWAP,1738574824000,1738574760000,1738574820000,1738571220000,1738574760000,60,60,0,1
R000905,118,LTC,LTC-USDT-SWAP,1738574824000,1738574760000,1738574820000,1738571220000,1738574760000,60,60,0,1
R000905,118,BCH,BCH-USDT-SWAP,1738574824000,1738574760000,1738574820000,1738571220000,1738574760000,60,60,0,1
R000905,118,LINK,LINK-USDT-SWAP,1738574824000,1738574760000,1738574820000,1738571220000,1738574760000,60,60,0,1
R000911,119,ETH,ETH-USDT-SWAP,1738604988000,1738604880000,1738604940000,1738601340000,1738604880000,60,60,0,1
R000911,119,SOL,SOL-USDT-SWAP,1738604988000,1738604880000,1738604940000,1738601340000,1738604880000,60,60,0,1
R000911,119,XRP,XRP-USDT-SWAP,1738604988000,1738604880000,1738604940000,1738601340000,1738604880000,60,60,0,1
R000911,119,DOGE,DOGE-USDT-SWAP,1738604988000,1738604880000,1738604940000,1738601340000,1738604880000,60,60,0,1
R000911,119,ADA,ADA-USDT-SWAP,1738604988000,1738604880000,1738604940000,1738601340000,1738604880000,60,60,0,1
R000911,119,LTC,LTC-USDT-SWAP,1738604988000,1738604880000,1738604940000,1738601340000,1738604880000,60,60,0,1
R000911,119,BCH,BCH-USDT-SWAP,1738604988000,1738604880000,1738604940000,1738601340000,1738604880000,60,60,0,1
R000911,119,LINK,LINK-USDT-SWAP,1738604988000,1738604880000,1738604940000,1738601340000,1738604880000,60,60,0,1
R000920,120,ETH,ETH-USDT-SWAP,1738935002000,1738934940000,1738935000000,1738931400000,1738934940000,60,60,0,1
R000920,120,SOL,SOL-USDT-SWAP,1738935002000,1738934940000,1738935000000,1738931400000,1738934940000,60,60,0,1
R000920,120,XRP,XRP-USDT-SWAP,1738935002000,1738934940000,1738935000000,1738931400000,1738934940000,60,60,0,1
R000920,120,DOGE,DOGE-USDT-SWAP,1738935002000,1738934940000,1738935000000,1738931400000,1738934940000,60,60,0,1
R000920,120,ADA,ADA-USDT-SWAP,1738935002000,1738934940000,1738935000000,1738931400000,1738934940000,60,60,0,1
R000920,120,LTC,LTC-USDT-SWAP,1738935002000,1738934940000,1738935000000,1738931400000,1738934940000,60,60,0,1
R000920,120,BCH,BCH-USDT-SWAP,1738935002000,1738934940000,1738935000000,1738931400000,1738934940000,60,60,0,1
R000920,120,LINK,LINK-USDT-SWAP,1738935002000,1738934940000,1738935000000,1738931400000,1738934940000,60,60,0,1
R000922,121,ETH,ETH-USDT-SWAP,1739137043000,1739136960000,1739137020000,1739133420000,1739136960000,60,60,0,1
R000922,121,SOL,SOL-USDT-SWAP,1739137043000,1739136960000,1739137020000,1739133420000,1739136960000,60,60,0,1
R000922,121,XRP,XRP-USDT-SWAP,1739137043000,1739136960000,1739137020000,1739133420000,1739136960000,60,60,0,1
R000922,121,DOGE,DOGE-USDT-SWAP,1739137043000,1739136960000,1739137020000,1739133420000,1739136960000,60,60,0,1
R000922,121,ADA,ADA-USDT-SWAP,1739137043000,1739136960000,1739137020000,1739133420000,1739136960000,60,60,0,1
R000922,121,LTC,LTC-USDT-SWAP,1739137043000,1739136960000,1739137020000,1739133420000,1739136960000,60,60,0,1
R000922,121,BCH,BCH-USDT-SWAP,1739137043000,1739136960000,1739137020000,1739133420000,1739136960000,60,60,0,1
R000922,121,LINK,LINK-USDT-SWAP,1739137043000,1739136960000,1739137020000,1739133420000,1739136960000,60,60,0,1
R000923,122,ETH,ETH-USDT-SWAP,1739140866000,1739140800000,1739140860000,1739137260000,1739140800000,60,60,0,1
R000923,122,SOL,SOL-USDT-SWAP,1739140866000,1739140800000,1739140860000,1739137260000,1739140800000,60,60,0,1
R000923,122,XRP,XRP-USDT-SWAP,1739140866000,1739140800000,1739140860000,1739137260000,1739140800000,60,60,0,1
R000923,122,DOGE,DOGE-USDT-SWAP,1739140866000,1739140800000,1739140860000,1739137260000,1739140800000,60,60,0,1
R000923,122,ADA,ADA-USDT-SWAP,1739140866000,1739140800000,1739140860000,1739137260000,1739140800000,60,60,0,1
R000923,122,LTC,LTC-USDT-SWAP,1739140866000,1739140800000,1739140860000,1739137260000,1739140800000,60,60,0,1
R000923,122,BCH,BCH-USDT-SWAP,1739140866000,1739140800000,1739140860000,1739137260000,1739140800000,60,60,0,1
R000923,122,LINK,LINK-USDT-SWAP,1739140866000,1739140800000,1739140860000,1739137260000,1739140800000,60,60,0,1
R000929,123,ETH,ETH-USDT-SWAP,1739367003000,1739366940000,1739367000000,1739363400000,1739366940000,60,60,0,1
R000929,123,SOL,SOL-USDT-SWAP,1739367003000,1739366940000,1739367000000,1739363400000,1739366940000,60,60,0,1
R000929,123,XRP,XRP-USDT-SWAP,1739367003000,1739366940000,1739367000000,1739363400000,1739366940000,60,60,0,1
R000929,123,DOGE,DOGE-USDT-SWAP,1739367003000,1739366940000,1739367000000,1739363400000,1739366940000,60,60,0,1
R000929,123,ADA,ADA-USDT-SWAP,1739367003000,1739366940000,1739367000000,1739363400000,1739366940000,60,60,0,1
R000929,123,LTC,LTC-USDT-SWAP,1739367003000,1739366940000,1739367000000,1739363400000,1739366940000,60,60,0,1
R000929,123,BCH,BCH-USDT-SWAP,1739367003000,1739366940000,1739367000000,1739363400000,1739366940000,60,60,0,1
R000929,123,LINK,LINK-USDT-SWAP,1739367003000,1739366940000,1739367000000,1739363400000,1739366940000,60,60,0,1
R000940,124,ETH,ETH-USDT-SWAP,1739807280000,1739807220000,1739807280000,1739803680000,1739807220000,60,60,0,1
R000940,124,SOL,SOL-USDT-SWAP,1739807280000,1739807220000,1739807280000,1739803680000,1739807220000,60,60,0,1
R000940,124,XRP,XRP-USDT-SWAP,1739807280000,1739807220000,1739807280000,1739803680000,1739807220000,60,60,0,1
R000940,124,DOGE,DOGE-USDT-SWAP,1739807280000,1739807220000,1739807280000,1739803680000,1739807220000,60,60,0,1
R000940,124,ADA,ADA-USDT-SWAP,1739807280000,1739807220000,1739807280000,1739803680000,1739807220000,60,60,0,1
R000940,124,LTC,LTC-USDT-SWAP,1739807280000,1739807220000,1739807280000,1739803680000,1739807220000,60,60,0,1
R000940,124,BCH,BCH-USDT-SWAP,1739807280000,1739807220000,1739807280000,1739803680000,1739807220000,60,60,0,1
R000940,124,LINK,LINK-USDT-SWAP,1739807280000,1739807220000,1739807280000,1739803680000,1739807220000,60,60,0,1
R000942,125,ETH,ETH-USDT-SWAP,1739868513000,1739868420000,1739868480000,1739864880000,1739868420000,60,60,0,1
R000942,125,SOL,SOL-USDT-SWAP,1739868513000,1739868420000,1739868480000,1739864880000,1739868420000,60,60,0,1
R000942,125,XRP,XRP-USDT-SWAP,1739868513000,1739868420000,1739868480000,1739864880000,1739868420000,60,60,0,1
R000942,125,DOGE,DOGE-USDT-SWAP,1739868513000,1739868420000,1739868480000,1739864880000,1739868420000,60,60,0,1
R000942,125,ADA,ADA-USDT-SWAP,1739868513000,1739868420000,1739868480000,1739864880000,1739868420000,60,60,0,1
R000942,125,LTC,LTC-USDT-SWAP,1739868513000,1739868420000,1739868480000,1739864880000,1739868420000,60,60,0,1
R000942,125,BCH,BCH-USDT-SWAP,1739868513000,1739868420000,1739868480000,1739864880000,1739868420000,60,60,0,1
R000942,125,LINK,LINK-USDT-SWAP,1739868513000,1739868420000,1739868480000,1739864880000,1739868420000,60,60,0,1
R000960,126,ETH,ETH-USDT-SWAP,1740495644000,1740495540000,1740495600000,1740492000000,1740495540000,60,60,0,1
R000960,126,SOL,SOL-USDT-SWAP,1740495644000,1740495540000,1740495600000,1740492000000,1740495540000,60,60,0,1
R000960,126,XRP,XRP-USDT-SWAP,1740495644000,1740495540000,1740495600000,1740492000000,1740495540000,60,60,0,1
R000960,126,DOGE,DOGE-USDT-SWAP,1740495644000,1740495540000,1740495600000,1740492000000,1740495540000,60,60,0,1
R000960,126,ADA,ADA-USDT-SWAP,1740495644000,1740495540000,1740495600000,1740492000000,1740495540000,60,60,0,1
R000960,126,LTC,LTC-USDT-SWAP,1740495644000,1740495540000,1740495600000,1740492000000,1740495540000,60,60,0,1
R000960,126,BCH,BCH-USDT-SWAP,1740495644000,1740495540000,1740495600000,1740492000000,1740495540000,60,60,0,1
R000960,126,LINK,LINK-USDT-SWAP,1740495644000,1740495540000,1740495600000,1740492000000,1740495540000,60,60,0,1
R000965,127,ETH,ETH-USDT-SWAP,1740582006000,1740581940000,1740582000000,1740578400000,1740581940000,60,60,0,1
R000965,127,SOL,SOL-USDT-SWAP,1740582006000,1740581940000,1740582000000,1740578400000,1740581940000,60,60,0,1
R000965,127,XRP,XRP-USDT-SWAP,1740582006000,1740581940000,1740582000000,1740578400000,1740581940000,60,60,0,1
R000965,127,DOGE,DOGE-USDT-SWAP,1740582006000,1740581940000,1740582000000,1740578400000,1740581940000,60,60,0,1
R000965,127,ADA,ADA-USDT-SWAP,1740582006000,1740581940000,1740582000000,1740578400000,1740581940000,60,60,0,1
R000965,127,LTC,LTC-USDT-SWAP,1740582006000,1740581940000,1740582000000,1740578400000,1740581940000,60,60,0,1
R000965,127,BCH,BCH-USDT-SWAP,1740582006000,1740581940000,1740582000000,1740578400000,1740581940000,60,60,0,1
R000965,127,LINK,LINK-USDT-SWAP,1740582006000,1740581940000,1740582000000,1740578400000,1740581940000,60,60,0,1
R000968,128,ETH,ETH-USDT-SWAP,1740709990000,1740709920000,1740709980000,1740706380000,1740709920000,60,60,0,1
R000968,128,SOL,SOL-USDT-SWAP,1740709990000,1740709920000,1740709980000,1740706380000,1740709920000,60,60,0,1
R000968,128,XRP,XRP-USDT-SWAP,1740709990000,1740709920000,1740709980000,1740706380000,1740709920000,60,60,0,1
R000968,128,DOGE,DOGE-USDT-SWAP,1740709990000,1740709920000,1740709980000,1740706380000,1740709920000,60,60,0,1
R000968,128,ADA,ADA-USDT-SWAP,1740709990000,1740709920000,1740709980000,1740706380000,1740709920000,60,60,0,1
R000968,128,LTC,LTC-USDT-SWAP,1740709990000,1740709920000,1740709980000,1740706380000,1740709920000,60,60,0,1
R000968,128,BCH,BCH-USDT-SWAP,1740709990000,1740709920000,1740709980000,1740706380000,1740709920000,60,60,0,1
R000968,128,LINK,LINK-USDT-SWAP,1740709990000,1740709920000,1740709980000,1740706380000,1740709920000,60,60,0,1
R000977,129,ETH,ETH-USDT-SWAP,1740866239000,1740866160000,1740866220000,1740862620000,1740866160000,60,60,0,1
R000977,129,SOL,SOL-USDT-SWAP,1740866239000,1740866160000,1740866220000,1740862620000,1740866160000,60,60,0,1
R000977,129,XRP,XRP-USDT-SWAP,1740866239000,1740866160000,1740866220000,1740862620000,1740866160000,60,60,0,1
R000977,129,DOGE,DOGE-USDT-SWAP,1740866239000,1740866160000,1740866220000,1740862620000,1740866160000,60,60,0,1
R000977,129,ADA,ADA-USDT-SWAP,1740866239000,1740866160000,1740866220000,1740862620000,1740866160000,60,60,0,1
R000977,129,LTC,LTC-USDT-SWAP,1740866239000,1740866160000,1740866220000,1740862620000,1740866160000,60,60,0,1
R000977,129,BCH,BCH-USDT-SWAP,1740866239000,1740866160000,1740866220000,1740862620000,1740866160000,60,60,0,1
R000977,129,LINK,LINK-USDT-SWAP,1740866239000,1740866160000,1740866220000,1740862620000,1740866160000,60,60,0,1
R000983,130,ETH,ETH-USDT-SWAP,1740957495000,1740957420000,1740957480000,1740953880000,1740957420000,60,60,0,1
R000983,130,SOL,SOL-USDT-SWAP,1740957495000,1740957420000,1740957480000,1740953880000,1740957420000,60,60,0,1
R000983,130,XRP,XRP-USDT-SWAP,1740957495000,1740957420000,1740957480000,1740953880000,1740957420000,60,60,0,1
R000983,130,DOGE,DOGE-USDT-SWAP,1740957495000,1740957420000,1740957480000,1740953880000,1740957420000,60,60,0,1
R000983,130,ADA,ADA-USDT-SWAP,1740957495000,1740957420000,1740957480000,1740953880000,1740957420000,60,60,0,1
R000983,130,LTC,LTC-USDT-SWAP,1740957495000,1740957420000,1740957480000,1740953880000,1740957420000,60,60,0,1
R000983,130,BCH,BCH-USDT-SWAP,1740957495000,1740957420000,1740957480000,1740953880000,1740957420000,60,60,0,1
R000983,130,LINK,LINK-USDT-SWAP,1740957495000,1740957420000,1740957480000,1740953880000,1740957420000,60,60,0,1
R000986,131,ETH,ETH-USDT-SWAP,1741013588000,1741013520000,1741013580000,1741009980000,1741013520000,60,60,0,1
R000986,131,SOL,SOL-USDT-SWAP,1741013588000,1741013520000,1741013580000,1741009980000,1741013520000,60,60,0,1
R000986,131,XRP,XRP-USDT-SWAP,1741013588000,1741013520000,1741013580000,1741009980000,1741013520000,60,60,0,1
R000986,131,DOGE,DOGE-USDT-SWAP,1741013588000,1741013520000,1741013580000,1741009980000,1741013520000,60,60,0,1
R000986,131,ADA,ADA-USDT-SWAP,1741013588000,1741013520000,1741013580000,1741009980000,1741013520000,60,60,0,1
R000986,131,LTC,LTC-USDT-SWAP,1741013588000,1741013520000,1741013580000,1741009980000,1741013520000,60,60,0,1
R000986,131,BCH,BCH-USDT-SWAP,1741013588000,1741013520000,1741013580000,1741009980000,1741013520000,60,60,0,1
R000986,131,LINK,LINK-USDT-SWAP,1741013588000,1741013520000,1741013580000,1741009980000,1741013520000,60,60,0,1
R000988,132,ETH,ETH-USDT-SWAP,1741027685000,1741027620000,1741027680000,1741024080000,1741027620000,60,60,0,1
R000988,132,SOL,SOL-USDT-SWAP,1741027685000,1741027620000,1741027680000,1741024080000,1741027620000,60,60,0,1
R000988,132,XRP,XRP-USDT-SWAP,1741027685000,1741027620000,1741027680000,1741024080000,1741027620000,60,60,0,1
R000988,132,DOGE,DOGE-USDT-SWAP,1741027685000,1741027620000,1741027680000,1741024080000,1741027620000,60,60,0,1
R000988,132,ADA,ADA-USDT-SWAP,1741027685000,1741027620000,1741027680000,1741024080000,1741027620000,60,60,0,1
R000988,132,LTC,LTC-USDT-SWAP,1741027685000,1741027620000,1741027680000,1741024080000,1741027620000,60,60,0,1
R000988,132,BCH,BCH-USDT-SWAP,1741027685000,1741027620000,1741027680000,1741024080000,1741027620000,60,60,0,1
R000988,132,LINK,LINK-USDT-SWAP,1741027685000,1741027620000,1741027680000,1741024080000,1741027620000,60,60,0,1
R000992,133,ETH,ETH-USDT-SWAP,1741052302000,1741052220000,1741052280000,1741048680000,1741052220000,60,60,0,1
R000992,133,SOL,SOL-USDT-SWAP,1741052302000,1741052220000,1741052280000,1741048680000,1741052220000,60,60,0,1
R000992,133,XRP,XRP-USDT-SWAP,1741052302000,1741052220000,1741052280000,1741048680000,1741052220000,60,60,0,1
R000992,133,DOGE,DOGE-USDT-SWAP,1741052302000,1741052220000,1741052280000,1741048680000,1741052220000,60,60,0,1
R000992,133,ADA,ADA-USDT-SWAP,1741052302000,1741052220000,1741052280000,1741048680000,1741052220000,60,60,0,1
R000992,133,LTC,LTC-USDT-SWAP,1741052302000,1741052220000,1741052280000,1741048680000,1741052220000,60,60,0,1
R000992,133,BCH,BCH-USDT-SWAP,1741052302000,1741052220000,1741052280000,1741048680000,1741052220000,60,60,0,1
R000992,133,LINK,LINK-USDT-SWAP,1741052302000,1741052220000,1741052280000,1741048680000,1741052220000,60,60,0,1
R000995,134,ETH,ETH-USDT-SWAP,1741101626000,1741101540000,1741101600000,1741098000000,1741101540000,60,60,0,1
R000995,134,SOL,SOL-USDT-SWAP,1741101626000,1741101540000,1741101600000,1741098000000,1741101540000,60,60,0,1
R000995,134,XRP,XRP-USDT-SWAP,1741101626000,1741101540000,1741101600000,1741098000000,1741101540000,60,60,0,1
R000995,134,DOGE,DOGE-USDT-SWAP,1741101626000,1741101540000,1741101600000,1741098000000,1741101540000,60,60,0,1
R000995,134,ADA,ADA-USDT-SWAP,1741101626000,1741101540000,1741101600000,1741098000000,1741101540000,60,60,0,1
R000995,134,LTC,LTC-USDT-SWAP,1741101626000,1741101540000,1741101600000,1741098000000,1741101540000,60,60,0,1
R000995,134,BCH,BCH-USDT-SWAP,1741101626000,1741101540000,1741101600000,1741098000000,1741101540000,60,60,0,1
R000995,134,LINK,LINK-USDT-SWAP,1741101626000,1741101540000,1741101600000,1741098000000,1741101540000,60,60,0,1
R001001,135,ETH,ETH-USDT-SWAP,1741186801000,1741186740000,1741186800000,1741183200000,1741186740000,60,60,0,1
R001001,135,SOL,SOL-USDT-SWAP,1741186801000,1741186740000,1741186800000,1741183200000,1741186740000,60,60,0,1
R001001,135,XRP,XRP-USDT-SWAP,1741186801000,1741186740000,1741186800000,1741183200000,1741186740000,60,60,0,1
R001001,135,DOGE,DOGE-USDT-SWAP,1741186801000,1741186740000,1741186800000,1741183200000,1741186740000,60,60,0,1
R001001,135,ADA,ADA-USDT-SWAP,1741186801000,1741186740000,1741186800000,1741183200000,1741186740000,60,60,0,1
R001001,135,LTC,LTC-USDT-SWAP,1741186801000,1741186740000,1741186800000,1741183200000,1741186740000,60,60,0,1
R001001,135,BCH,BCH-USDT-SWAP,1741186801000,1741186740000,1741186800000,1741183200000,1741186740000,60,60,0,1
R001001,135,LINK,LINK-USDT-SWAP,1741186801000,1741186740000,1741186800000,1741183200000,1741186740000,60,60,0,1
R001007,136,ETH,ETH-USDT-SWAP,1741306530000,1741306440000,1741306500000,1741302900000,1741306440000,60,60,0,1
R001007,136,SOL,SOL-USDT-SWAP,1741306530000,1741306440000,1741306500000,1741302900000,1741306440000,60,60,0,1
R001007,136,XRP,XRP-USDT-SWAP,1741306530000,1741306440000,1741306500000,1741302900000,1741306440000,60,60,0,1
R001007,136,DOGE,DOGE-USDT-SWAP,1741306530000,1741306440000,1741306500000,1741302900000,1741306440000,60,60,0,1
R001007,136,ADA,ADA-USDT-SWAP,1741306530000,1741306440000,1741306500000,1741302900000,1741306440000,60,60,0,1
R001007,136,LTC,LTC-USDT-SWAP,1741306530000,1741306440000,1741306500000,1741302900000,1741306440000,60,60,0,1
R001007,136,BCH,BCH-USDT-SWAP,1741306530000,1741306440000,1741306500000,1741302900000,1741306440000,60,60,0,1
R001007,136,LINK,LINK-USDT-SWAP,1741306530000,1741306440000,1741306500000,1741302900000,1741306440000,60,60,0,1
R001008,137,ETH,ETH-USDT-SWAP,1741311640000,1741311540000,1741311600000,1741308000000,1741311540000,60,60,0,1
R001008,137,SOL,SOL-USDT-SWAP,1741311640000,1741311540000,1741311600000,1741308000000,1741311540000,60,60,0,1
R001008,137,XRP,XRP-USDT-SWAP,1741311640000,1741311540000,1741311600000,1741308000000,1741311540000,60,60,0,1
R001008,137,DOGE,DOGE-USDT-SWAP,1741311640000,1741311540000,1741311600000,1741308000000,1741311540000,60,60,0,1
R001008,137,ADA,ADA-USDT-SWAP,1741311640000,1741311540000,1741311600000,1741308000000,1741311540000,60,60,0,1
R001008,137,LTC,LTC-USDT-SWAP,1741311640000,1741311540000,1741311600000,1741308000000,1741311540000,60,60,0,1
R001008,137,BCH,BCH-USDT-SWAP,1741311640000,1741311540000,1741311600000,1741308000000,1741311540000,60,60,0,1
R001008,137,LINK,LINK-USDT-SWAP,1741311640000,1741311540000,1741311600000,1741308000000,1741311540000,60,60,0,1
R001009,138,ETH,ETH-USDT-SWAP,1741339302000,1741339200000,1741339260000,1741335660000,1741339200000,60,60,0,1
R001009,138,SOL,SOL-USDT-SWAP,1741339302000,1741339200000,1741339260000,1741335660000,1741339200000,60,60,0,1
R001009,138,XRP,XRP-USDT-SWAP,1741339302000,1741339200000,1741339260000,1741335660000,1741339200000,60,60,0,1
R001009,138,DOGE,DOGE-USDT-SWAP,1741339302000,1741339200000,1741339260000,1741335660000,1741339200000,60,60,0,1
R001009,138,ADA,ADA-USDT-SWAP,1741339302000,1741339200000,1741339260000,1741335660000,1741339200000,60,60,0,1
R001009,138,LTC,LTC-USDT-SWAP,1741339302000,1741339200000,1741339260000,1741335660000,1741339200000,60,60,0,1
R001009,138,BCH,BCH-USDT-SWAP,1741339302000,1741339200000,1741339260000,1741335660000,1741339200000,60,60,0,1
R001009,138,LINK,LINK-USDT-SWAP,1741339302000,1741339200000,1741339260000,1741335660000,1741339200000,60,60,0,1
R001011,139,ETH,ETH-USDT-SWAP,1741354201000,1741354140000,1741354200000,1741350600000,1741354140000,60,60,0,1
R001011,139,SOL,SOL-USDT-SWAP,1741354201000,1741354140000,1741354200000,1741350600000,1741354140000,60,60,0,1
R001011,139,XRP,XRP-USDT-SWAP,1741354201000,1741354140000,1741354200000,1741350600000,1741354140000,60,60,0,1
R001011,139,DOGE,DOGE-USDT-SWAP,1741354201000,1741354140000,1741354200000,1741350600000,1741354140000,60,60,0,1
R001011,139,ADA,ADA-USDT-SWAP,1741354201000,1741354140000,1741354200000,1741350600000,1741354140000,60,60,0,1
R001011,139,LTC,LTC-USDT-SWAP,1741354201000,1741354140000,1741354200000,1741350600000,1741354140000,60,60,0,1
R001011,139,BCH,BCH-USDT-SWAP,1741354201000,1741354140000,1741354200000,1741350600000,1741354140000,60,60,0,1
R001011,139,LINK,LINK-USDT-SWAP,1741354201000,1741354140000,1741354200000,1741350600000,1741354140000,60,60,0,1
R001014,140,ETH,ETH-USDT-SWAP,1741381009000,1741380900000,1741380960000,1741377360000,1741380900000,60,60,0,1
R001014,140,SOL,SOL-USDT-SWAP,1741381009000,1741380900000,1741380960000,1741377360000,1741380900000,60,60,0,1
R001014,140,XRP,XRP-USDT-SWAP,1741381009000,1741380900000,1741380960000,1741377360000,1741380900000,60,60,0,1
R001014,140,DOGE,DOGE-USDT-SWAP,1741381009000,1741380900000,1741380960000,1741377360000,1741380900000,60,60,0,1
R001014,140,ADA,ADA-USDT-SWAP,1741381009000,1741380900000,1741380960000,1741377360000,1741380900000,60,60,0,1
R001014,140,LTC,LTC-USDT-SWAP,1741381009000,1741380900000,1741380960000,1741377360000,1741380900000,60,60,0,1
R001014,140,BCH,BCH-USDT-SWAP,1741381009000,1741380900000,1741380960000,1741377360000,1741380900000,60,60,0,1
R001014,140,LINK,LINK-USDT-SWAP,1741381009000,1741380900000,1741380960000,1741377360000,1741380900000,60,60,0,1
R001015,141,ETH,ETH-USDT-SWAP,1741397616000,1741397520000,1741397580000,1741393980000,1741397520000,60,60,0,1
R001015,141,SOL,SOL-USDT-SWAP,1741397616000,1741397520000,1741397580000,1741393980000,1741397520000,60,60,0,1
R001015,141,XRP,XRP-USDT-SWAP,1741397616000,1741397520000,1741397580000,1741393980000,1741397520000,60,60,0,1
R001015,141,DOGE,DOGE-USDT-SWAP,1741397616000,1741397520000,1741397580000,1741393980000,1741397520000,60,60,0,1
R001015,141,ADA,ADA-USDT-SWAP,1741397616000,1741397520000,1741397580000,1741393980000,1741397520000,60,60,0,1
R001015,141,LTC,LTC-USDT-SWAP,1741397616000,1741397520000,1741397580000,1741393980000,1741397520000,60,60,0,1
R001015,141,BCH,BCH-USDT-SWAP,1741397616000,1741397520000,1741397580000,1741393980000,1741397520000,60,60,0,1
R001015,141,LINK,LINK-USDT-SWAP,1741397616000,1741397520000,1741397580000,1741393980000,1741397520000,60,60,0,1
R001016,142,ETH,ETH-USDT-SWAP,1741521972000,1741521900000,1741521960000,1741518360000,1741521900000,60,60,0,1
R001016,142,SOL,SOL-USDT-SWAP,1741521972000,1741521900000,1741521960000,1741518360000,1741521900000,60,60,0,1
R001016,142,XRP,XRP-USDT-SWAP,1741521972000,1741521900000,1741521960000,1741518360000,1741521900000,60,60,0,1
R001016,142,DOGE,DOGE-USDT-SWAP,1741521972000,1741521900000,1741521960000,1741518360000,1741521900000,60,60,0,1
R001016,142,ADA,ADA-USDT-SWAP,1741521972000,1741521900000,1741521960000,1741518360000,1741521900000,60,60,0,1
R001016,142,LTC,LTC-USDT-SWAP,1741521972000,1741521900000,1741521960000,1741518360000,1741521900000,60,60,0,1
R001016,142,BCH,BCH-USDT-SWAP,1741521972000,1741521900000,1741521960000,1741518360000,1741521900000,60,60,0,1
R001016,142,LINK,LINK-USDT-SWAP,1741521972000,1741521900000,1741521960000,1741518360000,1741521900000,60,60,0,1
R001017,143,ETH,ETH-USDT-SWAP,1741528788000,1741528680000,1741528740000,1741525140000,1741528680000,60,60,0,1
R001017,143,SOL,SOL-USDT-SWAP,1741528788000,1741528680000,1741528740000,1741525140000,1741528680000,60,60,0,1
R001017,143,XRP,XRP-USDT-SWAP,1741528788000,1741528680000,1741528740000,1741525140000,1741528680000,60,60,0,1
R001017,143,DOGE,DOGE-USDT-SWAP,1741528788000,1741528680000,1741528740000,1741525140000,1741528680000,60,60,0,1
R001017,143,ADA,ADA-USDT-SWAP,1741528788000,1741528680000,1741528740000,1741525140000,1741528680000,60,60,0,1
R001017,143,LTC,LTC-USDT-SWAP,1741528788000,1741528680000,1741528740000,1741525140000,1741528680000,60,60,0,1
R001017,143,BCH,BCH-USDT-SWAP,1741528788000,1741528680000,1741528740000,1741525140000,1741528680000,60,60,0,1
R001017,143,LINK,LINK-USDT-SWAP,1741528788000,1741528680000,1741528740000,1741525140000,1741528680000,60,60,0,1
R001021,144,ETH,ETH-USDT-SWAP,1741555401000,1741555320000,1741555380000,1741551780000,1741555320000,60,60,0,1
R001021,144,SOL,SOL-USDT-SWAP,1741555401000,1741555320000,1741555380000,1741551780000,1741555320000,60,60,0,1
R001021,144,XRP,XRP-USDT-SWAP,1741555401000,1741555320000,1741555380000,1741551780000,1741555320000,60,60,0,1
R001021,144,DOGE,DOGE-USDT-SWAP,1741555401000,1741555320000,1741555380000,1741551780000,1741555320000,60,60,0,1
R001021,144,ADA,ADA-USDT-SWAP,1741555401000,1741555320000,1741555380000,1741551780000,1741555320000,60,60,0,1
R001021,144,LTC,LTC-USDT-SWAP,1741555401000,1741555320000,1741555380000,1741551780000,1741555320000,60,60,0,1
R001021,144,BCH,BCH-USDT-SWAP,1741555401000,1741555320000,1741555380000,1741551780000,1741555320000,60,60,0,1
R001021,144,LINK,LINK-USDT-SWAP,1741555401000,1741555320000,1741555380000,1741551780000,1741555320000,60,60,0,1
R001022,145,ETH,ETH-USDT-SWAP,1741560936000,1741560840000,1741560900000,1741557300000,1741560840000,60,60,0,1
R001022,145,SOL,SOL-USDT-SWAP,1741560936000,1741560840000,1741560900000,1741557300000,1741560840000,60,60,0,1
R001022,145,XRP,XRP-USDT-SWAP,1741560936000,1741560840000,1741560900000,1741557300000,1741560840000,60,60,0,1
R001022,145,DOGE,DOGE-USDT-SWAP,1741560936000,1741560840000,1741560900000,1741557300000,1741560840000,60,60,0,1
R001022,145,ADA,ADA-USDT-SWAP,1741560936000,1741560840000,1741560900000,1741557300000,1741560840000,60,60,0,1
R001022,145,LTC,LTC-USDT-SWAP,1741560936000,1741560840000,1741560900000,1741557300000,1741560840000,60,60,0,1
R001022,145,BCH,BCH-USDT-SWAP,1741560936000,1741560840000,1741560900000,1741557300000,1741560840000,60,60,0,1
R001022,145,LINK,LINK-USDT-SWAP,1741560936000,1741560840000,1741560900000,1741557300000,1741560840000,60,60,0,1
R001027,146,ETH,ETH-USDT-SWAP,1741640181000,1741640100000,1741640160000,1741636560000,1741640100000,60,60,0,1
R001027,146,SOL,SOL-USDT-SWAP,1741640181000,1741640100000,1741640160000,1741636560000,1741640100000,60,60,0,1
R001027,146,XRP,XRP-USDT-SWAP,1741640181000,1741640100000,1741640160000,1741636560000,1741640100000,60,60,0,1
R001027,146,DOGE,DOGE-USDT-SWAP,1741640181000,1741640100000,1741640160000,1741636560000,1741640100000,60,60,0,1
R001027,146,ADA,ADA-USDT-SWAP,1741640181000,1741640100000,1741640160000,1741636560000,1741640100000,60,60,0,1
R001027,146,LTC,LTC-USDT-SWAP,1741640181000,1741640100000,1741640160000,1741636560000,1741640100000,60,60,0,1
R001027,146,BCH,BCH-USDT-SWAP,1741640181000,1741640100000,1741640160000,1741636560000,1741640100000,60,60,0,1
R001027,146,LINK,LINK-USDT-SWAP,1741640181000,1741640100000,1741640160000,1741636560000,1741640100000,60,60,0,1
R001039,147,ETH,ETH-USDT-SWAP,1741782602000,1741782540000,1741782600000,1741779000000,1741782540000,60,60,0,1
R001039,147,SOL,SOL-USDT-SWAP,1741782602000,1741782540000,1741782600000,1741779000000,1741782540000,60,60,0,1
R001039,147,XRP,XRP-USDT-SWAP,1741782602000,1741782540000,1741782600000,1741779000000,1741782540000,60,60,0,1
R001039,147,DOGE,DOGE-USDT-SWAP,1741782602000,1741782540000,1741782600000,1741779000000,1741782540000,60,60,0,1
R001039,147,ADA,ADA-USDT-SWAP,1741782602000,1741782540000,1741782600000,1741779000000,1741782540000,60,60,0,1
R001039,147,LTC,LTC-USDT-SWAP,1741782602000,1741782540000,1741782600000,1741779000000,1741782540000,60,60,0,1
R001039,147,BCH,BCH-USDT-SWAP,1741782602000,1741782540000,1741782600000,1741779000000,1741782540000,60,60,0,1
R001039,147,LINK,LINK-USDT-SWAP,1741782602000,1741782540000,1741782600000,1741779000000,1741782540000,60,60,0,1
R001040,148,ETH,ETH-USDT-SWAP,1741787548000,1741787460000,1741787520000,1741783920000,1741787460000,60,60,0,1
R001040,148,SOL,SOL-USDT-SWAP,1741787548000,1741787460000,1741787520000,1741783920000,1741787460000,60,60,0,1
R001040,148,XRP,XRP-USDT-SWAP,1741787548000,1741787460000,1741787520000,1741783920000,1741787460000,60,60,0,1
R001040,148,DOGE,DOGE-USDT-SWAP,1741787548000,1741787460000,1741787520000,1741783920000,1741787460000,60,60,0,1
R001040,148,ADA,ADA-USDT-SWAP,1741787548000,1741787460000,1741787520000,1741783920000,1741787460000,60,60,0,1
R001040,148,LTC,LTC-USDT-SWAP,1741787548000,1741787460000,1741787520000,1741783920000,1741787460000,60,60,0,1
R001040,148,BCH,BCH-USDT-SWAP,1741787548000,1741787460000,1741787520000,1741783920000,1741787460000,60,60,0,1
R001040,148,LINK,LINK-USDT-SWAP,1741787548000,1741787460000,1741787520000,1741783920000,1741787460000,60,60,0,1
R001041,149,ETH,ETH-USDT-SWAP,1741789955000,1741789860000,1741789920000,1741786320000,1741789860000,60,60,0,1
R001041,149,SOL,SOL-USDT-SWAP,1741789955000,1741789860000,1741789920000,1741786320000,1741789860000,60,60,0,1
R001041,149,XRP,XRP-USDT-SWAP,1741789955000,1741789860000,1741789920000,1741786320000,1741789860000,60,60,0,1
R001041,149,DOGE,DOGE-USDT-SWAP,1741789955000,1741789860000,1741789920000,1741786320000,1741789860000,60,60,0,1
R001041,149,ADA,ADA-USDT-SWAP,1741789955000,1741789860000,1741789920000,1741786320000,1741789860000,60,60,0,1
R001041,149,LTC,LTC-USDT-SWAP,1741789955000,1741789860000,1741789920000,1741786320000,1741789860000,60,60,0,1
R001041,149,BCH,BCH-USDT-SWAP,1741789955000,1741789860000,1741789920000,1741786320000,1741789860000,60,60,0,1
R001041,149,LINK,LINK-USDT-SWAP,1741789955000,1741789860000,1741789920000,1741786320000,1741789860000,60,60,0,1
R001042,150,ETH,ETH-USDT-SWAP,1741793035000,1741792920000,1741792980000,1741789380000,1741792920000,60,60,0,1
R001042,150,SOL,SOL-USDT-SWAP,1741793035000,1741792920000,1741792980000,1741789380000,1741792920000,60,60,0,1
R001042,150,XRP,XRP-USDT-SWAP,1741793035000,1741792920000,1741792980000,1741789380000,1741792920000,60,60,0,1
R001042,150,DOGE,DOGE-USDT-SWAP,1741793035000,1741792920000,1741792980000,1741789380000,1741792920000,60,60,0,1
R001042,150,ADA,ADA-USDT-SWAP,1741793035000,1741792920000,1741792980000,1741789380000,1741792920000,60,60,0,1
R001042,150,LTC,LTC-USDT-SWAP,1741793035000,1741792920000,1741792980000,1741789380000,1741792920000,60,60,0,1
R001042,150,BCH,BCH-USDT-SWAP,1741793035000,1741792920000,1741792980000,1741789380000,1741792920000,60,60,0,1
R001042,150,LINK,LINK-USDT-SWAP,1741793035000,1741792920000,1741792980000,1741789380000,1741792920000,60,60,0,1
R001047,151,ETH,ETH-USDT-SWAP,1741869002000,1741868940000,1741869000000,1741865400000,1741868940000,60,60,0,1
R001047,151,SOL,SOL-USDT-SWAP,1741869002000,1741868940000,1741869000000,1741865400000,1741868940000,60,60,0,1
R001047,151,XRP,XRP-USDT-SWAP,1741869002000,1741868940000,1741869000000,1741865400000,1741868940000,60,60,0,1
R001047,151,DOGE,DOGE-USDT-SWAP,1741869002000,1741868940000,1741869000000,1741865400000,1741868940000,60,60,0,1
R001047,151,ADA,ADA-USDT-SWAP,1741869002000,1741868940000,1741869000000,1741865400000,1741868940000,60,60,0,1
R001047,151,LTC,LTC-USDT-SWAP,1741869002000,1741868940000,1741869000000,1741865400000,1741868940000,60,60,0,1
R001047,151,BCH,BCH-USDT-SWAP,1741869002000,1741868940000,1741869000000,1741865400000,1741868940000,60,60,0,1
R001047,151,LINK,LINK-USDT-SWAP,1741869002000,1741868940000,1741869000000,1741865400000,1741868940000,60,60,0,1
R001054,152,ETH,ETH-USDT-SWAP,1742141313000,1742141220000,1742141280000,1742137680000,1742141220000,60,60,0,1
R001054,152,SOL,SOL-USDT-SWAP,1742141313000,1742141220000,1742141280000,1742137680000,1742141220000,60,60,0,1
R001054,152,XRP,XRP-USDT-SWAP,1742141313000,1742141220000,1742141280000,1742137680000,1742141220000,60,60,0,1
R001054,152,DOGE,DOGE-USDT-SWAP,1742141313000,1742141220000,1742141280000,1742137680000,1742141220000,60,60,0,1
R001054,152,ADA,ADA-USDT-SWAP,1742141313000,1742141220000,1742141280000,1742137680000,1742141220000,60,60,0,1
R001054,152,LTC,LTC-USDT-SWAP,1742141313000,1742141220000,1742141280000,1742137680000,1742141220000,60,60,0,1
R001054,152,BCH,BCH-USDT-SWAP,1742141313000,1742141220000,1742141280000,1742137680000,1742141220000,60,60,0,1
R001054,152,LINK,LINK-USDT-SWAP,1742141313000,1742141220000,1742141280000,1742137680000,1742141220000,60,60,0,1
R001063,153,ETH,ETH-USDT-SWAP,1742410438000,1742410320000,1742410380000,1742406780000,1742410320000,60,60,0,1
R001063,153,SOL,SOL-USDT-SWAP,1742410438000,1742410320000,1742410380000,1742406780000,1742410320000,60,60,0,1
R001063,153,XRP,XRP-USDT-SWAP,1742410438000,1742410320000,1742410380000,1742406780000,1742410320000,60,60,0,1
R001063,153,DOGE,DOGE-USDT-SWAP,1742410438000,1742410320000,1742410380000,1742406780000,1742410320000,60,60,0,1
R001063,153,ADA,ADA-USDT-SWAP,1742410438000,1742410320000,1742410380000,1742406780000,1742410320000,60,60,0,1
R001063,153,LTC,LTC-USDT-SWAP,1742410438000,1742410320000,1742410380000,1742406780000,1742410320000,60,60,0,1
R001063,153,BCH,BCH-USDT-SWAP,1742410438000,1742410320000,1742410380000,1742406780000,1742410320000,60,60,0,1
R001063,153,LINK,LINK-USDT-SWAP,1742410438000,1742410320000,1742410380000,1742406780000,1742410320000,60,60,0,1
R001065,154,ETH,ETH-USDT-SWAP,1742429047000,1742428980000,1742429040000,1742425440000,1742428980000,60,60,0,1
R001065,154,SOL,SOL-USDT-SWAP,1742429047000,1742428980000,1742429040000,1742425440000,1742428980000,60,60,0,1
R001065,154,XRP,XRP-USDT-SWAP,1742429047000,1742428980000,1742429040000,1742425440000,1742428980000,60,60,0,1
R001065,154,DOGE,DOGE-USDT-SWAP,1742429047000,1742428980000,1742429040000,1742425440000,1742428980000,60,60,0,1
R001065,154,ADA,ADA-USDT-SWAP,1742429047000,1742428980000,1742429040000,1742425440000,1742428980000,60,60,0,1
R001065,154,LTC,LTC-USDT-SWAP,1742429047000,1742428980000,1742429040000,1742425440000,1742428980000,60,60,0,1
R001065,154,BCH,BCH-USDT-SWAP,1742429047000,1742428980000,1742429040000,1742425440000,1742428980000,60,60,0,1
R001065,154,LINK,LINK-USDT-SWAP,1742429047000,1742428980000,1742429040000,1742425440000,1742428980000,60,60,0,1
R001072,155,ETH,ETH-USDT-SWAP,1742933191000,1742933100000,1742933160000,1742929560000,1742933100000,60,60,0,1
R001072,155,SOL,SOL-USDT-SWAP,1742933191000,1742933100000,1742933160000,1742929560000,1742933100000,60,60,0,1
R001072,155,XRP,XRP-USDT-SWAP,1742933191000,1742933100000,1742933160000,1742929560000,1742933100000,60,60,0,1
R001072,155,DOGE,DOGE-USDT-SWAP,1742933191000,1742933100000,1742933160000,1742929560000,1742933100000,60,60,0,1
R001072,155,ADA,ADA-USDT-SWAP,1742933191000,1742933100000,1742933160000,1742929560000,1742933100000,60,60,0,1
R001072,155,LTC,LTC-USDT-SWAP,1742933191000,1742933100000,1742933160000,1742929560000,1742933100000,60,60,0,1
R001072,155,BCH,BCH-USDT-SWAP,1742933191000,1742933100000,1742933160000,1742929560000,1742933100000,60,60,0,1
R001072,155,LINK,LINK-USDT-SWAP,1742933191000,1742933100000,1742933160000,1742929560000,1742933100000,60,60,0,1
R001098,156,ETH,ETH-USDT-SWAP,1743624517000,1743624420000,1743624480000,1743620880000,1743624420000,60,60,0,1
R001098,156,SOL,SOL-USDT-SWAP,1743624517000,1743624420000,1743624480000,1743620880000,1743624420000,60,60,0,1
R001098,156,XRP,XRP-USDT-SWAP,1743624517000,1743624420000,1743624480000,1743620880000,1743624420000,60,60,0,1
R001098,156,DOGE,DOGE-USDT-SWAP,1743624517000,1743624420000,1743624480000,1743620880000,1743624420000,60,60,0,1
R001098,156,ADA,ADA-USDT-SWAP,1743624517000,1743624420000,1743624480000,1743620880000,1743624420000,60,60,0,1
R001098,156,LTC,LTC-USDT-SWAP,1743624517000,1743624420000,1743624480000,1743620880000,1743624420000,60,60,0,1
R001098,156,BCH,BCH-USDT-SWAP,1743624517000,1743624420000,1743624480000,1743620880000,1743624420000,60,60,0,1
R001098,156,LINK,LINK-USDT-SWAP,1743624517000,1743624420000,1743624480000,1743620880000,1743624420000,60,60,0,1
R001104,157,ETH,ETH-USDT-SWAP,1743688801000,1743688740000,1743688800000,1743685200000,1743688740000,60,60,0,1
R001104,157,SOL,SOL-USDT-SWAP,1743688801000,1743688740000,1743688800000,1743685200000,1743688740000,60,60,0,1
R001104,157,XRP,XRP-USDT-SWAP,1743688801000,1743688740000,1743688800000,1743685200000,1743688740000,60,60,0,1
R001104,157,DOGE,DOGE-USDT-SWAP,1743688801000,1743688740000,1743688800000,1743685200000,1743688740000,60,60,0,1
R001104,157,ADA,ADA-USDT-SWAP,1743688801000,1743688740000,1743688800000,1743685200000,1743688740000,60,60,0,1
R001104,157,LTC,LTC-USDT-SWAP,1743688801000,1743688740000,1743688800000,1743685200000,1743688740000,60,60,0,1
R001104,157,BCH,BCH-USDT-SWAP,1743688801000,1743688740000,1743688800000,1743685200000,1743688740000,60,60,0,1
R001104,157,LINK,LINK-USDT-SWAP,1743688801000,1743688740000,1743688800000,1743685200000,1743688740000,60,60,0,1
R001120,158,ETH,ETH-USDT-SWAP,1744045217000,1744045140000,1744045200000,1744041600000,1744045140000,60,60,0,1
R001120,158,SOL,SOL-USDT-SWAP,1744045217000,1744045140000,1744045200000,1744041600000,1744045140000,60,60,0,1
R001120,158,XRP,XRP-USDT-SWAP,1744045217000,1744045140000,1744045200000,1744041600000,1744045140000,60,60,0,1
R001120,158,DOGE,DOGE-USDT-SWAP,1744045217000,1744045140000,1744045200000,1744041600000,1744045140000,60,60,0,1
R001120,158,ADA,ADA-USDT-SWAP,1744045217000,1744045140000,1744045200000,1744041600000,1744045140000,60,60,0,1
R001120,158,LTC,LTC-USDT-SWAP,1744045217000,1744045140000,1744045200000,1744041600000,1744045140000,60,60,0,1
R001120,158,BCH,BCH-USDT-SWAP,1744045217000,1744045140000,1744045200000,1744041600000,1744045140000,60,60,0,1
R001120,158,LINK,LINK-USDT-SWAP,1744045217000,1744045140000,1744045200000,1744041600000,1744045140000,60,60,0,1
R001121,159,ETH,ETH-USDT-SWAP,1744137006000,1744136940000,1744137000000,1744133400000,1744136940000,60,60,0,1
R001121,159,SOL,SOL-USDT-SWAP,1744137006000,1744136940000,1744137000000,1744133400000,1744136940000,60,60,0,1
R001121,159,XRP,XRP-USDT-SWAP,1744137006000,1744136940000,1744137000000,1744133400000,1744136940000,60,60,0,1
R001121,159,DOGE,DOGE-USDT-SWAP,1744137006000,1744136940000,1744137000000,1744133400000,1744136940000,60,60,0,1
R001121,159,ADA,ADA-USDT-SWAP,1744137006000,1744136940000,1744137000000,1744133400000,1744136940000,60,60,0,1
R001121,159,LTC,LTC-USDT-SWAP,1744137006000,1744136940000,1744137000000,1744133400000,1744136940000,60,60,0,1
R001121,159,BCH,BCH-USDT-SWAP,1744137006000,1744136940000,1744137000000,1744133400000,1744136940000,60,60,0,1
R001121,159,LINK,LINK-USDT-SWAP,1744137006000,1744136940000,1744137000000,1744133400000,1744136940000,60,60,0,1
R001124,160,ETH,ETH-USDT-SWAP,1744182194000,1744182120000,1744182180000,1744178580000,1744182120000,60,60,0,1
R001124,160,SOL,SOL-USDT-SWAP,1744182194000,1744182120000,1744182180000,1744178580000,1744182120000,60,60,0,1
R001124,160,XRP,XRP-USDT-SWAP,1744182194000,1744182120000,1744182180000,1744178580000,1744182120000,60,60,0,1
R001124,160,DOGE,DOGE-USDT-SWAP,1744182194000,1744182120000,1744182180000,1744178580000,1744182120000,60,60,0,1
R001124,160,ADA,ADA-USDT-SWAP,1744182194000,1744182120000,1744182180000,1744178580000,1744182120000,60,60,0,1
R001124,160,LTC,LTC-USDT-SWAP,1744182194000,1744182120000,1744182180000,1744178580000,1744182120000,60,60,0,1
R001124,160,BCH,BCH-USDT-SWAP,1744182194000,1744182120000,1744182180000,1744178580000,1744182120000,60,60,0,1
R001124,160,LINK,LINK-USDT-SWAP,1744182194000,1744182120000,1744182180000,1744178580000,1744182120000,60,60,0,1
R001125,161,ETH,ETH-USDT-SWAP,1744196394000,1744196280000,1744196340000,1744192740000,1744196280000,60,60,0,1
R001125,161,SOL,SOL-USDT-SWAP,1744196394000,1744196280000,1744196340000,1744192740000,1744196280000,60,60,0,1
R001125,161,XRP,XRP-USDT-SWAP,1744196394000,1744196280000,1744196340000,1744192740000,1744196280000,60,60,0,1
R001125,161,DOGE,DOGE-USDT-SWAP,1744196394000,1744196280000,1744196340000,1744192740000,1744196280000,60,60,0,1
R001125,161,ADA,ADA-USDT-SWAP,1744196394000,1744196280000,1744196340000,1744192740000,1744196280000,60,60,0,1
R001125,161,LTC,LTC-USDT-SWAP,1744196394000,1744196280000,1744196340000,1744192740000,1744196280000,60,60,0,1
R001125,161,BCH,BCH-USDT-SWAP,1744196394000,1744196280000,1744196340000,1744192740000,1744196280000,60,60,0,1
R001125,161,LINK,LINK-USDT-SWAP,1744196394000,1744196280000,1744196340000,1744192740000,1744196280000,60,60,0,1
R001127,162,ETH,ETH-USDT-SWAP,1744219124000,1744219020000,1744219080000,1744215480000,1744219020000,60,60,0,1
R001127,162,SOL,SOL-USDT-SWAP,1744219124000,1744219020000,1744219080000,1744215480000,1744219020000,60,60,0,1
R001127,162,XRP,XRP-USDT-SWAP,1744219124000,1744219020000,1744219080000,1744215480000,1744219020000,60,60,0,1
R001127,162,DOGE,DOGE-USDT-SWAP,1744219124000,1744219020000,1744219080000,1744215480000,1744219020000,60,60,0,1
R001127,162,ADA,ADA-USDT-SWAP,1744219124000,1744219020000,1744219080000,1744215480000,1744219020000,60,60,0,1
R001127,162,LTC,LTC-USDT-SWAP,1744219124000,1744219020000,1744219080000,1744215480000,1744219020000,60,60,0,1
R001127,162,BCH,BCH-USDT-SWAP,1744219124000,1744219020000,1744219080000,1744215480000,1744219020000,60,60,0,1
R001127,162,LINK,LINK-USDT-SWAP,1744219124000,1744219020000,1744219080000,1744215480000,1744219020000,60,60,0,1
R001136,163,ETH,ETH-USDT-SWAP,1744374602000,1744374540000,1744374600000,1744371000000,1744374540000,60,60,0,1
R001136,163,SOL,SOL-USDT-SWAP,1744374602000,1744374540000,1744374600000,1744371000000,1744374540000,60,60,0,1
R001136,163,XRP,XRP-USDT-SWAP,1744374602000,1744374540000,1744374600000,1744371000000,1744374540000,60,60,0,1
R001136,163,DOGE,DOGE-USDT-SWAP,1744374602000,1744374540000,1744374600000,1744371000000,1744374540000,60,60,0,1
R001136,163,ADA,ADA-USDT-SWAP,1744374602000,1744374540000,1744374600000,1744371000000,1744374540000,60,60,0,1
R001136,163,LTC,LTC-USDT-SWAP,1744374602000,1744374540000,1744374600000,1744371000000,1744374540000,60,60,0,1
R001136,163,BCH,BCH-USDT-SWAP,1744374602000,1744374540000,1744374600000,1744371000000,1744374540000,60,60,0,1
R001136,163,LINK,LINK-USDT-SWAP,1744374602000,1744374540000,1744374600000,1744371000000,1744374540000,60,60,0,1
R001137,164,ETH,ETH-USDT-SWAP,1744380001000,1744379940000,1744380000000,1744376400000,1744379940000,60,60,0,1
R001137,164,SOL,SOL-USDT-SWAP,1744380001000,1744379940000,1744380000000,1744376400000,1744379940000,60,60,0,1
R001137,164,XRP,XRP-USDT-SWAP,1744380001000,1744379940000,1744380000000,1744376400000,1744379940000,60,60,0,1
R001137,164,DOGE,DOGE-USDT-SWAP,1744380001000,1744379940000,1744380000000,1744376400000,1744379940000,60,60,0,1
R001137,164,ADA,ADA-USDT-SWAP,1744380001000,1744379940000,1744380000000,1744376400000,1744379940000,60,60,0,1
R001137,164,LTC,LTC-USDT-SWAP,1744380001000,1744379940000,1744380000000,1744376400000,1744379940000,60,60,0,1
R001137,164,BCH,BCH-USDT-SWAP,1744380001000,1744379940000,1744380000000,1744376400000,1744379940000,60,60,0,1
R001137,164,LINK,LINK-USDT-SWAP,1744380001000,1744379940000,1744380000000,1744376400000,1744379940000,60,60,0,1
R001143,165,ETH,ETH-USDT-SWAP,1744590129000,1744590060000,1744590120000,1744586520000,1744590060000,60,60,0,1
R001143,165,SOL,SOL-USDT-SWAP,1744590129000,1744590060000,1744590120000,1744586520000,1744590060000,60,60,0,1
R001143,165,XRP,XRP-USDT-SWAP,1744590129000,1744590060000,1744590120000,1744586520000,1744590060000,60,60,0,1
R001143,165,DOGE,DOGE-USDT-SWAP,1744590129000,1744590060000,1744590120000,1744586520000,1744590060000,60,60,0,1
R001143,165,ADA,ADA-USDT-SWAP,1744590129000,1744590060000,1744590120000,1744586520000,1744590060000,60,60,0,1
R001143,165,LTC,LTC-USDT-SWAP,1744590129000,1744590060000,1744590120000,1744586520000,1744590060000,60,60,0,1
R001143,165,BCH,BCH-USDT-SWAP,1744590129000,1744590060000,1744590120000,1744586520000,1744590060000,60,60,0,1
R001143,165,LINK,LINK-USDT-SWAP,1744590129000,1744590060000,1744590120000,1744586520000,1744590060000,60,60,0,1
R001150,166,ETH,ETH-USDT-SWAP,1745245201000,1745245140000,1745245200000,1745241600000,1745245140000,60,60,0,1
R001150,166,SOL,SOL-USDT-SWAP,1745245201000,1745245140000,1745245200000,1745241600000,1745245140000,60,60,0,1
R001150,166,XRP,XRP-USDT-SWAP,1745245201000,1745245140000,1745245200000,1745241600000,1745245140000,60,60,0,1
R001150,166,DOGE,DOGE-USDT-SWAP,1745245201000,1745245140000,1745245200000,1745241600000,1745245140000,60,60,0,1
R001150,166,ADA,ADA-USDT-SWAP,1745245201000,1745245140000,1745245200000,1745241600000,1745245140000,60,60,0,1
R001150,166,LTC,LTC-USDT-SWAP,1745245201000,1745245140000,1745245200000,1745241600000,1745245140000,60,60,0,1
R001150,166,BCH,BCH-USDT-SWAP,1745245201000,1745245140000,1745245200000,1745241600000,1745245140000,60,60,0,1
R001150,166,LINK,LINK-USDT-SWAP,1745245201000,1745245140000,1745245200000,1745241600000,1745245140000,60,60,0,1
R001158,167,ETH,ETH-USDT-SWAP,1745358563000,1745358480000,1745358540000,1745354940000,1745358480000,60,60,0,1
R001158,167,SOL,SOL-USDT-SWAP,1745358563000,1745358480000,1745358540000,1745354940000,1745358480000,60,60,0,1
R001158,167,XRP,XRP-USDT-SWAP,1745358563000,1745358480000,1745358540000,1745354940000,1745358480000,60,60,0,1
R001158,167,DOGE,DOGE-USDT-SWAP,1745358563000,1745358480000,1745358540000,1745354940000,1745358480000,60,60,0,1
R001158,167,ADA,ADA-USDT-SWAP,1745358563000,1745358480000,1745358540000,1745354940000,1745358480000,60,60,0,1
R001158,167,LTC,LTC-USDT-SWAP,1745358563000,1745358480000,1745358540000,1745354940000,1745358480000,60,60,0,1
R001158,167,BCH,BCH-USDT-SWAP,1745358563000,1745358480000,1745358540000,1745354940000,1745358480000,60,60,0,1
R001158,167,LINK,LINK-USDT-SWAP,1745358563000,1745358480000,1745358540000,1745354940000,1745358480000,60,60,0,1
R001159,168,ETH,ETH-USDT-SWAP,1745383626000,1745383560000,1745383620000,1745380020000,1745383560000,60,60,0,1
R001159,168,SOL,SOL-USDT-SWAP,1745383626000,1745383560000,1745383620000,1745380020000,1745383560000,60,60,0,1
R001159,168,XRP,XRP-USDT-SWAP,1745383626000,1745383560000,1745383620000,1745380020000,1745383560000,60,60,0,1
R001159,168,DOGE,DOGE-USDT-SWAP,1745383626000,1745383560000,1745383620000,1745380020000,1745383560000,60,60,0,1
R001159,168,ADA,ADA-USDT-SWAP,1745383626000,1745383560000,1745383620000,1745380020000,1745383560000,60,60,0,1
R001159,168,LTC,LTC-USDT-SWAP,1745383626000,1745383560000,1745383620000,1745380020000,1745383560000,60,60,0,1
R001159,168,BCH,BCH-USDT-SWAP,1745383626000,1745383560000,1745383620000,1745380020000,1745383560000,60,60,0,1
R001159,168,LINK,LINK-USDT-SWAP,1745383626000,1745383560000,1745383620000,1745380020000,1745383560000,60,60,0,1
R001162,169,ETH,ETH-USDT-SWAP,1745415484000,1745415420000,1745415480000,1745411880000,1745415420000,60,60,0,1
R001162,169,SOL,SOL-USDT-SWAP,1745415484000,1745415420000,1745415480000,1745411880000,1745415420000,60,60,0,1
R001162,169,XRP,XRP-USDT-SWAP,1745415484000,1745415420000,1745415480000,1745411880000,1745415420000,60,60,0,1
R001162,169,DOGE,DOGE-USDT-SWAP,1745415484000,1745415420000,1745415480000,1745411880000,1745415420000,60,60,0,1
R001162,169,ADA,ADA-USDT-SWAP,1745415484000,1745415420000,1745415480000,1745411880000,1745415420000,60,60,0,1
R001162,169,LTC,LTC-USDT-SWAP,1745415484000,1745415420000,1745415480000,1745411880000,1745415420000,60,60,0,1
R001162,169,BCH,BCH-USDT-SWAP,1745415484000,1745415420000,1745415480000,1745411880000,1745415420000,60,60,0,1
R001162,169,LINK,LINK-USDT-SWAP,1745415484000,1745415420000,1745415480000,1745411880000,1745415420000,60,60,0,1
R001184,170,ETH,ETH-USDT-SWAP,1746739095000,1746739020000,1746739080000,1746735480000,1746739020000,60,60,0,1
R001184,170,SOL,SOL-USDT-SWAP,1746739095000,1746739020000,1746739080000,1746735480000,1746739020000,60,60,0,1
R001184,170,XRP,XRP-USDT-SWAP,1746739095000,1746739020000,1746739080000,1746735480000,1746739020000,60,60,0,1
R001184,170,DOGE,DOGE-USDT-SWAP,1746739095000,1746739020000,1746739080000,1746735480000,1746739020000,60,60,0,1
R001184,170,ADA,ADA-USDT-SWAP,1746739095000,1746739020000,1746739080000,1746735480000,1746739020000,60,60,0,1
R001184,170,LTC,LTC-USDT-SWAP,1746739095000,1746739020000,1746739080000,1746735480000,1746739020000,60,60,0,1
R001184,170,BCH,BCH-USDT-SWAP,1746739095000,1746739020000,1746739080000,1746735480000,1746739020000,60,60,0,1
R001184,170,LINK,LINK-USDT-SWAP,1746739095000,1746739020000,1746739080000,1746735480000,1746739020000,60,60,0,1
R001211,171,ETH,ETH-USDT-SWAP,1747060143000,1747060080000,1747060140000,1747056540000,1747060080000,60,60,0,1
R001211,171,SOL,SOL-USDT-SWAP,1747060143000,1747060080000,1747060140000,1747056540000,1747060080000,60,60,0,1
R001211,171,XRP,XRP-USDT-SWAP,1747060143000,1747060080000,1747060140000,1747056540000,1747060080000,60,60,0,1
R001211,171,DOGE,DOGE-USDT-SWAP,1747060143000,1747060080000,1747060140000,1747056540000,1747060080000,60,60,0,1
R001211,171,ADA,ADA-USDT-SWAP,1747060143000,1747060080000,1747060140000,1747056540000,1747060080000,60,60,0,1
R001211,171,LTC,LTC-USDT-SWAP,1747060143000,1747060080000,1747060140000,1747056540000,1747060080000,60,60,0,1
R001211,171,BCH,BCH-USDT-SWAP,1747060143000,1747060080000,1747060140000,1747056540000,1747060080000,60,60,0,1
R001211,171,LINK,LINK-USDT-SWAP,1747060143000,1747060080000,1747060140000,1747056540000,1747060080000,60,60,0,1
R001215,172,ETH,ETH-USDT-SWAP,1747073275000,1747073160000,1747073220000,1747069620000,1747073160000,60,60,0,1
R001215,172,SOL,SOL-USDT-SWAP,1747073275000,1747073160000,1747073220000,1747069620000,1747073160000,60,60,0,1
R001215,172,XRP,XRP-USDT-SWAP,1747073275000,1747073160000,1747073220000,1747069620000,1747073160000,60,60,0,1
R001215,172,DOGE,DOGE-USDT-SWAP,1747073275000,1747073160000,1747073220000,1747069620000,1747073160000,60,60,0,1
R001215,172,ADA,ADA-USDT-SWAP,1747073275000,1747073160000,1747073220000,1747069620000,1747073160000,60,60,0,1
R001215,172,LTC,LTC-USDT-SWAP,1747073275000,1747073160000,1747073220000,1747069620000,1747073160000,60,60,0,1
R001215,172,BCH,BCH-USDT-SWAP,1747073275000,1747073160000,1747073220000,1747069620000,1747073160000,60,60,0,1
R001215,172,LINK,LINK-USDT-SWAP,1747073275000,1747073160000,1747073220000,1747069620000,1747073160000,60,60,0,1
R001247,173,ETH,ETH-USDT-SWAP,1747895304000,1747895220000,1747895280000,1747891680000,1747895220000,60,60,0,1
R001247,173,SOL,SOL-USDT-SWAP,1747895304000,1747895220000,1747895280000,1747891680000,1747895220000,60,60,0,1
R001247,173,XRP,XRP-USDT-SWAP,1747895304000,1747895220000,1747895280000,1747891680000,1747895220000,60,60,0,1
R001247,173,DOGE,DOGE-USDT-SWAP,1747895304000,1747895220000,1747895280000,1747891680000,1747895220000,60,60,0,1
R001247,173,ADA,ADA-USDT-SWAP,1747895304000,1747895220000,1747895280000,1747891680000,1747895220000,60,60,0,1
R001247,173,LTC,LTC-USDT-SWAP,1747895304000,1747895220000,1747895280000,1747891680000,1747895220000,60,60,0,1
R001247,173,BCH,BCH-USDT-SWAP,1747895304000,1747895220000,1747895280000,1747891680000,1747895220000,60,60,0,1
R001247,173,LINK,LINK-USDT-SWAP,1747895304000,1747895220000,1747895280000,1747891680000,1747895220000,60,60,0,1
R001263,174,ETH,ETH-USDT-SWAP,1748804139000,1748804040000,1748804100000,1748800500000,1748804040000,60,60,0,1
R001263,174,SOL,SOL-USDT-SWAP,1748804139000,1748804040000,1748804100000,1748800500000,1748804040000,60,60,0,1
R001263,174,XRP,XRP-USDT-SWAP,1748804139000,1748804040000,1748804100000,1748800500000,1748804040000,60,60,0,1
R001263,174,DOGE,DOGE-USDT-SWAP,1748804139000,1748804040000,1748804100000,1748800500000,1748804040000,60,60,0,1
R001263,174,ADA,ADA-USDT-SWAP,1748804139000,1748804040000,1748804100000,1748800500000,1748804040000,60,60,0,1
R001263,174,LTC,LTC-USDT-SWAP,1748804139000,1748804040000,1748804100000,1748800500000,1748804040000,60,60,0,1
R001263,174,BCH,BCH-USDT-SWAP,1748804139000,1748804040000,1748804100000,1748800500000,1748804040000,60,60,0,1
R001263,174,LINK,LINK-USDT-SWAP,1748804139000,1748804040000,1748804100000,1748800500000,1748804040000,60,60,0,1
R001275,175,ETH,ETH-USDT-SWAP,1749300085000,1749300000000,1749300060000,1749296460000,1749300000000,60,60,0,1
R001275,175,SOL,SOL-USDT-SWAP,1749300085000,1749300000000,1749300060000,1749296460000,1749300000000,60,60,0,1
R001275,175,XRP,XRP-USDT-SWAP,1749300085000,1749300000000,1749300060000,1749296460000,1749300000000,60,60,0,1
R001275,175,DOGE,DOGE-USDT-SWAP,1749300085000,1749300000000,1749300060000,1749296460000,1749300000000,60,60,0,1
R001275,175,ADA,ADA-USDT-SWAP,1749300085000,1749300000000,1749300060000,1749296460000,1749300000000,60,60,0,1
R001275,175,LTC,LTC-USDT-SWAP,1749300085000,1749300000000,1749300060000,1749296460000,1749300000000,60,60,0,1
R001275,175,BCH,BCH-USDT-SWAP,1749300085000,1749300000000,1749300060000,1749296460000,1749300000000,60,60,0,1
R001275,175,LINK,LINK-USDT-SWAP,1749300085000,1749300000000,1749300060000,1749296460000,1749300000000,60,60,0,1
R001278,176,ETH,ETH-USDT-SWAP,1749390497000,1749390420000,1749390480000,1749386880000,1749390420000,60,60,0,1
R001278,176,SOL,SOL-USDT-SWAP,1749390497000,1749390420000,1749390480000,1749386880000,1749390420000,60,60,0,1
R001278,176,XRP,XRP-USDT-SWAP,1749390497000,1749390420000,1749390480000,1749386880000,1749390420000,60,60,0,1
R001278,176,DOGE,DOGE-USDT-SWAP,1749390497000,1749390420000,1749390480000,1749386880000,1749390420000,60,60,0,1
R001278,176,ADA,ADA-USDT-SWAP,1749390497000,1749390420000,1749390480000,1749386880000,1749390420000,60,60,0,1
R001278,176,LTC,LTC-USDT-SWAP,1749390497000,1749390420000,1749390480000,1749386880000,1749390420000,60,60,0,1
R001278,176,BCH,BCH-USDT-SWAP,1749390497000,1749390420000,1749390480000,1749386880000,1749390420000,60,60,0,1
R001278,176,LINK,LINK-USDT-SWAP,1749390497000,1749390420000,1749390480000,1749386880000,1749390420000,60,60,0,1
R001279,177,ETH,ETH-USDT-SWAP,1749503406000,1749503340000,1749503400000,1749499800000,1749503340000,60,60,0,1
R001279,177,SOL,SOL-USDT-SWAP,1749503406000,1749503340000,1749503400000,1749499800000,1749503340000,60,60,0,1
R001279,177,XRP,XRP-USDT-SWAP,1749503406000,1749503340000,1749503400000,1749499800000,1749503340000,60,60,0,1
R001279,177,DOGE,DOGE-USDT-SWAP,1749503406000,1749503340000,1749503400000,1749499800000,1749503340000,60,60,0,1
R001279,177,ADA,ADA-USDT-SWAP,1749503406000,1749503340000,1749503400000,1749499800000,1749503340000,60,60,0,1
R001279,177,LTC,LTC-USDT-SWAP,1749503406000,1749503340000,1749503400000,1749499800000,1749503340000,60,60,0,1
R001279,177,BCH,BCH-USDT-SWAP,1749503406000,1749503340000,1749503400000,1749499800000,1749503340000,60,60,0,1
R001279,177,LINK,LINK-USDT-SWAP,1749503406000,1749503340000,1749503400000,1749499800000,1749503340000,60,60,0,1
R001280,178,ETH,ETH-USDT-SWAP,1749504414000,1749504300000,1749504360000,1749500760000,1749504300000,60,60,0,1
R001280,178,SOL,SOL-USDT-SWAP,1749504414000,1749504300000,1749504360000,1749500760000,1749504300000,60,60,0,1
R001280,178,XRP,XRP-USDT-SWAP,1749504414000,1749504300000,1749504360000,1749500760000,1749504300000,60,60,0,1
R001280,178,DOGE,DOGE-USDT-SWAP,1749504414000,1749504300000,1749504360000,1749500760000,1749504300000,60,60,0,1
R001280,178,ADA,ADA-USDT-SWAP,1749504414000,1749504300000,1749504360000,1749500760000,1749504300000,60,60,0,1
R001280,178,LTC,LTC-USDT-SWAP,1749504414000,1749504300000,1749504360000,1749500760000,1749504300000,60,60,0,1
R001280,178,BCH,BCH-USDT-SWAP,1749504414000,1749504300000,1749504360000,1749500760000,1749504300000,60,60,0,1
R001280,178,LINK,LINK-USDT-SWAP,1749504414000,1749504300000,1749504360000,1749500760000,1749504300000,60,60,0,1
R001290,179,ETH,ETH-USDT-SWAP,1749645002000,1749644940000,1749645000000,1749641400000,1749644940000,60,60,0,1
R001290,179,SOL,SOL-USDT-SWAP,1749645002000,1749644940000,1749645000000,1749641400000,1749644940000,60,60,0,1
R001290,179,XRP,XRP-USDT-SWAP,1749645002000,1749644940000,1749645000000,1749641400000,1749644940000,60,60,0,1
R001290,179,DOGE,DOGE-USDT-SWAP,1749645002000,1749644940000,1749645000000,1749641400000,1749644940000,60,60,0,1
R001290,179,ADA,ADA-USDT-SWAP,1749645002000,1749644940000,1749645000000,1749641400000,1749644940000,60,60,0,1
R001290,179,LTC,LTC-USDT-SWAP,1749645002000,1749644940000,1749645000000,1749641400000,1749644940000,60,60,0,1
R001290,179,BCH,BCH-USDT-SWAP,1749645002000,1749644940000,1749645000000,1749641400000,1749644940000,60,60,0,1
R001290,179,LINK,LINK-USDT-SWAP,1749645002000,1749644940000,1749645000000,1749641400000,1749644940000,60,60,0,1
R001294,180,ETH,ETH-USDT-SWAP,1749745747000,1749745680000,1749745740000,1749742140000,1749745680000,60,60,0,1
R001294,180,SOL,SOL-USDT-SWAP,1749745747000,1749745680000,1749745740000,1749742140000,1749745680000,60,60,0,1
R001294,180,XRP,XRP-USDT-SWAP,1749745747000,1749745680000,1749745740000,1749742140000,1749745680000,60,60,0,1
R001294,180,DOGE,DOGE-USDT-SWAP,1749745747000,1749745680000,1749745740000,1749742140000,1749745680000,60,60,0,1
R001294,180,ADA,ADA-USDT-SWAP,1749745747000,1749745680000,1749745740000,1749742140000,1749745680000,60,60,0,1
R001294,180,LTC,LTC-USDT-SWAP,1749745747000,1749745680000,1749745740000,1749742140000,1749745680000,60,60,0,1
R001294,180,BCH,BCH-USDT-SWAP,1749745747000,1749745680000,1749745740000,1749742140000,1749745680000,60,60,0,1
R001294,180,LINK,LINK-USDT-SWAP,1749745747000,1749745680000,1749745740000,1749742140000,1749745680000,60,60,0,1
R001295,181,ETH,ETH-USDT-SWAP,1749761022000,1749760920000,1749760980000,1749757380000,1749760920000,60,60,0,1
R001295,181,SOL,SOL-USDT-SWAP,1749761022000,1749760920000,1749760980000,1749757380000,1749760920000,60,60,0,1
R001295,181,XRP,XRP-USDT-SWAP,1749761022000,1749760920000,1749760980000,1749757380000,1749760920000,60,60,0,1
R001295,181,DOGE,DOGE-USDT-SWAP,1749761022000,1749760920000,1749760980000,1749757380000,1749760920000,60,60,0,1
R001295,181,ADA,ADA-USDT-SWAP,1749761022000,1749760920000,1749760980000,1749757380000,1749760920000,60,60,0,1
R001295,181,LTC,LTC-USDT-SWAP,1749761022000,1749760920000,1749760980000,1749757380000,1749760920000,60,60,0,1
R001295,181,BCH,BCH-USDT-SWAP,1749761022000,1749760920000,1749760980000,1749757380000,1749760920000,60,60,0,1
R001295,181,LINK,LINK-USDT-SWAP,1749761022000,1749760920000,1749760980000,1749757380000,1749760920000,60,60,0,1
R001296,182,ETH,ETH-USDT-SWAP,1749772953000,1749772860000,1749772920000,1749769320000,1749772860000,60,60,0,1
R001296,182,SOL,SOL-USDT-SWAP,1749772953000,1749772860000,1749772920000,1749769320000,1749772860000,60,60,0,1
R001296,182,XRP,XRP-USDT-SWAP,1749772953000,1749772860000,1749772920000,1749769320000,1749772860000,60,60,0,1
R001296,182,DOGE,DOGE-USDT-SWAP,1749772953000,1749772860000,1749772920000,1749769320000,1749772860000,60,60,0,1
R001296,182,ADA,ADA-USDT-SWAP,1749772953000,1749772860000,1749772920000,1749769320000,1749772860000,60,60,0,1
R001296,182,LTC,LTC-USDT-SWAP,1749772953000,1749772860000,1749772920000,1749769320000,1749772860000,60,60,0,1
R001296,182,BCH,BCH-USDT-SWAP,1749772953000,1749772860000,1749772920000,1749769320000,1749772860000,60,60,0,1
R001296,182,LINK,LINK-USDT-SWAP,1749772953000,1749772860000,1749772920000,1749769320000,1749772860000,60,60,0,1
R001297,183,ETH,ETH-USDT-SWAP,1749774482000,1749774420000,1749774480000,1749770880000,1749774420000,60,60,0,1
R001297,183,SOL,SOL-USDT-SWAP,1749774482000,1749774420000,1749774480000,1749770880000,1749774420000,60,60,0,1
R001297,183,XRP,XRP-USDT-SWAP,1749774482000,1749774420000,1749774480000,1749770880000,1749774420000,60,60,0,1
R001297,183,DOGE,DOGE-USDT-SWAP,1749774482000,1749774420000,1749774480000,1749770880000,1749774420000,60,60,0,1
R001297,183,ADA,ADA-USDT-SWAP,1749774482000,1749774420000,1749774480000,1749770880000,1749774420000,60,60,0,1
R001297,183,LTC,LTC-USDT-SWAP,1749774482000,1749774420000,1749774480000,1749770880000,1749774420000,60,60,0,1
R001297,183,BCH,BCH-USDT-SWAP,1749774482000,1749774420000,1749774480000,1749770880000,1749774420000,60,60,0,1
R001297,183,LINK,LINK-USDT-SWAP,1749774482000,1749774420000,1749774480000,1749770880000,1749774420000,60,60,0,1
R001300,184,ETH,ETH-USDT-SWAP,1749811164000,1749811080000,1749811140000,1749807540000,1749811080000,60,60,0,1
R001300,184,SOL,SOL-USDT-SWAP,1749811164000,1749811080000,1749811140000,1749807540000,1749811080000,60,60,0,1
R001300,184,XRP,XRP-USDT-SWAP,1749811164000,1749811080000,1749811140000,1749807540000,1749811080000,60,60,0,1
R001300,184,DOGE,DOGE-USDT-SWAP,1749811164000,1749811080000,1749811140000,1749807540000,1749811080000,60,60,0,1
R001300,184,ADA,ADA-USDT-SWAP,1749811164000,1749811080000,1749811140000,1749807540000,1749811080000,60,60,0,1
R001300,184,LTC,LTC-USDT-SWAP,1749811164000,1749811080000,1749811140000,1749807540000,1749811080000,60,60,0,1
R001300,184,BCH,BCH-USDT-SWAP,1749811164000,1749811080000,1749811140000,1749807540000,1749811080000,60,60,0,1
R001300,184,LINK,LINK-USDT-SWAP,1749811164000,1749811080000,1749811140000,1749807540000,1749811080000,60,60,0,1
R001310,185,ETH,ETH-USDT-SWAP,1750178945000,1750178880000,1750178940000,1750175340000,1750178880000,60,60,0,1
R001310,185,SOL,SOL-USDT-SWAP,1750178945000,1750178880000,1750178940000,1750175340000,1750178880000,60,60,0,1
R001310,185,XRP,XRP-USDT-SWAP,1750178945000,1750178880000,1750178940000,1750175340000,1750178880000,60,60,0,1
R001310,185,DOGE,DOGE-USDT-SWAP,1750178945000,1750178880000,1750178940000,1750175340000,1750178880000,60,60,0,1
R001310,185,ADA,ADA-USDT-SWAP,1750178945000,1750178880000,1750178940000,1750175340000,1750178880000,60,60,0,1
R001310,185,LTC,LTC-USDT-SWAP,1750178945000,1750178880000,1750178940000,1750175340000,1750178880000,60,60,0,1
R001310,185,BCH,BCH-USDT-SWAP,1750178945000,1750178880000,1750178940000,1750175340000,1750178880000,60,60,0,1
R001310,185,LINK,LINK-USDT-SWAP,1750178945000,1750178880000,1750178940000,1750175340000,1750178880000,60,60,0,1
R001321,186,ETH,ETH-USDT-SWAP,1750639735000,1750639620000,1750639680000,1750636080000,1750639620000,60,60,0,1
R001321,186,SOL,SOL-USDT-SWAP,1750639735000,1750639620000,1750639680000,1750636080000,1750639620000,60,60,0,1
R001321,186,XRP,XRP-USDT-SWAP,1750639735000,1750639620000,1750639680000,1750636080000,1750639620000,60,60,0,1
R001321,186,DOGE,DOGE-USDT-SWAP,1750639735000,1750639620000,1750639680000,1750636080000,1750639620000,60,60,0,1
R001321,186,ADA,ADA-USDT-SWAP,1750639735000,1750639620000,1750639680000,1750636080000,1750639620000,60,60,0,1
R001321,186,LTC,LTC-USDT-SWAP,1750639735000,1750639620000,1750639680000,1750636080000,1750639620000,60,60,0,1
R001321,186,BCH,BCH-USDT-SWAP,1750639735000,1750639620000,1750639680000,1750636080000,1750639620000,60,60,0,1
R001321,186,LINK,LINK-USDT-SWAP,1750639735000,1750639620000,1750639680000,1750636080000,1750639620000,60,60,0,1
R001331,187,ETH,ETH-USDT-SWAP,1751042030000,1751041920000,1751041980000,1751038380000,1751041920000,60,60,0,1
R001331,187,SOL,SOL-USDT-SWAP,1751042030000,1751041920000,1751041980000,1751038380000,1751041920000,60,60,0,1
R001331,187,XRP,XRP-USDT-SWAP,1751042030000,1751041920000,1751041980000,1751038380000,1751041920000,60,60,0,1
R001331,187,DOGE,DOGE-USDT-SWAP,1751042030000,1751041920000,1751041980000,1751038380000,1751041920000,60,60,0,1
R001331,187,ADA,ADA-USDT-SWAP,1751042030000,1751041920000,1751041980000,1751038380000,1751041920000,60,60,0,1
R001331,187,LTC,LTC-USDT-SWAP,1751042030000,1751041920000,1751041980000,1751038380000,1751041920000,60,60,0,1
R001331,187,BCH,BCH-USDT-SWAP,1751042030000,1751041920000,1751041980000,1751038380000,1751041920000,60,60,0,1
R001331,187,LINK,LINK-USDT-SWAP,1751042030000,1751041920000,1751041980000,1751038380000,1751041920000,60,60,0,1
R001341,188,ETH,ETH-USDT-SWAP,1751320440000,1751320380000,1751320440000,1751316840000,1751320380000,60,60,0,1
R001341,188,SOL,SOL-USDT-SWAP,1751320440000,1751320380000,1751320440000,1751316840000,1751320380000,60,60,0,1
R001341,188,XRP,XRP-USDT-SWAP,1751320440000,1751320380000,1751320440000,1751316840000,1751320380000,60,60,0,1
R001341,188,DOGE,DOGE-USDT-SWAP,1751320440000,1751320380000,1751320440000,1751316840000,1751320380000,60,60,0,1
R001341,188,ADA,ADA-USDT-SWAP,1751320440000,1751320380000,1751320440000,1751316840000,1751320380000,60,60,0,1
R001341,188,LTC,LTC-USDT-SWAP,1751320440000,1751320380000,1751320440000,1751316840000,1751320380000,60,60,0,1
R001341,188,BCH,BCH-USDT-SWAP,1751320440000,1751320380000,1751320440000,1751316840000,1751320380000,60,60,0,1
R001341,188,LINK,LINK-USDT-SWAP,1751320440000,1751320380000,1751320440000,1751316840000,1751320380000,60,60,0,1
R001347,189,ETH,ETH-USDT-SWAP,1751477889000,1751477820000,1751477880000,1751474280000,1751477820000,60,60,0,1
R001347,189,SOL,SOL-USDT-SWAP,1751477889000,1751477820000,1751477880000,1751474280000,1751477820000,60,60,0,1
R001347,189,XRP,XRP-USDT-SWAP,1751477889000,1751477820000,1751477880000,1751474280000,1751477820000,60,60,0,1
R001347,189,DOGE,DOGE-USDT-SWAP,1751477889000,1751477820000,1751477880000,1751474280000,1751477820000,60,60,0,1
R001347,189,ADA,ADA-USDT-SWAP,1751477889000,1751477820000,1751477880000,1751474280000,1751477820000,60,60,0,1
R001347,189,LTC,LTC-USDT-SWAP,1751477889000,1751477820000,1751477880000,1751474280000,1751477820000,60,60,0,1
R001347,189,BCH,BCH-USDT-SWAP,1751477889000,1751477820000,1751477880000,1751474280000,1751477820000,60,60,0,1
R001347,189,LINK,LINK-USDT-SWAP,1751477889000,1751477820000,1751477880000,1751474280000,1751477820000,60,60,0,1
R001354,190,ETH,ETH-USDT-SWAP,1751838389000,1751838300000,1751838360000,1751834760000,1751838300000,60,60,0,1
R001354,190,SOL,SOL-USDT-SWAP,1751838389000,1751838300000,1751838360000,1751834760000,1751838300000,60,60,0,1
R001354,190,XRP,XRP-USDT-SWAP,1751838389000,1751838300000,1751838360000,1751834760000,1751838300000,60,60,0,1
R001354,190,DOGE,DOGE-USDT-SWAP,1751838389000,1751838300000,1751838360000,1751834760000,1751838300000,60,60,0,1
R001354,190,ADA,ADA-USDT-SWAP,1751838389000,1751838300000,1751838360000,1751834760000,1751838300000,60,60,0,1
R001354,190,LTC,LTC-USDT-SWAP,1751838389000,1751838300000,1751838360000,1751834760000,1751838300000,60,60,0,1
R001354,190,BCH,BCH-USDT-SWAP,1751838389000,1751838300000,1751838360000,1751834760000,1751838300000,60,60,0,1
R001354,190,LINK,LINK-USDT-SWAP,1751838389000,1751838300000,1751838360000,1751834760000,1751838300000,60,60,0,1
R001363,191,ETH,ETH-USDT-SWAP,1752089044000,1752088980000,1752089040000,1752085440000,1752088980000,60,60,0,1
R001363,191,SOL,SOL-USDT-SWAP,1752089044000,1752088980000,1752089040000,1752085440000,1752088980000,60,60,0,1
R001363,191,XRP,XRP-USDT-SWAP,1752089044000,1752088980000,1752089040000,1752085440000,1752088980000,60,60,0,1
R001363,191,DOGE,DOGE-USDT-SWAP,1752089044000,1752088980000,1752089040000,1752085440000,1752088980000,60,60,0,1
R001363,191,ADA,ADA-USDT-SWAP,1752089044000,1752088980000,1752089040000,1752085440000,1752088980000,60,60,0,1
R001363,191,LTC,LTC-USDT-SWAP,1752089044000,1752088980000,1752089040000,1752085440000,1752088980000,60,60,0,1
R001363,191,BCH,BCH-USDT-SWAP,1752089044000,1752088980000,1752089040000,1752085440000,1752088980000,60,60,0,1
R001363,191,LINK,LINK-USDT-SWAP,1752089044000,1752088980000,1752089040000,1752085440000,1752088980000,60,60,0,1
R001366,192,ETH,ETH-USDT-SWAP,1752162103000,1752162000000,1752162060000,1752158460000,1752162000000,60,60,0,1
R001366,192,SOL,SOL-USDT-SWAP,1752162103000,1752162000000,1752162060000,1752158460000,1752162000000,60,60,0,1
R001366,192,XRP,XRP-USDT-SWAP,1752162103000,1752162000000,1752162060000,1752158460000,1752162000000,60,60,0,1
R001366,192,DOGE,DOGE-USDT-SWAP,1752162103000,1752162000000,1752162060000,1752158460000,1752162000000,60,60,0,1
R001366,192,ADA,ADA-USDT-SWAP,1752162103000,1752162000000,1752162060000,1752158460000,1752162000000,60,60,0,1
R001366,192,LTC,LTC-USDT-SWAP,1752162103000,1752162000000,1752162060000,1752158460000,1752162000000,60,60,0,1
R001366,192,BCH,BCH-USDT-SWAP,1752162103000,1752162000000,1752162060000,1752158460000,1752162000000,60,60,0,1
R001366,192,LINK,LINK-USDT-SWAP,1752162103000,1752162000000,1752162060000,1752158460000,1752162000000,60,60,0,1
R001367,193,ETH,ETH-USDT-SWAP,1752164668000,1752164580000,1752164640000,1752161040000,1752164580000,60,60,0,1
R001367,193,SOL,SOL-USDT-SWAP,1752164668000,1752164580000,1752164640000,1752161040000,1752164580000,60,60,0,1
R001367,193,XRP,XRP-USDT-SWAP,1752164668000,1752164580000,1752164640000,1752161040000,1752164580000,60,60,0,1
R001367,193,DOGE,DOGE-USDT-SWAP,1752164668000,1752164580000,1752164640000,1752161040000,1752164580000,60,60,0,1
R001367,193,ADA,ADA-USDT-SWAP,1752164668000,1752164580000,1752164640000,1752161040000,1752164580000,60,60,0,1
R001367,193,LTC,LTC-USDT-SWAP,1752164668000,1752164580000,1752164640000,1752161040000,1752164580000,60,60,0,1
R001367,193,BCH,BCH-USDT-SWAP,1752164668000,1752164580000,1752164640000,1752161040000,1752164580000,60,60,0,1
R001367,193,LINK,LINK-USDT-SWAP,1752164668000,1752164580000,1752164640000,1752161040000,1752164580000,60,60,0,1
R001369,194,ETH,ETH-USDT-SWAP,1752182220000,1752182160000,1752182220000,1752178620000,1752182160000,60,60,0,1
R001369,194,SOL,SOL-USDT-SWAP,1752182220000,1752182160000,1752182220000,1752178620000,1752182160000,60,60,0,1
R001369,194,XRP,XRP-USDT-SWAP,1752182220000,1752182160000,1752182220000,1752178620000,1752182160000,60,60,0,1
R001369,194,DOGE,DOGE-USDT-SWAP,1752182220000,1752182160000,1752182220000,1752178620000,1752182160000,60,60,0,1
R001369,194,ADA,ADA-USDT-SWAP,1752182220000,1752182160000,1752182220000,1752178620000,1752182160000,60,60,0,1
R001369,194,LTC,LTC-USDT-SWAP,1752182220000,1752182160000,1752182220000,1752178620000,1752182160000,60,60,0,1
R001369,194,BCH,BCH-USDT-SWAP,1752182220000,1752182160000,1752182220000,1752178620000,1752182160000,60,60,0,1
R001369,194,LINK,LINK-USDT-SWAP,1752182220000,1752182160000,1752182220000,1752178620000,1752182160000,60,60,0,1
R001393,195,ETH,ETH-USDT-SWAP,1752411270000,1752411180000,1752411240000,1752407640000,1752411180000,60,60,0,1
R001393,195,SOL,SOL-USDT-SWAP,1752411270000,1752411180000,1752411240000,1752407640000,1752411180000,60,60,0,1
R001393,195,XRP,XRP-USDT-SWAP,1752411270000,1752411180000,1752411240000,1752407640000,1752411180000,60,60,0,1
R001393,195,DOGE,DOGE-USDT-SWAP,1752411270000,1752411180000,1752411240000,1752407640000,1752411180000,60,60,0,1
R001393,195,ADA,ADA-USDT-SWAP,1752411270000,1752411180000,1752411240000,1752407640000,1752411180000,60,60,0,1
R001393,195,LTC,LTC-USDT-SWAP,1752411270000,1752411180000,1752411240000,1752407640000,1752411180000,60,60,0,1
R001393,195,BCH,BCH-USDT-SWAP,1752411270000,1752411180000,1752411240000,1752407640000,1752411180000,60,60,0,1
R001393,195,LINK,LINK-USDT-SWAP,1752411270000,1752411180000,1752411240000,1752407640000,1752411180000,60,60,0,1
R001394,196,ETH,ETH-USDT-SWAP,1752416310000,1752416220000,1752416280000,1752412680000,1752416220000,60,60,0,1
R001394,196,SOL,SOL-USDT-SWAP,1752416310000,1752416220000,1752416280000,1752412680000,1752416220000,60,60,0,1
R001394,196,XRP,XRP-USDT-SWAP,1752416310000,1752416220000,1752416280000,1752412680000,1752416220000,60,60,0,1
R001394,196,DOGE,DOGE-USDT-SWAP,1752416310000,1752416220000,1752416280000,1752412680000,1752416220000,60,60,0,1
R001394,196,ADA,ADA-USDT-SWAP,1752416310000,1752416220000,1752416280000,1752412680000,1752416220000,60,60,0,1
R001394,196,LTC,LTC-USDT-SWAP,1752416310000,1752416220000,1752416280000,1752412680000,1752416220000,60,60,0,1
R001394,196,BCH,BCH-USDT-SWAP,1752416310000,1752416220000,1752416280000,1752412680000,1752416220000,60,60,0,1
R001394,196,LINK,LINK-USDT-SWAP,1752416310000,1752416220000,1752416280000,1752412680000,1752416220000,60,60,0,1
R001397,197,ETH,ETH-USDT-SWAP,1752450430000,1752450360000,1752450420000,1752446820000,1752450360000,60,60,0,1
R001397,197,SOL,SOL-USDT-SWAP,1752450430000,1752450360000,1752450420000,1752446820000,1752450360000,60,60,0,1
R001397,197,XRP,XRP-USDT-SWAP,1752450430000,1752450360000,1752450420000,1752446820000,1752450360000,60,60,0,1
R001397,197,DOGE,DOGE-USDT-SWAP,1752450430000,1752450360000,1752450420000,1752446820000,1752450360000,60,60,0,1
R001397,197,ADA,ADA-USDT-SWAP,1752450430000,1752450360000,1752450420000,1752446820000,1752450360000,60,60,0,1
R001397,197,LTC,LTC-USDT-SWAP,1752450430000,1752450360000,1752450420000,1752446820000,1752450360000,60,60,0,1
R001397,197,BCH,BCH-USDT-SWAP,1752450430000,1752450360000,1752450420000,1752446820000,1752450360000,60,60,0,1
R001397,197,LINK,LINK-USDT-SWAP,1752450430000,1752450360000,1752450420000,1752446820000,1752450360000,60,60,0,1
R001400,198,ETH,ETH-USDT-SWAP,1752464539000,1752464460000,1752464520000,1752460920000,1752464460000,60,60,0,1
R001400,198,SOL,SOL-USDT-SWAP,1752464539000,1752464460000,1752464520000,1752460920000,1752464460000,60,60,0,1
R001400,198,XRP,XRP-USDT-SWAP,1752464539000,1752464460000,1752464520000,1752460920000,1752464460000,60,60,0,1
R001400,198,DOGE,DOGE-USDT-SWAP,1752464539000,1752464460000,1752464520000,1752460920000,1752464460000,60,60,0,1
R001400,198,ADA,ADA-USDT-SWAP,1752464539000,1752464460000,1752464520000,1752460920000,1752464460000,60,60,0,1
R001400,198,LTC,LTC-USDT-SWAP,1752464539000,1752464460000,1752464520000,1752460920000,1752464460000,60,60,0,1
R001400,198,BCH,BCH-USDT-SWAP,1752464539000,1752464460000,1752464520000,1752460920000,1752464460000,60,60,0,1
R001400,198,LINK,LINK-USDT-SWAP,1752464539000,1752464460000,1752464520000,1752460920000,1752464460000,60,60,0,1
R001401,199,ETH,ETH-USDT-SWAP,1752470556000,1752470460000,1752470520000,1752466920000,1752470460000,60,60,0,1
R001401,199,SOL,SOL-USDT-SWAP,1752470556000,1752470460000,1752470520000,1752466920000,1752470460000,60,60,0,1
R001401,199,XRP,XRP-USDT-SWAP,1752470556000,1752470460000,1752470520000,1752466920000,1752470460000,60,60,0,1
R001401,199,DOGE,DOGE-USDT-SWAP,1752470556000,1752470460000,1752470520000,1752466920000,1752470460000,60,60,0,1
R001401,199,ADA,ADA-USDT-SWAP,1752470556000,1752470460000,1752470520000,1752466920000,1752470460000,60,60,0,1
R001401,199,LTC,LTC-USDT-SWAP,1752470556000,1752470460000,1752470520000,1752466920000,1752470460000,60,60,0,1
R001401,199,BCH,BCH-USDT-SWAP,1752470556000,1752470460000,1752470520000,1752466920000,1752470460000,60,60,0,1
R001401,199,LINK,LINK-USDT-SWAP,1752470556000,1752470460000,1752470520000,1752466920000,1752470460000,60,60,0,1
R001403,200,ETH,ETH-USDT-SWAP,1752478702000,1752478620000,1752478680000,1752475080000,1752478620000,60,60,0,1
R001403,200,SOL,SOL-USDT-SWAP,1752478702000,1752478620000,1752478680000,1752475080000,1752478620000,60,60,0,1
R001403,200,XRP,XRP-USDT-SWAP,1752478702000,1752478620000,1752478680000,1752475080000,1752478620000,60,60,0,1
R001403,200,DOGE,DOGE-USDT-SWAP,1752478702000,1752478620000,1752478680000,1752475080000,1752478620000,60,60,0,1
R001403,200,ADA,ADA-USDT-SWAP,1752478702000,1752478620000,1752478680000,1752475080000,1752478620000,60,60,0,1
R001403,200,LTC,LTC-USDT-SWAP,1752478702000,1752478620000,1752478680000,1752475080000,1752478620000,60,60,0,1
R001403,200,BCH,BCH-USDT-SWAP,1752478702000,1752478620000,1752478680000,1752475080000,1752478620000,60,60,0,1
R001403,200,LINK,LINK-USDT-SWAP,1752478702000,1752478620000,1752478680000,1752475080000,1752478620000,60,60,0,1
R001411,201,ETH,ETH-USDT-SWAP,1752552587000,1752552480000,1752552540000,1752548940000,1752552480000,60,60,0,1
R001411,201,SOL,SOL-USDT-SWAP,1752552587000,1752552480000,1752552540000,1752548940000,1752552480000,60,60,0,1
R001411,201,XRP,XRP-USDT-SWAP,1752552587000,1752552480000,1752552540000,1752548940000,1752552480000,60,60,0,1
R001411,201,DOGE,DOGE-USDT-SWAP,1752552587000,1752552480000,1752552540000,1752548940000,1752552480000,60,60,0,1
R001411,201,ADA,ADA-USDT-SWAP,1752552587000,1752552480000,1752552540000,1752548940000,1752552480000,60,60,0,1
R001411,201,LTC,LTC-USDT-SWAP,1752552587000,1752552480000,1752552540000,1752548940000,1752552480000,60,60,0,1
R001411,201,BCH,BCH-USDT-SWAP,1752552587000,1752552480000,1752552540000,1752548940000,1752552480000,60,60,0,1
R001411,201,LINK,LINK-USDT-SWAP,1752552587000,1752552480000,1752552540000,1752548940000,1752552480000,60,60,0,1
R001412,202,ETH,ETH-USDT-SWAP,1752559368000,1752559260000,1752559320000,1752555720000,1752559260000,60,60,0,1
R001412,202,SOL,SOL-USDT-SWAP,1752559368000,1752559260000,1752559320000,1752555720000,1752559260000,60,60,0,1
R001412,202,XRP,XRP-USDT-SWAP,1752559368000,1752559260000,1752559320000,1752555720000,1752559260000,60,60,0,1
R001412,202,DOGE,DOGE-USDT-SWAP,1752559368000,1752559260000,1752559320000,1752555720000,1752559260000,60,60,0,1
R001412,202,ADA,ADA-USDT-SWAP,1752559368000,1752559260000,1752559320000,1752555720000,1752559260000,60,60,0,1
R001412,202,LTC,LTC-USDT-SWAP,1752559368000,1752559260000,1752559320000,1752555720000,1752559260000,60,60,0,1
R001412,202,BCH,BCH-USDT-SWAP,1752559368000,1752559260000,1752559320000,1752555720000,1752559260000,60,60,0,1
R001412,202,LINK,LINK-USDT-SWAP,1752559368000,1752559260000,1752559320000,1752555720000,1752559260000,60,60,0,1
R001413,203,ETH,ETH-USDT-SWAP,1752582602000,1752582540000,1752582600000,1752579000000,1752582540000,60,60,0,1
R001413,203,SOL,SOL-USDT-SWAP,1752582602000,1752582540000,1752582600000,1752579000000,1752582540000,60,60,0,1
R001413,203,XRP,XRP-USDT-SWAP,1752582602000,1752582540000,1752582600000,1752579000000,1752582540000,60,60,0,1
R001413,203,DOGE,DOGE-USDT-SWAP,1752582602000,1752582540000,1752582600000,1752579000000,1752582540000,60,60,0,1
R001413,203,ADA,ADA-USDT-SWAP,1752582602000,1752582540000,1752582600000,1752579000000,1752582540000,60,60,0,1
R001413,203,LTC,LTC-USDT-SWAP,1752582602000,1752582540000,1752582600000,1752579000000,1752582540000,60,60,0,1
R001413,203,BCH,BCH-USDT-SWAP,1752582602000,1752582540000,1752582600000,1752579000000,1752582540000,60,60,0,1
R001413,203,LINK,LINK-USDT-SWAP,1752582602000,1752582540000,1752582600000,1752579000000,1752582540000,60,60,0,1
R001414,204,ETH,ETH-USDT-SWAP,1752591393000,1752591300000,1752591360000,1752587760000,1752591300000,60,60,0,1
R001414,204,SOL,SOL-USDT-SWAP,1752591393000,1752591300000,1752591360000,1752587760000,1752591300000,60,60,0,1
R001414,204,XRP,XRP-USDT-SWAP,1752591393000,1752591300000,1752591360000,1752587760000,1752591300000,60,60,0,1
R001414,204,DOGE,DOGE-USDT-SWAP,1752591393000,1752591300000,1752591360000,1752587760000,1752591300000,60,60,0,1
R001414,204,ADA,ADA-USDT-SWAP,1752591393000,1752591300000,1752591360000,1752587760000,1752591300000,60,60,0,1
R001414,204,LTC,LTC-USDT-SWAP,1752591393000,1752591300000,1752591360000,1752587760000,1752591300000,60,60,0,1
R001414,204,BCH,BCH-USDT-SWAP,1752591393000,1752591300000,1752591360000,1752587760000,1752591300000,60,60,0,1
R001414,204,LINK,LINK-USDT-SWAP,1752591393000,1752591300000,1752591360000,1752587760000,1752591300000,60,60,0,1
R001419,205,ETH,ETH-USDT-SWAP,1752674935000,1752674820000,1752674880000,1752671280000,1752674820000,60,60,0,1
R001419,205,SOL,SOL-USDT-SWAP,1752674935000,1752674820000,1752674880000,1752671280000,1752674820000,60,60,0,1
R001419,205,XRP,XRP-USDT-SWAP,1752674935000,1752674820000,1752674880000,1752671280000,1752674820000,60,60,0,1
R001419,205,DOGE,DOGE-USDT-SWAP,1752674935000,1752674820000,1752674880000,1752671280000,1752674820000,60,60,0,1
R001419,205,ADA,ADA-USDT-SWAP,1752674935000,1752674820000,1752674880000,1752671280000,1752674820000,60,60,0,1
R001419,205,LTC,LTC-USDT-SWAP,1752674935000,1752674820000,1752674880000,1752671280000,1752674820000,60,60,0,1
R001419,205,BCH,BCH-USDT-SWAP,1752674935000,1752674820000,1752674880000,1752671280000,1752674820000,60,60,0,1
R001419,205,LINK,LINK-USDT-SWAP,1752674935000,1752674820000,1752674880000,1752671280000,1752674820000,60,60,0,1
R001430,206,ETH,ETH-USDT-SWAP,1752774494000,1752774420000,1752774480000,1752770880000,1752774420000,60,60,0,1
R001430,206,SOL,SOL-USDT-SWAP,1752774494000,1752774420000,1752774480000,1752770880000,1752774420000,60,60,0,1
R001430,206,XRP,XRP-USDT-SWAP,1752774494000,1752774420000,1752774480000,1752770880000,1752774420000,60,60,0,1
R001430,206,DOGE,DOGE-USDT-SWAP,1752774494000,1752774420000,1752774480000,1752770880000,1752774420000,60,60,0,1
R001430,206,ADA,ADA-USDT-SWAP,1752774494000,1752774420000,1752774480000,1752770880000,1752774420000,60,60,0,1
R001430,206,LTC,LTC-USDT-SWAP,1752774494000,1752774420000,1752774480000,1752770880000,1752774420000,60,60,0,1
R001430,206,BCH,BCH-USDT-SWAP,1752774494000,1752774420000,1752774480000,1752770880000,1752774420000,60,60,0,1
R001430,206,LINK,LINK-USDT-SWAP,1752774494000,1752774420000,1752774480000,1752770880000,1752774420000,60,60,0,1
R001439,207,ETH,ETH-USDT-SWAP,1752815395000,1752815280000,1752815340000,1752811740000,1752815280000,60,60,0,1
R001439,207,SOL,SOL-USDT-SWAP,1752815395000,1752815280000,1752815340000,1752811740000,1752815280000,60,60,0,1
R001439,207,XRP,XRP-USDT-SWAP,1752815395000,1752815280000,1752815340000,1752811740000,1752815280000,60,60,0,1
R001439,207,DOGE,DOGE-USDT-SWAP,1752815395000,1752815280000,1752815340000,1752811740000,1752815280000,60,60,0,1
R001439,207,ADA,ADA-USDT-SWAP,1752815395000,1752815280000,1752815340000,1752811740000,1752815280000,60,60,0,1
R001439,207,LTC,LTC-USDT-SWAP,1752815395000,1752815280000,1752815340000,1752811740000,1752815280000,60,60,0,1
R001439,207,BCH,BCH-USDT-SWAP,1752815395000,1752815280000,1752815340000,1752811740000,1752815280000,60,60,0,1
R001439,207,LINK,LINK-USDT-SWAP,1752815395000,1752815280000,1752815340000,1752811740000,1752815280000,60,60,0,1
R001440,208,ETH,ETH-USDT-SWAP,1752826988000,1752826920000,1752826980000,1752823380000,1752826920000,60,60,0,1
R001440,208,SOL,SOL-USDT-SWAP,1752826988000,1752826920000,1752826980000,1752823380000,1752826920000,60,60,0,1
R001440,208,XRP,XRP-USDT-SWAP,1752826988000,1752826920000,1752826980000,1752823380000,1752826920000,60,60,0,1
R001440,208,DOGE,DOGE-USDT-SWAP,1752826988000,1752826920000,1752826980000,1752823380000,1752826920000,60,60,0,1
R001440,208,ADA,ADA-USDT-SWAP,1752826988000,1752826920000,1752826980000,1752823380000,1752826920000,60,60,0,1
R001440,208,LTC,LTC-USDT-SWAP,1752826988000,1752826920000,1752826980000,1752823380000,1752826920000,60,60,0,1
R001440,208,BCH,BCH-USDT-SWAP,1752826988000,1752826920000,1752826980000,1752823380000,1752826920000,60,60,0,1
R001440,208,LINK,LINK-USDT-SWAP,1752826988000,1752826920000,1752826980000,1752823380000,1752826920000,60,60,0,1
R001458,209,ETH,ETH-USDT-SWAP,1753049351000,1753049280000,1753049340000,1753045740000,1753049280000,60,60,0,1
R001458,209,SOL,SOL-USDT-SWAP,1753049351000,1753049280000,1753049340000,1753045740000,1753049280000,60,60,0,1
R001458,209,XRP,XRP-USDT-SWAP,1753049351000,1753049280000,1753049340000,1753045740000,1753049280000,60,60,0,1
R001458,209,DOGE,DOGE-USDT-SWAP,1753049351000,1753049280000,1753049340000,1753045740000,1753049280000,60,60,0,1
R001458,209,ADA,ADA-USDT-SWAP,1753049351000,1753049280000,1753049340000,1753045740000,1753049280000,60,60,0,1
R001458,209,LTC,LTC-USDT-SWAP,1753049351000,1753049280000,1753049340000,1753045740000,1753049280000,60,60,0,1
R001458,209,BCH,BCH-USDT-SWAP,1753049351000,1753049280000,1753049340000,1753045740000,1753049280000,60,60,0,1
R001458,209,LINK,LINK-USDT-SWAP,1753049351000,1753049280000,1753049340000,1753045740000,1753049280000,60,60,0,1
R001466,210,ETH,ETH-USDT-SWAP,1753122129000,1753122060000,1753122120000,1753118520000,1753122060000,60,60,0,1
R001466,210,SOL,SOL-USDT-SWAP,1753122129000,1753122060000,1753122120000,1753118520000,1753122060000,60,60,0,1
R001466,210,XRP,XRP-USDT-SWAP,1753122129000,1753122060000,1753122120000,1753118520000,1753122060000,60,60,0,1
R001466,210,DOGE,DOGE-USDT-SWAP,1753122129000,1753122060000,1753122120000,1753118520000,1753122060000,60,60,0,1
R001466,210,ADA,ADA-USDT-SWAP,1753122129000,1753122060000,1753122120000,1753118520000,1753122060000,60,60,0,1
R001466,210,LTC,LTC-USDT-SWAP,1753122129000,1753122060000,1753122120000,1753118520000,1753122060000,60,60,0,1
R001466,210,BCH,BCH-USDT-SWAP,1753122129000,1753122060000,1753122120000,1753118520000,1753122060000,60,60,0,1
R001466,210,LINK,LINK-USDT-SWAP,1753122129000,1753122060000,1753122120000,1753118520000,1753122060000,60,60,0,1
R001470,211,ETH,ETH-USDT-SWAP,1753148432000,1753148340000,1753148400000,1753144800000,1753148340000,60,60,0,1
R001470,211,SOL,SOL-USDT-SWAP,1753148432000,1753148340000,1753148400000,1753144800000,1753148340000,60,60,0,1
R001470,211,XRP,XRP-USDT-SWAP,1753148432000,1753148340000,1753148400000,1753144800000,1753148340000,60,60,0,1
R001470,211,DOGE,DOGE-USDT-SWAP,1753148432000,1753148340000,1753148400000,1753144800000,1753148340000,60,60,0,1
R001470,211,ADA,ADA-USDT-SWAP,1753148432000,1753148340000,1753148400000,1753144800000,1753148340000,60,60,0,1
R001470,211,LTC,LTC-USDT-SWAP,1753148432000,1753148340000,1753148400000,1753144800000,1753148340000,60,60,0,1
R001470,211,BCH,BCH-USDT-SWAP,1753148432000,1753148340000,1753148400000,1753144800000,1753148340000,60,60,0,1
R001470,211,LINK,LINK-USDT-SWAP,1753148432000,1753148340000,1753148400000,1753144800000,1753148340000,60,60,0,1
R001471,212,ETH,ETH-USDT-SWAP,1753152171000,1753152060000,1753152120000,1753148520000,1753152060000,60,60,0,1
R001471,212,SOL,SOL-USDT-SWAP,1753152171000,1753152060000,1753152120000,1753148520000,1753152060000,60,60,0,1
R001471,212,XRP,XRP-USDT-SWAP,1753152171000,1753152060000,1753152120000,1753148520000,1753152060000,60,60,0,1
R001471,212,DOGE,DOGE-USDT-SWAP,1753152171000,1753152060000,1753152120000,1753148520000,1753152060000,60,60,0,1
R001471,212,ADA,ADA-USDT-SWAP,1753152171000,1753152060000,1753152120000,1753148520000,1753152060000,60,60,0,1
R001471,212,LTC,LTC-USDT-SWAP,1753152171000,1753152060000,1753152120000,1753148520000,1753152060000,60,60,0,1
R001471,212,BCH,BCH-USDT-SWAP,1753152171000,1753152060000,1753152120000,1753148520000,1753152060000,60,60,0,1
R001471,212,LINK,LINK-USDT-SWAP,1753152171000,1753152060000,1753152120000,1753148520000,1753152060000,60,60,0,1
R001477,213,ETH,ETH-USDT-SWAP,1753210409000,1753210320000,1753210380000,1753206780000,1753210320000,60,60,0,1
R001477,213,SOL,SOL-USDT-SWAP,1753210409000,1753210320000,1753210380000,1753206780000,1753210320000,60,60,0,1
R001477,213,XRP,XRP-USDT-SWAP,1753210409000,1753210320000,1753210380000,1753206780000,1753210320000,60,60,0,1
R001477,213,DOGE,DOGE-USDT-SWAP,1753210409000,1753210320000,1753210380000,1753206780000,1753210320000,60,60,0,1
R001477,213,ADA,ADA-USDT-SWAP,1753210409000,1753210320000,1753210380000,1753206780000,1753210320000,60,60,0,1
R001477,213,LTC,LTC-USDT-SWAP,1753210409000,1753210320000,1753210380000,1753206780000,1753210320000,60,60,0,1
R001477,213,BCH,BCH-USDT-SWAP,1753210409000,1753210320000,1753210380000,1753206780000,1753210320000,60,60,0,1
R001477,213,LINK,LINK-USDT-SWAP,1753210409000,1753210320000,1753210380000,1753206780000,1753210320000,60,60,0,1
R001478,214,ETH,ETH-USDT-SWAP,1753214698000,1753214580000,1753214640000,1753211040000,1753214580000,60,60,0,1
R001478,214,SOL,SOL-USDT-SWAP,1753214698000,1753214580000,1753214640000,1753211040000,1753214580000,60,60,0,1
R001478,214,XRP,XRP-USDT-SWAP,1753214698000,1753214580000,1753214640000,1753211040000,1753214580000,60,60,0,1
R001478,214,DOGE,DOGE-USDT-SWAP,1753214698000,1753214580000,1753214640000,1753211040000,1753214580000,60,60,0,1
R001478,214,ADA,ADA-USDT-SWAP,1753214698000,1753214580000,1753214640000,1753211040000,1753214580000,60,60,0,1
R001478,214,LTC,LTC-USDT-SWAP,1753214698000,1753214580000,1753214640000,1753211040000,1753214580000,60,60,0,1
R001478,214,BCH,BCH-USDT-SWAP,1753214698000,1753214580000,1753214640000,1753211040000,1753214580000,60,60,0,1
R001478,214,LINK,LINK-USDT-SWAP,1753214698000,1753214580000,1753214640000,1753211040000,1753214580000,60,60,0,1
R001479,215,ETH,ETH-USDT-SWAP,1753236197000,1753236120000,1753236180000,1753232580000,1753236120000,60,60,0,1
R001479,215,SOL,SOL-USDT-SWAP,1753236197000,1753236120000,1753236180000,1753232580000,1753236120000,60,60,0,1
R001479,215,XRP,XRP-USDT-SWAP,1753236197000,1753236120000,1753236180000,1753232580000,1753236120000,60,60,0,1
R001479,215,DOGE,DOGE-USDT-SWAP,1753236197000,1753236120000,1753236180000,1753232580000,1753236120000,60,60,0,1
R001479,215,ADA,ADA-USDT-SWAP,1753236197000,1753236120000,1753236180000,1753232580000,1753236120000,60,60,0,1
R001479,215,LTC,LTC-USDT-SWAP,1753236197000,1753236120000,1753236180000,1753232580000,1753236120000,60,60,0,1
R001479,215,BCH,BCH-USDT-SWAP,1753236197000,1753236120000,1753236180000,1753232580000,1753236120000,60,60,0,1
R001479,215,LINK,LINK-USDT-SWAP,1753236197000,1753236120000,1753236180000,1753232580000,1753236120000,60,60,0,1
R001491,216,ETH,ETH-USDT-SWAP,1753350554000,1753350480000,1753350540000,1753346940000,1753350480000,60,60,0,1
R001491,216,SOL,SOL-USDT-SWAP,1753350554000,1753350480000,1753350540000,1753346940000,1753350480000,60,60,0,1
R001491,216,XRP,XRP-USDT-SWAP,1753350554000,1753350480000,1753350540000,1753346940000,1753350480000,60,60,0,1
R001491,216,DOGE,DOGE-USDT-SWAP,1753350554000,1753350480000,1753350540000,1753346940000,1753350480000,60,60,0,1
R001491,216,ADA,ADA-USDT-SWAP,1753350554000,1753350480000,1753350540000,1753346940000,1753350480000,60,60,0,1
R001491,216,LTC,LTC-USDT-SWAP,1753350554000,1753350480000,1753350540000,1753346940000,1753350480000,60,60,0,1
R001491,216,BCH,BCH-USDT-SWAP,1753350554000,1753350480000,1753350540000,1753346940000,1753350480000,60,60,0,1
R001491,216,LINK,LINK-USDT-SWAP,1753350554000,1753350480000,1753350540000,1753346940000,1753350480000,60,60,0,1
R001494,217,ETH,ETH-USDT-SWAP,1753414240000,1753414140000,1753414200000,1753410600000,1753414140000,60,60,0,1
R001494,217,SOL,SOL-USDT-SWAP,1753414240000,1753414140000,1753414200000,1753410600000,1753414140000,60,60,0,1
R001494,217,XRP,XRP-USDT-SWAP,1753414240000,1753414140000,1753414200000,1753410600000,1753414140000,60,60,0,1
R001494,217,DOGE,DOGE-USDT-SWAP,1753414240000,1753414140000,1753414200000,1753410600000,1753414140000,60,60,0,1
R001494,217,ADA,ADA-USDT-SWAP,1753414240000,1753414140000,1753414200000,1753410600000,1753414140000,60,60,0,1
R001494,217,LTC,LTC-USDT-SWAP,1753414240000,1753414140000,1753414200000,1753410600000,1753414140000,60,60,0,1
R001494,217,BCH,BCH-USDT-SWAP,1753414240000,1753414140000,1753414200000,1753410600000,1753414140000,60,60,0,1
R001494,217,LINK,LINK-USDT-SWAP,1753414240000,1753414140000,1753414200000,1753410600000,1753414140000,60,60,0,1
R001498,218,ETH,ETH-USDT-SWAP,1753584815000,1753584720000,1753584780000,1753581180000,1753584720000,60,60,0,1
R001498,218,SOL,SOL-USDT-SWAP,1753584815000,1753584720000,1753584780000,1753581180000,1753584720000,60,60,0,1
R001498,218,XRP,XRP-USDT-SWAP,1753584815000,1753584720000,1753584780000,1753581180000,1753584720000,60,60,0,1
R001498,218,DOGE,DOGE-USDT-SWAP,1753584815000,1753584720000,1753584780000,1753581180000,1753584720000,60,60,0,1
R001498,218,ADA,ADA-USDT-SWAP,1753584815000,1753584720000,1753584780000,1753581180000,1753584720000,60,60,0,1
R001498,218,LTC,LTC-USDT-SWAP,1753584815000,1753584720000,1753584780000,1753581180000,1753584720000,60,60,0,1
R001498,218,BCH,BCH-USDT-SWAP,1753584815000,1753584720000,1753584780000,1753581180000,1753584720000,60,60,0,1
R001498,218,LINK,LINK-USDT-SWAP,1753584815000,1753584720000,1753584780000,1753581180000,1753584720000,60,60,0,1
R001499,219,ETH,ETH-USDT-SWAP,1753632730000,1753632660000,1753632720000,1753629120000,1753632660000,60,60,0,1
R001499,219,SOL,SOL-USDT-SWAP,1753632730000,1753632660000,1753632720000,1753629120000,1753632660000,60,60,0,1
R001499,219,XRP,XRP-USDT-SWAP,1753632730000,1753632660000,1753632720000,1753629120000,1753632660000,60,60,0,1
R001499,219,DOGE,DOGE-USDT-SWAP,1753632730000,1753632660000,1753632720000,1753629120000,1753632660000,60,60,0,1
R001499,219,ADA,ADA-USDT-SWAP,1753632730000,1753632660000,1753632720000,1753629120000,1753632660000,60,60,0,1
R001499,219,LTC,LTC-USDT-SWAP,1753632730000,1753632660000,1753632720000,1753629120000,1753632660000,60,60,0,1
R001499,219,BCH,BCH-USDT-SWAP,1753632730000,1753632660000,1753632720000,1753629120000,1753632660000,60,60,0,1
R001499,219,LINK,LINK-USDT-SWAP,1753632730000,1753632660000,1753632720000,1753629120000,1753632660000,60,60,0,1
R001501,220,ETH,ETH-USDT-SWAP,1753729424000,1753729320000,1753729380000,1753725780000,1753729320000,60,60,0,1
R001501,220,SOL,SOL-USDT-SWAP,1753729424000,1753729320000,1753729380000,1753725780000,1753729320000,60,60,0,1
R001501,220,XRP,XRP-USDT-SWAP,1753729424000,1753729320000,1753729380000,1753725780000,1753729320000,60,60,0,1
R001501,220,DOGE,DOGE-USDT-SWAP,1753729424000,1753729320000,1753729380000,1753725780000,1753729320000,60,60,0,1
R001501,220,ADA,ADA-USDT-SWAP,1753729424000,1753729320000,1753729380000,1753725780000,1753729320000,60,60,0,1
R001501,220,LTC,LTC-USDT-SWAP,1753729424000,1753729320000,1753729380000,1753725780000,1753729320000,60,60,0,1
R001501,220,BCH,BCH-USDT-SWAP,1753729424000,1753729320000,1753729380000,1753725780000,1753729320000,60,60,0,1
R001501,220,LINK,LINK-USDT-SWAP,1753729424000,1753729320000,1753729380000,1753725780000,1753729320000,60,60,0,1
R001502,221,ETH,ETH-USDT-SWAP,1753748186000,1753748100000,1753748160000,1753744560000,1753748100000,60,60,0,1
R001502,221,SOL,SOL-USDT-SWAP,1753748186000,1753748100000,1753748160000,1753744560000,1753748100000,60,60,0,1
R001502,221,XRP,XRP-USDT-SWAP,1753748186000,1753748100000,1753748160000,1753744560000,1753748100000,60,60,0,1
R001502,221,DOGE,DOGE-USDT-SWAP,1753748186000,1753748100000,1753748160000,1753744560000,1753748100000,60,60,0,1
R001502,221,ADA,ADA-USDT-SWAP,1753748186000,1753748100000,1753748160000,1753744560000,1753748100000,60,60,0,1
R001502,221,LTC,LTC-USDT-SWAP,1753748186000,1753748100000,1753748160000,1753744560000,1753748100000,60,60,0,1
R001502,221,BCH,BCH-USDT-SWAP,1753748186000,1753748100000,1753748160000,1753744560000,1753748100000,60,60,0,1
R001502,221,LINK,LINK-USDT-SWAP,1753748186000,1753748100000,1753748160000,1753744560000,1753748100000,60,60,0,1
R001503,222,ETH,ETH-USDT-SWAP,1753749282000,1753749180000,1753749240000,1753745640000,1753749180000,60,60,0,1
R001503,222,SOL,SOL-USDT-SWAP,1753749282000,1753749180000,1753749240000,1753745640000,1753749180000,60,60,0,1
R001503,222,XRP,XRP-USDT-SWAP,1753749282000,1753749180000,1753749240000,1753745640000,1753749180000,60,60,0,1
R001503,222,DOGE,DOGE-USDT-SWAP,1753749282000,1753749180000,1753749240000,1753745640000,1753749180000,60,60,0,1
R001503,222,ADA,ADA-USDT-SWAP,1753749282000,1753749180000,1753749240000,1753745640000,1753749180000,60,60,0,1
R001503,222,LTC,LTC-USDT-SWAP,1753749282000,1753749180000,1753749240000,1753745640000,1753749180000,60,60,0,1
R001503,222,BCH,BCH-USDT-SWAP,1753749282000,1753749180000,1753749240000,1753745640000,1753749180000,60,60,0,1
R001503,222,LINK,LINK-USDT-SWAP,1753749282000,1753749180000,1753749240000,1753745640000,1753749180000,60,60,0,1
R001504,223,ETH,ETH-USDT-SWAP,1753816552000,1753816440000,1753816500000,1753812900000,1753816440000,60,60,0,1
R001504,223,SOL,SOL-USDT-SWAP,1753816552000,1753816440000,1753816500000,1753812900000,1753816440000,60,60,0,1
R001504,223,XRP,XRP-USDT-SWAP,1753816552000,1753816440000,1753816500000,1753812900000,1753816440000,60,60,0,1
R001504,223,DOGE,DOGE-USDT-SWAP,1753816552000,1753816440000,1753816500000,1753812900000,1753816440000,60,60,0,1
R001504,223,ADA,ADA-USDT-SWAP,1753816552000,1753816440000,1753816500000,1753812900000,1753816440000,60,60,0,1
R001504,223,LTC,LTC-USDT-SWAP,1753816552000,1753816440000,1753816500000,1753812900000,1753816440000,60,60,0,1
R001504,223,BCH,BCH-USDT-SWAP,1753816552000,1753816440000,1753816500000,1753812900000,1753816440000,60,60,0,1
R001504,223,LINK,LINK-USDT-SWAP,1753816552000,1753816440000,1753816500000,1753812900000,1753816440000,60,60,0,1
R001505,224,ETH,ETH-USDT-SWAP,1753820354000,1753820280000,1753820340000,1753816740000,1753820280000,60,60,0,1
R001505,224,SOL,SOL-USDT-SWAP,1753820354000,1753820280000,1753820340000,1753816740000,1753820280000,60,60,0,1
R001505,224,XRP,XRP-USDT-SWAP,1753820354000,1753820280000,1753820340000,1753816740000,1753820280000,60,60,0,1
R001505,224,DOGE,DOGE-USDT-SWAP,1753820354000,1753820280000,1753820340000,1753816740000,1753820280000,60,60,0,1
R001505,224,ADA,ADA-USDT-SWAP,1753820354000,1753820280000,1753820340000,1753816740000,1753820280000,60,60,0,1
R001505,224,LTC,LTC-USDT-SWAP,1753820354000,1753820280000,1753820340000,1753816740000,1753820280000,60,60,0,1
R001505,224,BCH,BCH-USDT-SWAP,1753820354000,1753820280000,1753820340000,1753816740000,1753820280000,60,60,0,1
R001505,224,LINK,LINK-USDT-SWAP,1753820354000,1753820280000,1753820340000,1753816740000,1753820280000,60,60,0,1
R001509,225,ETH,ETH-USDT-SWAP,1753901255000,1753901160000,1753901220000,1753897620000,1753901160000,60,60,0,1
R001509,225,SOL,SOL-USDT-SWAP,1753901255000,1753901160000,1753901220000,1753897620000,1753901160000,60,60,0,1
R001509,225,XRP,XRP-USDT-SWAP,1753901255000,1753901160000,1753901220000,1753897620000,1753901160000,60,60,0,1
R001509,225,DOGE,DOGE-USDT-SWAP,1753901255000,1753901160000,1753901220000,1753897620000,1753901160000,60,60,0,1
R001509,225,ADA,ADA-USDT-SWAP,1753901255000,1753901160000,1753901220000,1753897620000,1753901160000,60,60,0,1
R001509,225,LTC,LTC-USDT-SWAP,1753901255000,1753901160000,1753901220000,1753897620000,1753901160000,60,60,0,1
R001509,225,BCH,BCH-USDT-SWAP,1753901255000,1753901160000,1753901220000,1753897620000,1753901160000,60,60,0,1
R001509,225,LINK,LINK-USDT-SWAP,1753901255000,1753901160000,1753901220000,1753897620000,1753901160000,60,60,0,1
R001512,226,ETH,ETH-USDT-SWAP,1754009481000,1754009400000,1754009460000,1754005860000,1754009400000,60,60,0,1
R001512,226,SOL,SOL-USDT-SWAP,1754009481000,1754009400000,1754009460000,1754005860000,1754009400000,60,60,0,1
R001512,226,XRP,XRP-USDT-SWAP,1754009481000,1754009400000,1754009460000,1754005860000,1754009400000,60,60,0,1
R001512,226,DOGE,DOGE-USDT-SWAP,1754009481000,1754009400000,1754009460000,1754005860000,1754009400000,60,60,0,1
R001512,226,ADA,ADA-USDT-SWAP,1754009481000,1754009400000,1754009460000,1754005860000,1754009400000,60,60,0,1
R001512,226,LTC,LTC-USDT-SWAP,1754009481000,1754009400000,1754009460000,1754005860000,1754009400000,60,60,0,1
R001512,226,BCH,BCH-USDT-SWAP,1754009481000,1754009400000,1754009460000,1754005860000,1754009400000,60,60,0,1
R001512,226,LINK,LINK-USDT-SWAP,1754009481000,1754009400000,1754009460000,1754005860000,1754009400000,60,60,0,1
R001513,227,ETH,ETH-USDT-SWAP,1754038912000,1754038800000,1754038860000,1754035260000,1754038800000,60,60,0,1
R001513,227,SOL,SOL-USDT-SWAP,1754038912000,1754038800000,1754038860000,1754035260000,1754038800000,60,60,0,1
R001513,227,XRP,XRP-USDT-SWAP,1754038912000,1754038800000,1754038860000,1754035260000,1754038800000,60,60,0,1
R001513,227,DOGE,DOGE-USDT-SWAP,1754038912000,1754038800000,1754038860000,1754035260000,1754038800000,60,60,0,1
R001513,227,ADA,ADA-USDT-SWAP,1754038912000,1754038800000,1754038860000,1754035260000,1754038800000,60,60,0,1
R001513,227,LTC,LTC-USDT-SWAP,1754038912000,1754038800000,1754038860000,1754035260000,1754038800000,60,60,0,1
R001513,227,BCH,BCH-USDT-SWAP,1754038912000,1754038800000,1754038860000,1754035260000,1754038800000,60,60,0,1
R001513,227,LINK,LINK-USDT-SWAP,1754038912000,1754038800000,1754038860000,1754035260000,1754038800000,60,60,0,1
R001514,228,ETH,ETH-USDT-SWAP,1754051402000,1754051340000,1754051400000,1754047800000,1754051340000,60,60,0,1
R001514,228,SOL,SOL-USDT-SWAP,1754051402000,1754051340000,1754051400000,1754047800000,1754051340000,60,60,0,1
R001514,228,XRP,XRP-USDT-SWAP,1754051402000,1754051340000,1754051400000,1754047800000,1754051340000,60,60,0,1
R001514,228,DOGE,DOGE-USDT-SWAP,1754051402000,1754051340000,1754051400000,1754047800000,1754051340000,60,60,0,1
R001514,228,ADA,ADA-USDT-SWAP,1754051402000,1754051340000,1754051400000,1754047800000,1754051340000,60,60,0,1
R001514,228,LTC,LTC-USDT-SWAP,1754051402000,1754051340000,1754051400000,1754047800000,1754051340000,60,60,0,1
R001514,228,BCH,BCH-USDT-SWAP,1754051402000,1754051340000,1754051400000,1754047800000,1754051340000,60,60,0,1
R001514,228,LINK,LINK-USDT-SWAP,1754051402000,1754051340000,1754051400000,1754047800000,1754051340000,60,60,0,1
R001515,229,ETH,ETH-USDT-SWAP,1754056998000,1754056920000,1754056980000,1754053380000,1754056920000,60,60,0,1
R001515,229,SOL,SOL-USDT-SWAP,1754056998000,1754056920000,1754056980000,1754053380000,1754056920000,60,60,0,1
R001515,229,XRP,XRP-USDT-SWAP,1754056998000,1754056920000,1754056980000,1754053380000,1754056920000,60,60,0,1
R001515,229,DOGE,DOGE-USDT-SWAP,1754056998000,1754056920000,1754056980000,1754053380000,1754056920000,60,60,0,1
R001515,229,ADA,ADA-USDT-SWAP,1754056998000,1754056920000,1754056980000,1754053380000,1754056920000,60,60,0,1
R001515,229,LTC,LTC-USDT-SWAP,1754056998000,1754056920000,1754056980000,1754053380000,1754056920000,60,60,0,1
R001515,229,BCH,BCH-USDT-SWAP,1754056998000,1754056920000,1754056980000,1754053380000,1754056920000,60,60,0,1
R001515,229,LINK,LINK-USDT-SWAP,1754056998000,1754056920000,1754056980000,1754053380000,1754056920000,60,60,0,1
R001516,230,ETH,ETH-USDT-SWAP,1754078516000,1754078400000,1754078460000,1754074860000,1754078400000,60,60,0,1
R001516,230,SOL,SOL-USDT-SWAP,1754078516000,1754078400000,1754078460000,1754074860000,1754078400000,60,60,0,1
R001516,230,XRP,XRP-USDT-SWAP,1754078516000,1754078400000,1754078460000,1754074860000,1754078400000,60,60,0,1
R001516,230,DOGE,DOGE-USDT-SWAP,1754078516000,1754078400000,1754078460000,1754074860000,1754078400000,60,60,0,1
R001516,230,ADA,ADA-USDT-SWAP,1754078516000,1754078400000,1754078460000,1754074860000,1754078400000,60,60,0,1
R001516,230,LTC,LTC-USDT-SWAP,1754078516000,1754078400000,1754078460000,1754074860000,1754078400000,60,60,0,1
R001516,230,BCH,BCH-USDT-SWAP,1754078516000,1754078400000,1754078460000,1754074860000,1754078400000,60,60,0,1
R001516,230,LINK,LINK-USDT-SWAP,1754078516000,1754078400000,1754078460000,1754074860000,1754078400000,60,60,0,1
R001527,231,ETH,ETH-USDT-SWAP,1754772036000,1754771940000,1754772000000,1754768400000,1754771940000,60,60,0,1
R001527,231,SOL,SOL-USDT-SWAP,1754772036000,1754771940000,1754772000000,1754768400000,1754771940000,60,60,0,1
R001527,231,XRP,XRP-USDT-SWAP,1754772036000,1754771940000,1754772000000,1754768400000,1754771940000,60,60,0,1
R001527,231,DOGE,DOGE-USDT-SWAP,1754772036000,1754771940000,1754772000000,1754768400000,1754771940000,60,60,0,1
R001527,231,ADA,ADA-USDT-SWAP,1754772036000,1754771940000,1754772000000,1754768400000,1754771940000,60,60,0,1
R001527,231,LTC,LTC-USDT-SWAP,1754772036000,1754771940000,1754772000000,1754768400000,1754771940000,60,60,0,1
R001527,231,BCH,BCH-USDT-SWAP,1754772036000,1754771940000,1754772000000,1754768400000,1754771940000,60,60,0,1
R001527,231,LINK,LINK-USDT-SWAP,1754772036000,1754771940000,1754772000000,1754768400000,1754771940000,60,60,0,1
R001530,232,ETH,ETH-USDT-SWAP,1754796377000,1754796300000,1754796360000,1754792760000,1754796300000,60,60,0,1
R001530,232,SOL,SOL-USDT-SWAP,1754796377000,1754796300000,1754796360000,1754792760000,1754796300000,60,60,0,1
R001530,232,XRP,XRP-USDT-SWAP,1754796377000,1754796300000,1754796360000,1754792760000,1754796300000,60,60,0,1
R001530,232,DOGE,DOGE-USDT-SWAP,1754796377000,1754796300000,1754796360000,1754792760000,1754796300000,60,60,0,1
R001530,232,ADA,ADA-USDT-SWAP,1754796377000,1754796300000,1754796360000,1754792760000,1754796300000,60,60,0,1
R001530,232,LTC,LTC-USDT-SWAP,1754796377000,1754796300000,1754796360000,1754792760000,1754796300000,60,60,0,1
R001530,232,BCH,BCH-USDT-SWAP,1754796377000,1754796300000,1754796360000,1754792760000,1754796300000,60,60,0,1
R001530,232,LINK,LINK-USDT-SWAP,1754796377000,1754796300000,1754796360000,1754792760000,1754796300000,60,60,0,1
R001532,233,ETH,ETH-USDT-SWAP,1754857132000,1754857020000,1754857080000,1754853480000,1754857020000,60,60,0,1
R001532,233,SOL,SOL-USDT-SWAP,1754857132000,1754857020000,1754857080000,1754853480000,1754857020000,60,60,0,1
R001532,233,XRP,XRP-USDT-SWAP,1754857132000,1754857020000,1754857080000,1754853480000,1754857020000,60,60,0,1
R001532,233,DOGE,DOGE-USDT-SWAP,1754857132000,1754857020000,1754857080000,1754853480000,1754857020000,60,60,0,1
R001532,233,ADA,ADA-USDT-SWAP,1754857132000,1754857020000,1754857080000,1754853480000,1754857020000,60,60,0,1
R001532,233,LTC,LTC-USDT-SWAP,1754857132000,1754857020000,1754857080000,1754853480000,1754857020000,60,60,0,1
R001532,233,BCH,BCH-USDT-SWAP,1754857132000,1754857020000,1754857080000,1754853480000,1754857020000,60,60,0,1
R001532,233,LINK,LINK-USDT-SWAP,1754857132000,1754857020000,1754857080000,1754853480000,1754857020000,60,60,0,1
R001533,234,ETH,ETH-USDT-SWAP,1754877598000,1754877480000,1754877540000,1754873940000,1754877480000,60,60,0,1
R001533,234,SOL,SOL-USDT-SWAP,1754877598000,1754877480000,1754877540000,1754873940000,1754877480000,60,60,0,1
R001533,234,XRP,XRP-USDT-SWAP,1754877598000,1754877480000,1754877540000,1754873940000,1754877480000,60,60,0,1
R001533,234,DOGE,DOGE-USDT-SWAP,1754877598000,1754877480000,1754877540000,1754873940000,1754877480000,60,60,0,1
R001533,234,ADA,ADA-USDT-SWAP,1754877598000,1754877480000,1754877540000,1754873940000,1754877480000,60,60,0,1
R001533,234,LTC,LTC-USDT-SWAP,1754877598000,1754877480000,1754877540000,1754873940000,1754877480000,60,60,0,1
R001533,234,BCH,BCH-USDT-SWAP,1754877598000,1754877480000,1754877540000,1754873940000,1754877480000,60,60,0,1
R001533,234,LINK,LINK-USDT-SWAP,1754877598000,1754877480000,1754877540000,1754873940000,1754877480000,60,60,0,1
R001534,235,ETH,ETH-USDT-SWAP,1754878894000,1754878800000,1754878860000,1754875260000,1754878800000,60,60,0,1
R001534,235,SOL,SOL-USDT-SWAP,1754878894000,1754878800000,1754878860000,1754875260000,1754878800000,60,60,0,1
R001534,235,XRP,XRP-USDT-SWAP,1754878894000,1754878800000,1754878860000,1754875260000,1754878800000,60,60,0,1
R001534,235,DOGE,DOGE-USDT-SWAP,1754878894000,1754878800000,1754878860000,1754875260000,1754878800000,60,60,0,1
R001534,235,ADA,ADA-USDT-SWAP,1754878894000,1754878800000,1754878860000,1754875260000,1754878800000,60,60,0,1
R001534,235,LTC,LTC-USDT-SWAP,1754878894000,1754878800000,1754878860000,1754875260000,1754878800000,60,60,0,1
R001534,235,BCH,BCH-USDT-SWAP,1754878894000,1754878800000,1754878860000,1754875260000,1754878800000,60,60,0,1
R001534,235,LINK,LINK-USDT-SWAP,1754878894000,1754878800000,1754878860000,1754875260000,1754878800000,60,60,0,1
R001535,236,ETH,ETH-USDT-SWAP,1754887911000,1754887800000,1754887860000,1754884260000,1754887800000,60,60,0,1
R001535,236,SOL,SOL-USDT-SWAP,1754887911000,1754887800000,1754887860000,1754884260000,1754887800000,60,60,0,1
R001535,236,XRP,XRP-USDT-SWAP,1754887911000,1754887800000,1754887860000,1754884260000,1754887800000,60,60,0,1
R001535,236,DOGE,DOGE-USDT-SWAP,1754887911000,1754887800000,1754887860000,1754884260000,1754887800000,60,60,0,1
R001535,236,ADA,ADA-USDT-SWAP,1754887911000,1754887800000,1754887860000,1754884260000,1754887800000,60,60,0,1
R001535,236,LTC,LTC-USDT-SWAP,1754887911000,1754887800000,1754887860000,1754884260000,1754887800000,60,60,0,1
R001535,236,BCH,BCH-USDT-SWAP,1754887911000,1754887800000,1754887860000,1754884260000,1754887800000,60,60,0,1
R001535,236,LINK,LINK-USDT-SWAP,1754887911000,1754887800000,1754887860000,1754884260000,1754887800000,60,60,0,1
R001536,237,ETH,ETH-USDT-SWAP,1754941945000,1754941860000,1754941920000,1754938320000,1754941860000,60,60,0,1
R001536,237,SOL,SOL-USDT-SWAP,1754941945000,1754941860000,1754941920000,1754938320000,1754941860000,60,60,0,1
R001536,237,XRP,XRP-USDT-SWAP,1754941945000,1754941860000,1754941920000,1754938320000,1754941860000,60,60,0,1
R001536,237,DOGE,DOGE-USDT-SWAP,1754941945000,1754941860000,1754941920000,1754938320000,1754941860000,60,60,0,1
R001536,237,ADA,ADA-USDT-SWAP,1754941945000,1754941860000,1754941920000,1754938320000,1754941860000,60,60,0,1
R001536,237,LTC,LTC-USDT-SWAP,1754941945000,1754941860000,1754941920000,1754938320000,1754941860000,60,60,0,1
R001536,237,BCH,BCH-USDT-SWAP,1754941945000,1754941860000,1754941920000,1754938320000,1754941860000,60,60,0,1
R001536,237,LINK,LINK-USDT-SWAP,1754941945000,1754941860000,1754941920000,1754938320000,1754941860000,60,60,0,1
R001538,238,ETH,ETH-USDT-SWAP,1754949231000,1754949120000,1754949180000,1754945580000,1754949120000,60,60,0,1
R001538,238,SOL,SOL-USDT-SWAP,1754949231000,1754949120000,1754949180000,1754945580000,1754949120000,60,60,0,1
R001538,238,XRP,XRP-USDT-SWAP,1754949231000,1754949120000,1754949180000,1754945580000,1754949120000,60,60,0,1
R001538,238,DOGE,DOGE-USDT-SWAP,1754949231000,1754949120000,1754949180000,1754945580000,1754949120000,60,60,0,1
R001538,238,ADA,ADA-USDT-SWAP,1754949231000,1754949120000,1754949180000,1754945580000,1754949120000,60,60,0,1
R001538,238,LTC,LTC-USDT-SWAP,1754949231000,1754949120000,1754949180000,1754945580000,1754949120000,60,60,0,1
R001538,238,BCH,BCH-USDT-SWAP,1754949231000,1754949120000,1754949180000,1754945580000,1754949120000,60,60,0,1
R001538,238,LINK,LINK-USDT-SWAP,1754949231000,1754949120000,1754949180000,1754945580000,1754949120000,60,60,0,1
R001541,239,ETH,ETH-USDT-SWAP,1755019755000,1755019680000,1755019740000,1755016140000,1755019680000,60,60,0,1
R001541,239,SOL,SOL-USDT-SWAP,1755019755000,1755019680000,1755019740000,1755016140000,1755019680000,60,60,0,1
R001541,239,XRP,XRP-USDT-SWAP,1755019755000,1755019680000,1755019740000,1755016140000,1755019680000,60,60,0,1
R001541,239,DOGE,DOGE-USDT-SWAP,1755019755000,1755019680000,1755019740000,1755016140000,1755019680000,60,60,0,1
R001541,239,ADA,ADA-USDT-SWAP,1755019755000,1755019680000,1755019740000,1755016140000,1755019680000,60,60,0,1
R001541,239,LTC,LTC-USDT-SWAP,1755019755000,1755019680000,1755019740000,1755016140000,1755019680000,60,60,0,1
R001541,239,BCH,BCH-USDT-SWAP,1755019755000,1755019680000,1755019740000,1755016140000,1755019680000,60,60,0,1
R001541,239,LINK,LINK-USDT-SWAP,1755019755000,1755019680000,1755019740000,1755016140000,1755019680000,60,60,0,1
R001543,240,ETH,ETH-USDT-SWAP,1755131895000,1755131820000,1755131880000,1755128280000,1755131820000,60,60,0,1
R001543,240,SOL,SOL-USDT-SWAP,1755131895000,1755131820000,1755131880000,1755128280000,1755131820000,60,60,0,1
R001543,240,XRP,XRP-USDT-SWAP,1755131895000,1755131820000,1755131880000,1755128280000,1755131820000,60,60,0,1
R001543,240,DOGE,DOGE-USDT-SWAP,1755131895000,1755131820000,1755131880000,1755128280000,1755131820000,60,60,0,1
R001543,240,ADA,ADA-USDT-SWAP,1755131895000,1755131820000,1755131880000,1755128280000,1755131820000,60,60,0,1
R001543,240,LTC,LTC-USDT-SWAP,1755131895000,1755131820000,1755131880000,1755128280000,1755131820000,60,60,0,1
R001543,240,BCH,BCH-USDT-SWAP,1755131895000,1755131820000,1755131880000,1755128280000,1755131820000,60,60,0,1
R001543,240,LINK,LINK-USDT-SWAP,1755131895000,1755131820000,1755131880000,1755128280000,1755131820000,60,60,0,1
R001544,241,ETH,ETH-USDT-SWAP,1755174602000,1755174540000,1755174600000,1755171000000,1755174540000,60,60,0,1
R001544,241,SOL,SOL-USDT-SWAP,1755174602000,1755174540000,1755174600000,1755171000000,1755174540000,60,60,0,1
R001544,241,XRP,XRP-USDT-SWAP,1755174602000,1755174540000,1755174600000,1755171000000,1755174540000,60,60,0,1
R001544,241,DOGE,DOGE-USDT-SWAP,1755174602000,1755174540000,1755174600000,1755171000000,1755174540000,60,60,0,1
R001544,241,ADA,ADA-USDT-SWAP,1755174602000,1755174540000,1755174600000,1755171000000,1755174540000,60,60,0,1
R001544,241,LTC,LTC-USDT-SWAP,1755174602000,1755174540000,1755174600000,1755171000000,1755174540000,60,60,0,1
R001544,241,BCH,BCH-USDT-SWAP,1755174602000,1755174540000,1755174600000,1755171000000,1755174540000,60,60,0,1
R001544,241,LINK,LINK-USDT-SWAP,1755174602000,1755174540000,1755174600000,1755171000000,1755174540000,60,60,0,1
R001551,242,ETH,ETH-USDT-SWAP,1755498157000,1755498060000,1755498120000,1755494520000,1755498060000,60,60,0,1
R001551,242,SOL,SOL-USDT-SWAP,1755498157000,1755498060000,1755498120000,1755494520000,1755498060000,60,60,0,1
R001551,242,XRP,XRP-USDT-SWAP,1755498157000,1755498060000,1755498120000,1755494520000,1755498060000,60,60,0,1
R001551,242,DOGE,DOGE-USDT-SWAP,1755498157000,1755498060000,1755498120000,1755494520000,1755498060000,60,60,0,1
R001551,242,ADA,ADA-USDT-SWAP,1755498157000,1755498060000,1755498120000,1755494520000,1755498060000,60,60,0,1
R001551,242,LTC,LTC-USDT-SWAP,1755498157000,1755498060000,1755498120000,1755494520000,1755498060000,60,60,0,1
R001551,242,BCH,BCH-USDT-SWAP,1755498157000,1755498060000,1755498120000,1755494520000,1755498060000,60,60,0,1
R001551,242,LINK,LINK-USDT-SWAP,1755498157000,1755498060000,1755498120000,1755494520000,1755498060000,60,60,0,1
R001554,243,ETH,ETH-USDT-SWAP,1755616461000,1755616380000,1755616440000,1755612840000,1755616380000,60,60,0,1
R001554,243,SOL,SOL-USDT-SWAP,1755616461000,1755616380000,1755616440000,1755612840000,1755616380000,60,60,0,1
R001554,243,XRP,XRP-USDT-SWAP,1755616461000,1755616380000,1755616440000,1755612840000,1755616380000,60,60,0,1
R001554,243,DOGE,DOGE-USDT-SWAP,1755616461000,1755616380000,1755616440000,1755612840000,1755616380000,60,60,0,1
R001554,243,ADA,ADA-USDT-SWAP,1755616461000,1755616380000,1755616440000,1755612840000,1755616380000,60,60,0,1
R001554,243,LTC,LTC-USDT-SWAP,1755616461000,1755616380000,1755616440000,1755612840000,1755616380000,60,60,0,1
R001554,243,BCH,BCH-USDT-SWAP,1755616461000,1755616380000,1755616440000,1755612840000,1755616380000,60,60,0,1
R001554,243,LINK,LINK-USDT-SWAP,1755616461000,1755616380000,1755616440000,1755612840000,1755616380000,60,60,0,1
R001555,244,ETH,ETH-USDT-SWAP,1755703009000,1755702900000,1755702960000,1755699360000,1755702900000,60,60,0,1
R001555,244,SOL,SOL-USDT-SWAP,1755703009000,1755702900000,1755702960000,1755699360000,1755702900000,60,60,0,1
R001555,244,XRP,XRP-USDT-SWAP,1755703009000,1755702900000,1755702960000,1755699360000,1755702900000,60,60,0,1
R001555,244,DOGE,DOGE-USDT-SWAP,1755703009000,1755702900000,1755702960000,1755699360000,1755702900000,60,60,0,1
R001555,244,ADA,ADA-USDT-SWAP,1755703009000,1755702900000,1755702960000,1755699360000,1755702900000,60,60,0,1
R001555,244,LTC,LTC-USDT-SWAP,1755703009000,1755702900000,1755702960000,1755699360000,1755702900000,60,60,0,1
R001555,244,BCH,BCH-USDT-SWAP,1755703009000,1755702900000,1755702960000,1755699360000,1755702900000,60,60,0,1
R001555,244,LINK,LINK-USDT-SWAP,1755703009000,1755702900000,1755702960000,1755699360000,1755702900000,60,60,0,1
R001558,245,ETH,ETH-USDT-SWAP,1755871205000,1755871140000,1755871200000,1755867600000,1755871140000,60,60,0,1
R001558,245,SOL,SOL-USDT-SWAP,1755871205000,1755871140000,1755871200000,1755867600000,1755871140000,60,60,0,1
R001558,245,XRP,XRP-USDT-SWAP,1755871205000,1755871140000,1755871200000,1755867600000,1755871140000,60,60,0,1
R001558,245,DOGE,DOGE-USDT-SWAP,1755871205000,1755871140000,1755871200000,1755867600000,1755871140000,60,60,0,1
R001558,245,ADA,ADA-USDT-SWAP,1755871205000,1755871140000,1755871200000,1755867600000,1755871140000,60,60,0,1
R001558,245,LTC,LTC-USDT-SWAP,1755871205000,1755871140000,1755871200000,1755867600000,1755871140000,60,60,0,1
R001558,245,BCH,BCH-USDT-SWAP,1755871205000,1755871140000,1755871200000,1755867600000,1755871140000,60,60,0,1
R001558,245,LINK,LINK-USDT-SWAP,1755871205000,1755871140000,1755871200000,1755867600000,1755871140000,60,60,0,1
R001565,246,ETH,ETH-USDT-SWAP,1756064056000,1756063980000,1756064040000,1756060440000,1756063980000,60,60,0,1
R001565,246,SOL,SOL-USDT-SWAP,1756064056000,1756063980000,1756064040000,1756060440000,1756063980000,60,60,0,1
R001565,246,XRP,XRP-USDT-SWAP,1756064056000,1756063980000,1756064040000,1756060440000,1756063980000,60,60,0,1
R001565,246,DOGE,DOGE-USDT-SWAP,1756064056000,1756063980000,1756064040000,1756060440000,1756063980000,60,60,0,1
R001565,246,ADA,ADA-USDT-SWAP,1756064056000,1756063980000,1756064040000,1756060440000,1756063980000,60,60,0,1
R001565,246,LTC,LTC-USDT-SWAP,1756064056000,1756063980000,1756064040000,1756060440000,1756063980000,60,60,0,1
R001565,246,BCH,BCH-USDT-SWAP,1756064056000,1756063980000,1756064040000,1756060440000,1756063980000,60,60,0,1
R001565,246,LINK,LINK-USDT-SWAP,1756064056000,1756063980000,1756064040000,1756060440000,1756063980000,60,60,0,1
R001567,247,ETH,ETH-USDT-SWAP,1756152020000,1756151940000,1756152000000,1756148400000,1756151940000,60,60,0,1
R001567,247,SOL,SOL-USDT-SWAP,1756152020000,1756151940000,1756152000000,1756148400000,1756151940000,60,60,0,1
R001567,247,XRP,XRP-USDT-SWAP,1756152020000,1756151940000,1756152000000,1756148400000,1756151940000,60,60,0,1
R001567,247,DOGE,DOGE-USDT-SWAP,1756152020000,1756151940000,1756152000000,1756148400000,1756151940000,60,60,0,1
R001567,247,ADA,ADA-USDT-SWAP,1756152020000,1756151940000,1756152000000,1756148400000,1756151940000,60,60,0,1
R001567,247,LTC,LTC-USDT-SWAP,1756152020000,1756151940000,1756152000000,1756148400000,1756151940000,60,60,0,1
R001567,247,BCH,BCH-USDT-SWAP,1756152020000,1756151940000,1756152000000,1756148400000,1756151940000,60,60,0,1
R001567,247,LINK,LINK-USDT-SWAP,1756152020000,1756151940000,1756152000000,1756148400000,1756151940000,60,60,0,1
R001568,248,ETH,ETH-USDT-SWAP,1756154044000,1756153980000,1756154040000,1756150440000,1756153980000,60,60,0,1
R001568,248,SOL,SOL-USDT-SWAP,1756154044000,1756153980000,1756154040000,1756150440000,1756153980000,60,60,0,1
R001568,248,XRP,XRP-USDT-SWAP,1756154044000,1756153980000,1756154040000,1756150440000,1756153980000,60,60,0,1
R001568,248,DOGE,DOGE-USDT-SWAP,1756154044000,1756153980000,1756154040000,1756150440000,1756153980000,60,60,0,1
R001568,248,ADA,ADA-USDT-SWAP,1756154044000,1756153980000,1756154040000,1756150440000,1756153980000,60,60,0,1
R001568,248,LTC,LTC-USDT-SWAP,1756154044000,1756153980000,1756154040000,1756150440000,1756153980000,60,60,0,1
R001568,248,BCH,BCH-USDT-SWAP,1756154044000,1756153980000,1756154040000,1756150440000,1756153980000,60,60,0,1
R001568,248,LINK,LINK-USDT-SWAP,1756154044000,1756153980000,1756154040000,1756150440000,1756153980000,60,60,0,1
R001569,249,ETH,ETH-USDT-SWAP,1756170078000,1756170000000,1756170060000,1756166460000,1756170000000,60,60,0,1
R001569,249,SOL,SOL-USDT-SWAP,1756170078000,1756170000000,1756170060000,1756166460000,1756170000000,60,60,0,1
R001569,249,XRP,XRP-USDT-SWAP,1756170078000,1756170000000,1756170060000,1756166460000,1756170000000,60,60,0,1
R001569,249,DOGE,DOGE-USDT-SWAP,1756170078000,1756170000000,1756170060000,1756166460000,1756170000000,60,60,0,1
R001569,249,ADA,ADA-USDT-SWAP,1756170078000,1756170000000,1756170060000,1756166460000,1756170000000,60,60,0,1
R001569,249,LTC,LTC-USDT-SWAP,1756170078000,1756170000000,1756170060000,1756166460000,1756170000000,60,60,0,1
R001569,249,BCH,BCH-USDT-SWAP,1756170078000,1756170000000,1756170060000,1756166460000,1756170000000,60,60,0,1
R001569,249,LINK,LINK-USDT-SWAP,1756170078000,1756170000000,1756170060000,1756166460000,1756170000000,60,60,0,1
R001571,250,ETH,ETH-USDT-SWAP,1756326061000,1756326000000,1756326060000,1756322460000,1756326000000,60,60,0,1
R001571,250,SOL,SOL-USDT-SWAP,1756326061000,1756326000000,1756326060000,1756322460000,1756326000000,60,60,0,1
R001571,250,XRP,XRP-USDT-SWAP,1756326061000,1756326000000,1756326060000,1756322460000,1756326000000,60,60,0,1
R001571,250,DOGE,DOGE-USDT-SWAP,1756326061000,1756326000000,1756326060000,1756322460000,1756326000000,60,60,0,1
R001571,250,ADA,ADA-USDT-SWAP,1756326061000,1756326000000,1756326060000,1756322460000,1756326000000,60,60,0,1
R001571,250,LTC,LTC-USDT-SWAP,1756326061000,1756326000000,1756326060000,1756322460000,1756326000000,60,60,0,1
R001571,250,BCH,BCH-USDT-SWAP,1756326061000,1756326000000,1756326060000,1756322460000,1756326000000,60,60,0,1
R001571,250,LINK,LINK-USDT-SWAP,1756326061000,1756326000000,1756326060000,1756322460000,1756326000000,60,60,0,1
R001578,251,ETH,ETH-USDT-SWAP,1756823479000,1756823400000,1756823460000,1756819860000,1756823400000,60,60,0,1
R001578,251,SOL,SOL-USDT-SWAP,1756823479000,1756823400000,1756823460000,1756819860000,1756823400000,60,60,0,1
R001578,251,XRP,XRP-USDT-SWAP,1756823479000,1756823400000,1756823460000,1756819860000,1756823400000,60,60,0,1
R001578,251,DOGE,DOGE-USDT-SWAP,1756823479000,1756823400000,1756823460000,1756819860000,1756823400000,60,60,0,1
R001578,251,ADA,ADA-USDT-SWAP,1756823479000,1756823400000,1756823460000,1756819860000,1756823400000,60,60,0,1
R001578,251,LTC,LTC-USDT-SWAP,1756823479000,1756823400000,1756823460000,1756819860000,1756823400000,60,60,0,1
R001578,251,BCH,BCH-USDT-SWAP,1756823479000,1756823400000,1756823460000,1756819860000,1756823400000,60,60,0,1
R001578,251,LINK,LINK-USDT-SWAP,1756823479000,1756823400000,1756823460000,1756819860000,1756823400000,60,60,0,1
R001580,252,ETH,ETH-USDT-SWAP,1757082181000,1757082120000,1757082180000,1757078580000,1757082120000,60,60,0,1
R001580,252,SOL,SOL-USDT-SWAP,1757082181000,1757082120000,1757082180000,1757078580000,1757082120000,60,60,0,1
R001580,252,XRP,XRP-USDT-SWAP,1757082181000,1757082120000,1757082180000,1757078580000,1757082120000,60,60,0,1
R001580,252,DOGE,DOGE-USDT-SWAP,1757082181000,1757082120000,1757082180000,1757078580000,1757082120000,60,60,0,1
R001580,252,ADA,ADA-USDT-SWAP,1757082181000,1757082120000,1757082180000,1757078580000,1757082120000,60,60,0,1
R001580,252,LTC,LTC-USDT-SWAP,1757082181000,1757082120000,1757082180000,1757078580000,1757082120000,60,60,0,1
R001580,252,BCH,BCH-USDT-SWAP,1757082181000,1757082120000,1757082180000,1757078580000,1757082120000,60,60,0,1
R001580,252,LINK,LINK-USDT-SWAP,1757082181000,1757082120000,1757082180000,1757078580000,1757082120000,60,60,0,1
R001581,253,ETH,ETH-USDT-SWAP,1757107007000,1757106900000,1757106960000,1757103360000,1757106900000,60,60,0,1
R001581,253,SOL,SOL-USDT-SWAP,1757107007000,1757106900000,1757106960000,1757103360000,1757106900000,60,60,0,1
R001581,253,XRP,XRP-USDT-SWAP,1757107007000,1757106900000,1757106960000,1757103360000,1757106900000,60,60,0,1
R001581,253,DOGE,DOGE-USDT-SWAP,1757107007000,1757106900000,1757106960000,1757103360000,1757106900000,60,60,0,1
R001581,253,ADA,ADA-USDT-SWAP,1757107007000,1757106900000,1757106960000,1757103360000,1757106900000,60,60,0,1
R001581,253,LTC,LTC-USDT-SWAP,1757107007000,1757106900000,1757106960000,1757103360000,1757106900000,60,60,0,1
R001581,253,BCH,BCH-USDT-SWAP,1757107007000,1757106900000,1757106960000,1757103360000,1757106900000,60,60,0,1
R001581,253,LINK,LINK-USDT-SWAP,1757107007000,1757106900000,1757106960000,1757103360000,1757106900000,60,60,0,1
R001584,254,ETH,ETH-USDT-SWAP,1757232276000,1757232180000,1757232240000,1757228640000,1757232180000,60,60,0,1
R001584,254,SOL,SOL-USDT-SWAP,1757232276000,1757232180000,1757232240000,1757228640000,1757232180000,60,60,0,1
R001584,254,XRP,XRP-USDT-SWAP,1757232276000,1757232180000,1757232240000,1757228640000,1757232180000,60,60,0,1
R001584,254,DOGE,DOGE-USDT-SWAP,1757232276000,1757232180000,1757232240000,1757228640000,1757232180000,60,60,0,1
R001584,254,ADA,ADA-USDT-SWAP,1757232276000,1757232180000,1757232240000,1757228640000,1757232180000,60,60,0,1
R001584,254,LTC,LTC-USDT-SWAP,1757232276000,1757232180000,1757232240000,1757228640000,1757232180000,60,60,0,1
R001584,254,BCH,BCH-USDT-SWAP,1757232276000,1757232180000,1757232240000,1757228640000,1757232180000,60,60,0,1
R001584,254,LINK,LINK-USDT-SWAP,1757232276000,1757232180000,1757232240000,1757228640000,1757232180000,60,60,0,1
R001585,255,ETH,ETH-USDT-SWAP,1757322518000,1757322420000,1757322480000,1757318880000,1757322420000,60,60,0,1
R001585,255,SOL,SOL-USDT-SWAP,1757322518000,1757322420000,1757322480000,1757318880000,1757322420000,60,60,0,1
R001585,255,XRP,XRP-USDT-SWAP,1757322518000,1757322420000,1757322480000,1757318880000,1757322420000,60,60,0,1
R001585,255,DOGE,DOGE-USDT-SWAP,1757322518000,1757322420000,1757322480000,1757318880000,1757322420000,60,60,0,1
R001585,255,ADA,ADA-USDT-SWAP,1757322518000,1757322420000,1757322480000,1757318880000,1757322420000,60,60,0,1
R001585,255,LTC,LTC-USDT-SWAP,1757322518000,1757322420000,1757322480000,1757318880000,1757322420000,60,60,0,1
R001585,255,BCH,BCH-USDT-SWAP,1757322518000,1757322420000,1757322480000,1757318880000,1757322420000,60,60,0,1
R001585,255,LINK,LINK-USDT-SWAP,1757322518000,1757322420000,1757322480000,1757318880000,1757322420000,60,60,0,1
R001586,256,ETH,ETH-USDT-SWAP,1757426746000,1757426640000,1757426700000,1757423100000,1757426640000,60,60,0,1
R001586,256,SOL,SOL-USDT-SWAP,1757426746000,1757426640000,1757426700000,1757423100000,1757426640000,60,60,0,1
R001586,256,XRP,XRP-USDT-SWAP,1757426746000,1757426640000,1757426700000,1757423100000,1757426640000,60,60,0,1
R001586,256,DOGE,DOGE-USDT-SWAP,1757426746000,1757426640000,1757426700000,1757423100000,1757426640000,60,60,0,1
R001586,256,ADA,ADA-USDT-SWAP,1757426746000,1757426640000,1757426700000,1757423100000,1757426640000,60,60,0,1
R001586,256,LTC,LTC-USDT-SWAP,1757426746000,1757426640000,1757426700000,1757423100000,1757426640000,60,60,0,1
R001586,256,BCH,BCH-USDT-SWAP,1757426746000,1757426640000,1757426700000,1757423100000,1757426640000,60,60,0,1
R001586,256,LINK,LINK-USDT-SWAP,1757426746000,1757426640000,1757426700000,1757423100000,1757426640000,60,60,0,1
R001587,257,ETH,ETH-USDT-SWAP,1757507402000,1757507340000,1757507400000,1757503800000,1757507340000,60,60,0,1
R001587,257,SOL,SOL-USDT-SWAP,1757507402000,1757507340000,1757507400000,1757503800000,1757507340000,60,60,0,1
R001587,257,XRP,XRP-USDT-SWAP,1757507402000,1757507340000,1757507400000,1757503800000,1757507340000,60,60,0,1
R001587,257,DOGE,DOGE-USDT-SWAP,1757507402000,1757507340000,1757507400000,1757503800000,1757507340000,60,60,0,1
R001587,257,ADA,ADA-USDT-SWAP,1757507402000,1757507340000,1757507400000,1757503800000,1757507340000,60,60,0,1
R001587,257,LTC,LTC-USDT-SWAP,1757507402000,1757507340000,1757507400000,1757503800000,1757507340000,60,60,0,1
R001587,257,BCH,BCH-USDT-SWAP,1757507402000,1757507340000,1757507400000,1757503800000,1757507340000,60,60,0,1
R001587,257,LINK,LINK-USDT-SWAP,1757507402000,1757507340000,1757507400000,1757503800000,1757507340000,60,60,0,1
R001589,258,ETH,ETH-USDT-SWAP,1757593803000,1757593740000,1757593800000,1757590200000,1757593740000,60,60,0,1
R001589,258,SOL,SOL-USDT-SWAP,1757593803000,1757593740000,1757593800000,1757590200000,1757593740000,60,60,0,1
R001589,258,XRP,XRP-USDT-SWAP,1757593803000,1757593740000,1757593800000,1757590200000,1757593740000,60,60,0,1
R001589,258,DOGE,DOGE-USDT-SWAP,1757593803000,1757593740000,1757593800000,1757590200000,1757593740000,60,60,0,1
R001589,258,ADA,ADA-USDT-SWAP,1757593803000,1757593740000,1757593800000,1757590200000,1757593740000,60,60,0,1
R001589,258,LTC,LTC-USDT-SWAP,1757593803000,1757593740000,1757593800000,1757590200000,1757593740000,60,60,0,1
R001589,258,BCH,BCH-USDT-SWAP,1757593803000,1757593740000,1757593800000,1757590200000,1757593740000,60,60,0,1
R001589,258,LINK,LINK-USDT-SWAP,1757593803000,1757593740000,1757593800000,1757590200000,1757593740000,60,60,0,1
R001591,259,ETH,ETH-USDT-SWAP,1757640282000,1757640180000,1757640240000,1757636640000,1757640180000,60,60,0,1
R001591,259,SOL,SOL-USDT-SWAP,1757640282000,1757640180000,1757640240000,1757636640000,1757640180000,60,60,0,1
R001591,259,XRP,XRP-USDT-SWAP,1757640282000,1757640180000,1757640240000,1757636640000,1757640180000,60,60,0,1
R001591,259,DOGE,DOGE-USDT-SWAP,1757640282000,1757640180000,1757640240000,1757636640000,1757640180000,60,60,0,1
R001591,259,ADA,ADA-USDT-SWAP,1757640282000,1757640180000,1757640240000,1757636640000,1757640180000,60,60,0,1
R001591,259,LTC,LTC-USDT-SWAP,1757640282000,1757640180000,1757640240000,1757636640000,1757640180000,60,60,0,1
R001591,259,BCH,BCH-USDT-SWAP,1757640282000,1757640180000,1757640240000,1757636640000,1757640180000,60,60,0,1
R001591,259,LINK,LINK-USDT-SWAP,1757640282000,1757640180000,1757640240000,1757636640000,1757640180000,60,60,0,1
R001596,260,ETH,ETH-USDT-SWAP,1757781825000,1757781720000,1757781780000,1757778180000,1757781720000,60,60,0,1
R001596,260,SOL,SOL-USDT-SWAP,1757781825000,1757781720000,1757781780000,1757778180000,1757781720000,60,60,0,1
R001596,260,XRP,XRP-USDT-SWAP,1757781825000,1757781720000,1757781780000,1757778180000,1757781720000,60,60,0,1
R001596,260,DOGE,DOGE-USDT-SWAP,1757781825000,1757781720000,1757781780000,1757778180000,1757781720000,60,60,0,1
R001596,260,ADA,ADA-USDT-SWAP,1757781825000,1757781720000,1757781780000,1757778180000,1757781720000,60,60,0,1
R001596,260,LTC,LTC-USDT-SWAP,1757781825000,1757781720000,1757781780000,1757778180000,1757781720000,60,60,0,1
R001596,260,BCH,BCH-USDT-SWAP,1757781825000,1757781720000,1757781780000,1757778180000,1757781720000,60,60,0,1
R001596,260,LINK,LINK-USDT-SWAP,1757781825000,1757781720000,1757781780000,1757778180000,1757781720000,60,60,0,1
R001599,261,ETH,ETH-USDT-SWAP,1757910258000,1757910180000,1757910240000,1757906640000,1757910180000,60,60,0,1
R001599,261,SOL,SOL-USDT-SWAP,1757910258000,1757910180000,1757910240000,1757906640000,1757910180000,60,60,0,1
R001599,261,XRP,XRP-USDT-SWAP,1757910258000,1757910180000,1757910240000,1757906640000,1757910180000,60,60,0,1
R001599,261,DOGE,DOGE-USDT-SWAP,1757910258000,1757910180000,1757910240000,1757906640000,1757910180000,60,60,0,1
R001599,261,ADA,ADA-USDT-SWAP,1757910258000,1757910180000,1757910240000,1757906640000,1757910180000,60,60,0,1
R001599,261,LTC,LTC-USDT-SWAP,1757910258000,1757910180000,1757910240000,1757906640000,1757910180000,60,60,0,1
R001599,261,BCH,BCH-USDT-SWAP,1757910258000,1757910180000,1757910240000,1757906640000,1757910180000,60,60,0,1
R001599,261,LINK,LINK-USDT-SWAP,1757910258000,1757910180000,1757910240000,1757906640000,1757910180000,60,60,0,1
R001603,262,ETH,ETH-USDT-SWAP,1758087914000,1758087840000,1758087900000,1758084300000,1758087840000,60,60,0,1
R001603,262,SOL,SOL-USDT-SWAP,1758087914000,1758087840000,1758087900000,1758084300000,1758087840000,60,60,0,1
R001603,262,XRP,XRP-USDT-SWAP,1758087914000,1758087840000,1758087900000,1758084300000,1758087840000,60,60,0,1
R001603,262,DOGE,DOGE-USDT-SWAP,1758087914000,1758087840000,1758087900000,1758084300000,1758087840000,60,60,0,1
R001603,262,ADA,ADA-USDT-SWAP,1758087914000,1758087840000,1758087900000,1758084300000,1758087840000,60,60,0,1
R001603,262,LTC,LTC-USDT-SWAP,1758087914000,1758087840000,1758087900000,1758084300000,1758087840000,60,60,0,1
R001603,262,BCH,BCH-USDT-SWAP,1758087914000,1758087840000,1758087900000,1758084300000,1758087840000,60,60,0,1
R001603,262,LINK,LINK-USDT-SWAP,1758087914000,1758087840000,1758087900000,1758084300000,1758087840000,60,60,0,1
R001608,263,ETH,ETH-USDT-SWAP,1758204054000,1758203940000,1758204000000,1758200400000,1758203940000,60,60,0,1
R001608,263,SOL,SOL-USDT-SWAP,1758204054000,1758203940000,1758204000000,1758200400000,1758203940000,60,60,0,1
R001608,263,XRP,XRP-USDT-SWAP,1758204054000,1758203940000,1758204000000,1758200400000,1758203940000,60,60,0,1
R001608,263,DOGE,DOGE-USDT-SWAP,1758204054000,1758203940000,1758204000000,1758200400000,1758203940000,60,60,0,1
R001608,263,ADA,ADA-USDT-SWAP,1758204054000,1758203940000,1758204000000,1758200400000,1758203940000,60,60,0,1
R001608,263,LTC,LTC-USDT-SWAP,1758204054000,1758203940000,1758204000000,1758200400000,1758203940000,60,60,0,1
R001608,263,BCH,BCH-USDT-SWAP,1758204054000,1758203940000,1758204000000,1758200400000,1758203940000,60,60,0,1
R001608,263,LINK,LINK-USDT-SWAP,1758204054000,1758203940000,1758204000000,1758200400000,1758203940000,60,60,0,1
R001610,264,ETH,ETH-USDT-SWAP,1758236629000,1758236520000,1758236580000,1758232980000,1758236520000,60,60,0,1
R001610,264,SOL,SOL-USDT-SWAP,1758236629000,1758236520000,1758236580000,1758232980000,1758236520000,60,60,0,1
R001610,264,XRP,XRP-USDT-SWAP,1758236629000,1758236520000,1758236580000,1758232980000,1758236520000,60,60,0,1
R001610,264,DOGE,DOGE-USDT-SWAP,1758236629000,1758236520000,1758236580000,1758232980000,1758236520000,60,60,0,1
R001610,264,ADA,ADA-USDT-SWAP,1758236629000,1758236520000,1758236580000,1758232980000,1758236520000,60,60,0,1
R001610,264,LTC,LTC-USDT-SWAP,1758236629000,1758236520000,1758236580000,1758232980000,1758236520000,60,60,0,1
R001610,264,BCH,BCH-USDT-SWAP,1758236629000,1758236520000,1758236580000,1758232980000,1758236520000,60,60,0,1
R001610,264,LINK,LINK-USDT-SWAP,1758236629000,1758236520000,1758236580000,1758232980000,1758236520000,60,60,0,1
R001614,265,ETH,ETH-USDT-SWAP,1758522519000,1758522420000,1758522480000,1758518880000,1758522420000,60,60,0,1
R001614,265,SOL,SOL-USDT-SWAP,1758522519000,1758522420000,1758522480000,1758518880000,1758522420000,60,60,0,1
R001614,265,XRP,XRP-USDT-SWAP,1758522519000,1758522420000,1758522480000,1758518880000,1758522420000,60,60,0,1
R001614,265,DOGE,DOGE-USDT-SWAP,1758522519000,1758522420000,1758522480000,1758518880000,1758522420000,60,60,0,1
R001614,265,ADA,ADA-USDT-SWAP,1758522519000,1758522420000,1758522480000,1758518880000,1758522420000,60,60,0,1
R001614,265,LTC,LTC-USDT-SWAP,1758522519000,1758522420000,1758522480000,1758518880000,1758522420000,60,60,0,1
R001614,265,BCH,BCH-USDT-SWAP,1758522519000,1758522420000,1758522480000,1758518880000,1758522420000,60,60,0,1
R001614,265,LINK,LINK-USDT-SWAP,1758522519000,1758522420000,1758522480000,1758518880000,1758522420000,60,60,0,1
R001615,266,ETH,ETH-USDT-SWAP,1758527413000,1758527340000,1758527400000,1758523800000,1758527340000,60,60,0,1
R001615,266,SOL,SOL-USDT-SWAP,1758527413000,1758527340000,1758527400000,1758523800000,1758527340000,60,60,0,1
R001615,266,XRP,XRP-USDT-SWAP,1758527413000,1758527340000,1758527400000,1758523800000,1758527340000,60,60,0,1
R001615,266,DOGE,DOGE-USDT-SWAP,1758527413000,1758527340000,1758527400000,1758523800000,1758527340000,60,60,0,1
R001615,266,ADA,ADA-USDT-SWAP,1758527413000,1758527340000,1758527400000,1758523800000,1758527340000,60,60,0,1
R001615,266,LTC,LTC-USDT-SWAP,1758527413000,1758527340000,1758527400000,1758523800000,1758527340000,60,60,0,1
R001615,266,BCH,BCH-USDT-SWAP,1758527413000,1758527340000,1758527400000,1758523800000,1758527340000,60,60,0,1
R001615,266,LINK,LINK-USDT-SWAP,1758527413000,1758527340000,1758527400000,1758523800000,1758527340000,60,60,0,1
R001630,267,ETH,ETH-USDT-SWAP,1759153378000,1759153260000,1759153320000,1759149720000,1759153260000,60,60,0,1
R001630,267,SOL,SOL-USDT-SWAP,1759153378000,1759153260000,1759153320000,1759149720000,1759153260000,60,60,0,1
R001630,267,XRP,XRP-USDT-SWAP,1759153378000,1759153260000,1759153320000,1759149720000,1759153260000,60,60,0,1
R001630,267,DOGE,DOGE-USDT-SWAP,1759153378000,1759153260000,1759153320000,1759149720000,1759153260000,60,60,0,1
R001630,267,ADA,ADA-USDT-SWAP,1759153378000,1759153260000,1759153320000,1759149720000,1759153260000,60,60,0,1
R001630,267,LTC,LTC-USDT-SWAP,1759153378000,1759153260000,1759153320000,1759149720000,1759153260000,60,60,0,1
R001630,267,BCH,BCH-USDT-SWAP,1759153378000,1759153260000,1759153320000,1759149720000,1759153260000,60,60,0,1
R001630,267,LINK,LINK-USDT-SWAP,1759153378000,1759153260000,1759153320000,1759149720000,1759153260000,60,60,0,1
R001638,268,ETH,ETH-USDT-SWAP,1759507253000,1759507140000,1759507200000,1759503600000,1759507140000,60,60,0,1
R001638,268,SOL,SOL-USDT-SWAP,1759507253000,1759507140000,1759507200000,1759503600000,1759507140000,60,60,0,1
R001638,268,XRP,XRP-USDT-SWAP,1759507253000,1759507140000,1759507200000,1759503600000,1759507140000,60,60,0,1
R001638,268,DOGE,DOGE-USDT-SWAP,1759507253000,1759507140000,1759507200000,1759503600000,1759507140000,60,60,0,1
R001638,268,ADA,ADA-USDT-SWAP,1759507253000,1759507140000,1759507200000,1759503600000,1759507140000,60,60,0,1
R001638,268,LTC,LTC-USDT-SWAP,1759507253000,1759507140000,1759507200000,1759503600000,1759507140000,60,60,0,1
R001638,268,BCH,BCH-USDT-SWAP,1759507253000,1759507140000,1759507200000,1759503600000,1759507140000,60,60,0,1
R001638,268,LINK,LINK-USDT-SWAP,1759507253000,1759507140000,1759507200000,1759503600000,1759507140000,60,60,0,1
R001641,269,ETH,ETH-USDT-SWAP,1759631445000,1759631340000,1759631400000,1759627800000,1759631340000,60,60,0,1
R001641,269,SOL,SOL-USDT-SWAP,1759631445000,1759631340000,1759631400000,1759627800000,1759631340000,60,60,0,1
R001641,269,XRP,XRP-USDT-SWAP,1759631445000,1759631340000,1759631400000,1759627800000,1759631340000,60,60,0,1
R001641,269,DOGE,DOGE-USDT-SWAP,1759631445000,1759631340000,1759631400000,1759627800000,1759631340000,60,60,0,1
R001641,269,ADA,ADA-USDT-SWAP,1759631445000,1759631340000,1759631400000,1759627800000,1759631340000,60,60,0,1
R001641,269,LTC,LTC-USDT-SWAP,1759631445000,1759631340000,1759631400000,1759627800000,1759631340000,60,60,0,1
R001641,269,BCH,BCH-USDT-SWAP,1759631445000,1759631340000,1759631400000,1759627800000,1759631340000,60,60,0,1
R001641,269,LINK,LINK-USDT-SWAP,1759631445000,1759631340000,1759631400000,1759627800000,1759631340000,60,60,0,1
R001642,270,ETH,ETH-USDT-SWAP,1759639553000,1759639440000,1759639500000,1759635900000,1759639440000,60,60,0,1
R001642,270,SOL,SOL-USDT-SWAP,1759639553000,1759639440000,1759639500000,1759635900000,1759639440000,60,60,0,1
R001642,270,XRP,XRP-USDT-SWAP,1759639553000,1759639440000,1759639500000,1759635900000,1759639440000,60,60,0,1
R001642,270,DOGE,DOGE-USDT-SWAP,1759639553000,1759639440000,1759639500000,1759635900000,1759639440000,60,60,0,1
R001642,270,ADA,ADA-USDT-SWAP,1759639553000,1759639440000,1759639500000,1759635900000,1759639440000,60,60,0,1
R001642,270,LTC,LTC-USDT-SWAP,1759639553000,1759639440000,1759639500000,1759635900000,1759639440000,60,60,0,1
R001642,270,BCH,BCH-USDT-SWAP,1759639553000,1759639440000,1759639500000,1759635900000,1759639440000,60,60,0,1
R001642,270,LINK,LINK-USDT-SWAP,1759639553000,1759639440000,1759639500000,1759635900000,1759639440000,60,60,0,1
R001643,271,ETH,ETH-USDT-SWAP,1759656621000,1759656540000,1759656600000,1759653000000,1759656540000,60,60,0,1
R001643,271,SOL,SOL-USDT-SWAP,1759656621000,1759656540000,1759656600000,1759653000000,1759656540000,60,60,0,1
R001643,271,XRP,XRP-USDT-SWAP,1759656621000,1759656540000,1759656600000,1759653000000,1759656540000,60,60,0,1
R001643,271,DOGE,DOGE-USDT-SWAP,1759656621000,1759656540000,1759656600000,1759653000000,1759656540000,60,60,0,1
R001643,271,ADA,ADA-USDT-SWAP,1759656621000,1759656540000,1759656600000,1759653000000,1759656540000,60,60,0,1
R001643,271,LTC,LTC-USDT-SWAP,1759656621000,1759656540000,1759656600000,1759653000000,1759656540000,60,60,0,1
R001643,271,BCH,BCH-USDT-SWAP,1759656621000,1759656540000,1759656600000,1759653000000,1759656540000,60,60,0,1
R001643,271,LINK,LINK-USDT-SWAP,1759656621000,1759656540000,1759656600000,1759653000000,1759656540000,60,60,0,1
R001645,272,ETH,ETH-USDT-SWAP,1759750174000,1759750080000,1759750140000,1759746540000,1759750080000,60,60,0,1
R001645,272,SOL,SOL-USDT-SWAP,1759750174000,1759750080000,1759750140000,1759746540000,1759750080000,60,60,0,1
R001645,272,XRP,XRP-USDT-SWAP,1759750174000,1759750080000,1759750140000,1759746540000,1759750080000,60,60,0,1
R001645,272,DOGE,DOGE-USDT-SWAP,1759750174000,1759750080000,1759750140000,1759746540000,1759750080000,60,60,0,1
R001645,272,ADA,ADA-USDT-SWAP,1759750174000,1759750080000,1759750140000,1759746540000,1759750080000,60,60,0,1
R001645,272,LTC,LTC-USDT-SWAP,1759750174000,1759750080000,1759750140000,1759746540000,1759750080000,60,60,0,1
R001645,272,BCH,BCH-USDT-SWAP,1759750174000,1759750080000,1759750140000,1759746540000,1759750080000,60,60,0,1
R001645,272,LINK,LINK-USDT-SWAP,1759750174000,1759750080000,1759750140000,1759746540000,1759750080000,60,60,0,1
R001647,273,ETH,ETH-USDT-SWAP,1759777003000,1759776900000,1759776960000,1759773360000,1759776900000,60,60,0,1
R001647,273,SOL,SOL-USDT-SWAP,1759777003000,1759776900000,1759776960000,1759773360000,1759776900000,60,60,0,1
R001647,273,XRP,XRP-USDT-SWAP,1759777003000,1759776900000,1759776960000,1759773360000,1759776900000,60,60,0,1
R001647,273,DOGE,DOGE-USDT-SWAP,1759777003000,1759776900000,1759776960000,1759773360000,1759776900000,60,60,0,1
R001647,273,ADA,ADA-USDT-SWAP,1759777003000,1759776900000,1759776960000,1759773360000,1759776900000,60,60,0,1
R001647,273,LTC,LTC-USDT-SWAP,1759777003000,1759776900000,1759776960000,1759773360000,1759776900000,60,60,0,1
R001647,273,BCH,BCH-USDT-SWAP,1759777003000,1759776900000,1759776960000,1759773360000,1759776900000,60,60,0,1
R001647,273,LINK,LINK-USDT-SWAP,1759777003000,1759776900000,1759776960000,1759773360000,1759776900000,60,60,0,1
R001650,274,ETH,ETH-USDT-SWAP,1759854254000,1759854180000,1759854240000,1759850640000,1759854180000,60,60,0,1
R001650,274,SOL,SOL-USDT-SWAP,1759854254000,1759854180000,1759854240000,1759850640000,1759854180000,60,60,0,1
R001650,274,XRP,XRP-USDT-SWAP,1759854254000,1759854180000,1759854240000,1759850640000,1759854180000,60,60,0,1
R001650,274,DOGE,DOGE-USDT-SWAP,1759854254000,1759854180000,1759854240000,1759850640000,1759854180000,60,60,0,1
R001650,274,ADA,ADA-USDT-SWAP,1759854254000,1759854180000,1759854240000,1759850640000,1759854180000,60,60,0,1
R001650,274,LTC,LTC-USDT-SWAP,1759854254000,1759854180000,1759854240000,1759850640000,1759854180000,60,60,0,1
R001650,274,BCH,BCH-USDT-SWAP,1759854254000,1759854180000,1759854240000,1759850640000,1759854180000,60,60,0,1
R001650,274,LINK,LINK-USDT-SWAP,1759854254000,1759854180000,1759854240000,1759850640000,1759854180000,60,60,0,1
R001653,275,ETH,ETH-USDT-SWAP,1760027026000,1760026920000,1760026980000,1760023380000,1760026920000,60,60,0,1
R001653,275,SOL,SOL-USDT-SWAP,1760027026000,1760026920000,1760026980000,1760023380000,1760026920000,60,60,0,1
R001653,275,XRP,XRP-USDT-SWAP,1760027026000,1760026920000,1760026980000,1760023380000,1760026920000,60,60,0,1
R001653,275,DOGE,DOGE-USDT-SWAP,1760027026000,1760026920000,1760026980000,1760023380000,1760026920000,60,60,0,1
R001653,275,ADA,ADA-USDT-SWAP,1760027026000,1760026920000,1760026980000,1760023380000,1760026920000,60,60,0,1
R001653,275,LTC,LTC-USDT-SWAP,1760027026000,1760026920000,1760026980000,1760023380000,1760026920000,60,60,0,1
R001653,275,BCH,BCH-USDT-SWAP,1760027026000,1760026920000,1760026980000,1760023380000,1760026920000,60,60,0,1
R001653,275,LINK,LINK-USDT-SWAP,1760027026000,1760026920000,1760026980000,1760023380000,1760026920000,60,60,0,1
R001663,276,ETH,ETH-USDT-SWAP,1760148812000,1760148720000,1760148780000,1760145180000,1760148720000,60,60,0,1
R001663,276,SOL,SOL-USDT-SWAP,1760148812000,1760148720000,1760148780000,1760145180000,1760148720000,60,60,0,1
R001663,276,XRP,XRP-USDT-SWAP,1760148812000,1760148720000,1760148780000,1760145180000,1760148720000,60,60,0,1
R001663,276,DOGE,DOGE-USDT-SWAP,1760148812000,1760148720000,1760148780000,1760145180000,1760148720000,60,60,0,1
R001663,276,ADA,ADA-USDT-SWAP,1760148812000,1760148720000,1760148780000,1760145180000,1760148720000,60,60,0,1
R001663,276,LTC,LTC-USDT-SWAP,1760148812000,1760148720000,1760148780000,1760145180000,1760148720000,60,60,0,1
R001663,276,BCH,BCH-USDT-SWAP,1760148812000,1760148720000,1760148780000,1760145180000,1760148720000,60,60,0,1
R001663,276,LINK,LINK-USDT-SWAP,1760148812000,1760148720000,1760148780000,1760145180000,1760148720000,60,60,0,1
R001665,277,ETH,ETH-USDT-SWAP,1760166546000,1760166480000,1760166540000,1760162940000,1760166480000,60,60,0,1
R001665,277,SOL,SOL-USDT-SWAP,1760166546000,1760166480000,1760166540000,1760162940000,1760166480000,60,60,0,1
R001665,277,XRP,XRP-USDT-SWAP,1760166546000,1760166480000,1760166540000,1760162940000,1760166480000,60,60,0,1
R001665,277,DOGE,DOGE-USDT-SWAP,1760166546000,1760166480000,1760166540000,1760162940000,1760166480000,60,60,0,1
R001665,277,ADA,ADA-USDT-SWAP,1760166546000,1760166480000,1760166540000,1760162940000,1760166480000,60,60,0,1
R001665,277,LTC,LTC-USDT-SWAP,1760166546000,1760166480000,1760166540000,1760162940000,1760166480000,60,60,0,1
R001665,277,BCH,BCH-USDT-SWAP,1760166546000,1760166480000,1760166540000,1760162940000,1760166480000,60,60,0,1
R001665,277,LINK,LINK-USDT-SWAP,1760166546000,1760166480000,1760166540000,1760162940000,1760166480000,60,60,0,1
R001666,278,ETH,ETH-USDT-SWAP,1760167635000,1760167560000,1760167620000,1760164020000,1760167560000,60,60,0,1
R001666,278,SOL,SOL-USDT-SWAP,1760167635000,1760167560000,1760167620000,1760164020000,1760167560000,60,60,0,1
R001666,278,XRP,XRP-USDT-SWAP,1760167635000,1760167560000,1760167620000,1760164020000,1760167560000,60,60,0,1
R001666,278,DOGE,DOGE-USDT-SWAP,1760167635000,1760167560000,1760167620000,1760164020000,1760167560000,60,60,0,1
R001666,278,ADA,ADA-USDT-SWAP,1760167635000,1760167560000,1760167620000,1760164020000,1760167560000,60,60,0,1
R001666,278,LTC,LTC-USDT-SWAP,1760167635000,1760167560000,1760167620000,1760164020000,1760167560000,60,60,0,1
R001666,278,BCH,BCH-USDT-SWAP,1760167635000,1760167560000,1760167620000,1760164020000,1760167560000,60,60,0,1
R001666,278,LINK,LINK-USDT-SWAP,1760167635000,1760167560000,1760167620000,1760164020000,1760167560000,60,60,0,1
R001669,279,ETH,ETH-USDT-SWAP,1760215617000,1760215500000,1760215560000,1760211960000,1760215500000,60,60,0,1
R001669,279,SOL,SOL-USDT-SWAP,1760215617000,1760215500000,1760215560000,1760211960000,1760215500000,60,60,0,1
R001669,279,XRP,XRP-USDT-SWAP,1760215617000,1760215500000,1760215560000,1760211960000,1760215500000,60,60,0,1
R001669,279,DOGE,DOGE-USDT-SWAP,1760215617000,1760215500000,1760215560000,1760211960000,1760215500000,60,60,0,1
R001669,279,ADA,ADA-USDT-SWAP,1760215617000,1760215500000,1760215560000,1760211960000,1760215500000,60,60,0,1
R001669,279,LTC,LTC-USDT-SWAP,1760215617000,1760215500000,1760215560000,1760211960000,1760215500000,60,60,0,1
R001669,279,BCH,BCH-USDT-SWAP,1760215617000,1760215500000,1760215560000,1760211960000,1760215500000,60,60,0,1
R001669,279,LINK,LINK-USDT-SWAP,1760215617000,1760215500000,1760215560000,1760211960000,1760215500000,60,60,0,1
R001670,280,ETH,ETH-USDT-SWAP,1760235204000,1760235120000,1760235180000,1760231580000,1760235120000,60,60,0,1
R001670,280,SOL,SOL-USDT-SWAP,1760235204000,1760235120000,1760235180000,1760231580000,1760235120000,60,60,0,1
R001670,280,XRP,XRP-USDT-SWAP,1760235204000,1760235120000,1760235180000,1760231580000,1760235120000,60,60,0,1
R001670,280,DOGE,DOGE-USDT-SWAP,1760235204000,1760235120000,1760235180000,1760231580000,1760235120000,60,60,0,1
R001670,280,ADA,ADA-USDT-SWAP,1760235204000,1760235120000,1760235180000,1760231580000,1760235120000,60,60,0,1
R001670,280,LTC,LTC-USDT-SWAP,1760235204000,1760235120000,1760235180000,1760231580000,1760235120000,60,60,0,1
R001670,280,BCH,BCH-USDT-SWAP,1760235204000,1760235120000,1760235180000,1760231580000,1760235120000,60,60,0,1
R001670,280,LINK,LINK-USDT-SWAP,1760235204000,1760235120000,1760235180000,1760231580000,1760235120000,60,60,0,1
R001671,281,ETH,ETH-USDT-SWAP,1760238591000,1760238480000,1760238540000,1760234940000,1760238480000,60,60,0,1
R001671,281,SOL,SOL-USDT-SWAP,1760238591000,1760238480000,1760238540000,1760234940000,1760238480000,60,60,0,1
R001671,281,XRP,XRP-USDT-SWAP,1760238591000,1760238480000,1760238540000,1760234940000,1760238480000,60,60,0,1
R001671,281,DOGE,DOGE-USDT-SWAP,1760238591000,1760238480000,1760238540000,1760234940000,1760238480000,60,60,0,1
R001671,281,ADA,ADA-USDT-SWAP,1760238591000,1760238480000,1760238540000,1760234940000,1760238480000,60,60,0,1
R001671,281,LTC,LTC-USDT-SWAP,1760238591000,1760238480000,1760238540000,1760234940000,1760238480000,60,60,0,1
R001671,281,BCH,BCH-USDT-SWAP,1760238591000,1760238480000,1760238540000,1760234940000,1760238480000,60,60,0,1
R001671,281,LINK,LINK-USDT-SWAP,1760238591000,1760238480000,1760238540000,1760234940000,1760238480000,60,60,0,1
R001672,282,ETH,ETH-USDT-SWAP,1760239729000,1760239620000,1760239680000,1760236080000,1760239620000,60,60,0,1
R001672,282,SOL,SOL-USDT-SWAP,1760239729000,1760239620000,1760239680000,1760236080000,1760239620000,60,60,0,1
R001672,282,XRP,XRP-USDT-SWAP,1760239729000,1760239620000,1760239680000,1760236080000,1760239620000,60,60,0,1
R001672,282,DOGE,DOGE-USDT-SWAP,1760239729000,1760239620000,1760239680000,1760236080000,1760239620000,60,60,0,1
R001672,282,ADA,ADA-USDT-SWAP,1760239729000,1760239620000,1760239680000,1760236080000,1760239620000,60,60,0,1
R001672,282,LTC,LTC-USDT-SWAP,1760239729000,1760239620000,1760239680000,1760236080000,1760239620000,60,60,0,1
R001672,282,BCH,BCH-USDT-SWAP,1760239729000,1760239620000,1760239680000,1760236080000,1760239620000,60,60,0,1
R001672,282,LINK,LINK-USDT-SWAP,1760239729000,1760239620000,1760239680000,1760236080000,1760239620000,60,60,0,1
R001673,283,ETH,ETH-USDT-SWAP,1760250419000,1760250300000,1760250360000,1760246760000,1760250300000,60,60,0,1
R001673,283,SOL,SOL-USDT-SWAP,1760250419000,1760250300000,1760250360000,1760246760000,1760250300000,60,60,0,1
R001673,283,XRP,XRP-USDT-SWAP,1760250419000,1760250300000,1760250360000,1760246760000,1760250300000,60,60,0,1
R001673,283,DOGE,DOGE-USDT-SWAP,1760250419000,1760250300000,1760250360000,1760246760000,1760250300000,60,60,0,1
R001673,283,ADA,ADA-USDT-SWAP,1760250419000,1760250300000,1760250360000,1760246760000,1760250300000,60,60,0,1
R001673,283,LTC,LTC-USDT-SWAP,1760250419000,1760250300000,1760250360000,1760246760000,1760250300000,60,60,0,1
R001673,283,BCH,BCH-USDT-SWAP,1760250419000,1760250300000,1760250360000,1760246760000,1760250300000,60,60,0,1
R001673,283,LINK,LINK-USDT-SWAP,1760250419000,1760250300000,1760250360000,1760246760000,1760250300000,60,60,0,1
R001676,284,ETH,ETH-USDT-SWAP,1760285120000,1760285040000,1760285100000,1760281500000,1760285040000,60,60,0,1
R001676,284,SOL,SOL-USDT-SWAP,1760285120000,1760285040000,1760285100000,1760281500000,1760285040000,60,60,0,1
R001676,284,XRP,XRP-USDT-SWAP,1760285120000,1760285040000,1760285100000,1760281500000,1760285040000,60,60,0,1
R001676,284,DOGE,DOGE-USDT-SWAP,1760285120000,1760285040000,1760285100000,1760281500000,1760285040000,60,60,0,1
R001676,284,ADA,ADA-USDT-SWAP,1760285120000,1760285040000,1760285100000,1760281500000,1760285040000,60,60,0,1
R001676,284,LTC,LTC-USDT-SWAP,1760285120000,1760285040000,1760285100000,1760281500000,1760285040000,60,60,0,1
R001676,284,BCH,BCH-USDT-SWAP,1760285120000,1760285040000,1760285100000,1760281500000,1760285040000,60,60,0,1
R001676,284,LINK,LINK-USDT-SWAP,1760285120000,1760285040000,1760285100000,1760281500000,1760285040000,60,60,0,1
R001678,285,ETH,ETH-USDT-SWAP,1760291475000,1760291400000,1760291460000,1760287860000,1760291400000,60,60,0,1
R001678,285,SOL,SOL-USDT-SWAP,1760291475000,1760291400000,1760291460000,1760287860000,1760291400000,60,60,0,1
R001678,285,XRP,XRP-USDT-SWAP,1760291475000,1760291400000,1760291460000,1760287860000,1760291400000,60,60,0,1
R001678,285,DOGE,DOGE-USDT-SWAP,1760291475000,1760291400000,1760291460000,1760287860000,1760291400000,60,60,0,1
R001678,285,ADA,ADA-USDT-SWAP,1760291475000,1760291400000,1760291460000,1760287860000,1760291400000,60,60,0,1
R001678,285,LTC,LTC-USDT-SWAP,1760291475000,1760291400000,1760291460000,1760287860000,1760291400000,60,60,0,1
R001678,285,BCH,BCH-USDT-SWAP,1760291475000,1760291400000,1760291460000,1760287860000,1760291400000,60,60,0,1
R001678,285,LINK,LINK-USDT-SWAP,1760291475000,1760291400000,1760291460000,1760287860000,1760291400000,60,60,0,1
R001680,286,ETH,ETH-USDT-SWAP,1760303584000,1760303520000,1760303580000,1760299980000,1760303520000,60,60,0,1
R001680,286,SOL,SOL-USDT-SWAP,1760303584000,1760303520000,1760303580000,1760299980000,1760303520000,60,60,0,1
R001680,286,XRP,XRP-USDT-SWAP,1760303584000,1760303520000,1760303580000,1760299980000,1760303520000,60,60,0,1
R001680,286,DOGE,DOGE-USDT-SWAP,1760303584000,1760303520000,1760303580000,1760299980000,1760303520000,60,60,0,1
R001680,286,ADA,ADA-USDT-SWAP,1760303584000,1760303520000,1760303580000,1760299980000,1760303520000,60,60,0,1
R001680,286,LTC,LTC-USDT-SWAP,1760303584000,1760303520000,1760303580000,1760299980000,1760303520000,60,60,0,1
R001680,286,BCH,BCH-USDT-SWAP,1760303584000,1760303520000,1760303580000,1760299980000,1760303520000,60,60,0,1
R001680,286,LINK,LINK-USDT-SWAP,1760303584000,1760303520000,1760303580000,1760299980000,1760303520000,60,60,0,1
R001683,287,ETH,ETH-USDT-SWAP,1760363116000,1760363040000,1760363100000,1760359500000,1760363040000,60,60,0,1
R001683,287,SOL,SOL-USDT-SWAP,1760363116000,1760363040000,1760363100000,1760359500000,1760363040000,60,60,0,1
R001683,287,XRP,XRP-USDT-SWAP,1760363116000,1760363040000,1760363100000,1760359500000,1760363040000,60,60,0,1
R001683,287,DOGE,DOGE-USDT-SWAP,1760363116000,1760363040000,1760363100000,1760359500000,1760363040000,60,60,0,1
R001683,287,ADA,ADA-USDT-SWAP,1760363116000,1760363040000,1760363100000,1760359500000,1760363040000,60,60,0,1
R001683,287,LTC,LTC-USDT-SWAP,1760363116000,1760363040000,1760363100000,1760359500000,1760363040000,60,60,0,1
R001683,287,BCH,BCH-USDT-SWAP,1760363116000,1760363040000,1760363100000,1760359500000,1760363040000,60,60,0,1
R001683,287,LINK,LINK-USDT-SWAP,1760363116000,1760363040000,1760363100000,1760359500000,1760363040000,60,60,0,1
R001685,288,ETH,ETH-USDT-SWAP,1760417506000,1760417400000,1760417460000,1760413860000,1760417400000,60,60,0,1
R001685,288,SOL,SOL-USDT-SWAP,1760417506000,1760417400000,1760417460000,1760413860000,1760417400000,60,60,0,1
R001685,288,XRP,XRP-USDT-SWAP,1760417506000,1760417400000,1760417460000,1760413860000,1760417400000,60,60,0,1
R001685,288,DOGE,DOGE-USDT-SWAP,1760417506000,1760417400000,1760417460000,1760413860000,1760417400000,60,60,0,1
R001685,288,ADA,ADA-USDT-SWAP,1760417506000,1760417400000,1760417460000,1760413860000,1760417400000,60,60,0,1
R001685,288,LTC,LTC-USDT-SWAP,1760417506000,1760417400000,1760417460000,1760413860000,1760417400000,60,60,0,1
R001685,288,BCH,BCH-USDT-SWAP,1760417506000,1760417400000,1760417460000,1760413860000,1760417400000,60,60,0,1
R001685,288,LINK,LINK-USDT-SWAP,1760417506000,1760417400000,1760417460000,1760413860000,1760417400000,60,60,0,1
R001687,289,ETH,ETH-USDT-SWAP,1760458933000,1760458860000,1760458920000,1760455320000,1760458860000,60,60,0,1
R001687,289,SOL,SOL-USDT-SWAP,1760458933000,1760458860000,1760458920000,1760455320000,1760458860000,60,60,0,1
R001687,289,XRP,XRP-USDT-SWAP,1760458933000,1760458860000,1760458920000,1760455320000,1760458860000,60,60,0,1
R001687,289,DOGE,DOGE-USDT-SWAP,1760458933000,1760458860000,1760458920000,1760455320000,1760458860000,60,60,0,1
R001687,289,ADA,ADA-USDT-SWAP,1760458933000,1760458860000,1760458920000,1760455320000,1760458860000,60,60,0,1
R001687,289,LTC,LTC-USDT-SWAP,1760458933000,1760458860000,1760458920000,1760455320000,1760458860000,60,60,0,1
R001687,289,BCH,BCH-USDT-SWAP,1760458933000,1760458860000,1760458920000,1760455320000,1760458860000,60,60,0,1
R001687,289,LINK,LINK-USDT-SWAP,1760458933000,1760458860000,1760458920000,1760455320000,1760458860000,60,60,0,1
R001688,290,ETH,ETH-USDT-SWAP,1760470640000,1760470560000,1760470620000,1760467020000,1760470560000,60,60,0,1
R001688,290,SOL,SOL-USDT-SWAP,1760470640000,1760470560000,1760470620000,1760467020000,1760470560000,60,60,0,1
R001688,290,XRP,XRP-USDT-SWAP,1760470640000,1760470560000,1760470620000,1760467020000,1760470560000,60,60,0,1
R001688,290,DOGE,DOGE-USDT-SWAP,1760470640000,1760470560000,1760470620000,1760467020000,1760470560000,60,60,0,1
R001688,290,ADA,ADA-USDT-SWAP,1760470640000,1760470560000,1760470620000,1760467020000,1760470560000,60,60,0,1
R001688,290,LTC,LTC-USDT-SWAP,1760470640000,1760470560000,1760470620000,1760467020000,1760470560000,60,60,0,1
R001688,290,BCH,BCH-USDT-SWAP,1760470640000,1760470560000,1760470620000,1760467020000,1760470560000,60,60,0,1
R001688,290,LINK,LINK-USDT-SWAP,1760470640000,1760470560000,1760470620000,1760467020000,1760470560000,60,60,0,1
R001691,291,ETH,ETH-USDT-SWAP,1760629281000,1760629200000,1760629260000,1760625660000,1760629200000,60,60,0,1
R001691,291,SOL,SOL-USDT-SWAP,1760629281000,1760629200000,1760629260000,1760625660000,1760629200000,60,60,0,1
R001691,291,XRP,XRP-USDT-SWAP,1760629281000,1760629200000,1760629260000,1760625660000,1760629200000,60,60,0,1
R001691,291,DOGE,DOGE-USDT-SWAP,1760629281000,1760629200000,1760629260000,1760625660000,1760629200000,60,60,0,1
R001691,291,ADA,ADA-USDT-SWAP,1760629281000,1760629200000,1760629260000,1760625660000,1760629200000,60,60,0,1
R001691,291,LTC,LTC-USDT-SWAP,1760629281000,1760629200000,1760629260000,1760625660000,1760629200000,60,60,0,1
R001691,291,BCH,BCH-USDT-SWAP,1760629281000,1760629200000,1760629260000,1760625660000,1760629200000,60,60,0,1
R001691,291,LINK,LINK-USDT-SWAP,1760629281000,1760629200000,1760629260000,1760625660000,1760629200000,60,60,0,1
R001694,292,ETH,ETH-USDT-SWAP,1760689013000,1760688900000,1760688960000,1760685360000,1760688900000,60,60,0,1
R001694,292,SOL,SOL-USDT-SWAP,1760689013000,1760688900000,1760688960000,1760685360000,1760688900000,60,60,0,1
R001694,292,XRP,XRP-USDT-SWAP,1760689013000,1760688900000,1760688960000,1760685360000,1760688900000,60,60,0,1
R001694,292,DOGE,DOGE-USDT-SWAP,1760689013000,1760688900000,1760688960000,1760685360000,1760688900000,60,60,0,1
R001694,292,ADA,ADA-USDT-SWAP,1760689013000,1760688900000,1760688960000,1760685360000,1760688900000,60,60,0,1
R001694,292,LTC,LTC-USDT-SWAP,1760689013000,1760688900000,1760688960000,1760685360000,1760688900000,60,60,0,1
R001694,292,BCH,BCH-USDT-SWAP,1760689013000,1760688900000,1760688960000,1760685360000,1760688900000,60,60,0,1
R001694,292,LINK,LINK-USDT-SWAP,1760689013000,1760688900000,1760688960000,1760685360000,1760688900000,60,60,0,1
R001696,293,ETH,ETH-USDT-SWAP,1760754886000,1760754780000,1760754840000,1760751240000,1760754780000,60,60,0,1
R001696,293,SOL,SOL-USDT-SWAP,1760754886000,1760754780000,1760754840000,1760751240000,1760754780000,60,60,0,1
R001696,293,XRP,XRP-USDT-SWAP,1760754886000,1760754780000,1760754840000,1760751240000,1760754780000,60,60,0,1
R001696,293,DOGE,DOGE-USDT-SWAP,1760754886000,1760754780000,1760754840000,1760751240000,1760754780000,60,60,0,1
R001696,293,ADA,ADA-USDT-SWAP,1760754886000,1760754780000,1760754840000,1760751240000,1760754780000,60,60,0,1
R001696,293,LTC,LTC-USDT-SWAP,1760754886000,1760754780000,1760754840000,1760751240000,1760754780000,60,60,0,1
R001696,293,BCH,BCH-USDT-SWAP,1760754886000,1760754780000,1760754840000,1760751240000,1760754780000,60,60,0,1
R001696,293,LINK,LINK-USDT-SWAP,1760754886000,1760754780000,1760754840000,1760751240000,1760754780000,60,60,0,1
R001697,294,ETH,ETH-USDT-SWAP,1760760302000,1760760240000,1760760300000,1760756700000,1760760240000,60,60,0,1
R001697,294,SOL,SOL-USDT-SWAP,1760760302000,1760760240000,1760760300000,1760756700000,1760760240000,60,60,0,1
R001697,294,XRP,XRP-USDT-SWAP,1760760302000,1760760240000,1760760300000,1760756700000,1760760240000,60,60,0,1
R001697,294,DOGE,DOGE-USDT-SWAP,1760760302000,1760760240000,1760760300000,1760756700000,1760760240000,60,60,0,1
R001697,294,ADA,ADA-USDT-SWAP,1760760302000,1760760240000,1760760300000,1760756700000,1760760240000,60,60,0,1
R001697,294,LTC,LTC-USDT-SWAP,1760760302000,1760760240000,1760760300000,1760756700000,1760760240000,60,60,0,1
R001697,294,BCH,BCH-USDT-SWAP,1760760302000,1760760240000,1760760300000,1760756700000,1760760240000,60,60,0,1
R001697,294,LINK,LINK-USDT-SWAP,1760760302000,1760760240000,1760760300000,1760756700000,1760760240000,60,60,0,1
R001699,295,ETH,ETH-USDT-SWAP,1760866878000,1760866800000,1760866860000,1760863260000,1760866800000,60,60,0,1
R001699,295,SOL,SOL-USDT-SWAP,1760866878000,1760866800000,1760866860000,1760863260000,1760866800000,60,60,0,1
R001699,295,XRP,XRP-USDT-SWAP,1760866878000,1760866800000,1760866860000,1760863260000,1760866800000,60,60,0,1
R001699,295,DOGE,DOGE-USDT-SWAP,1760866878000,1760866800000,1760866860000,1760863260000,1760866800000,60,60,0,1
R001699,295,ADA,ADA-USDT-SWAP,1760866878000,1760866800000,1760866860000,1760863260000,1760866800000,60,60,0,1
R001699,295,LTC,LTC-USDT-SWAP,1760866878000,1760866800000,1760866860000,1760863260000,1760866800000,60,60,0,1
R001699,295,BCH,BCH-USDT-SWAP,1760866878000,1760866800000,1760866860000,1760863260000,1760866800000,60,60,0,1
R001699,295,LINK,LINK-USDT-SWAP,1760866878000,1760866800000,1760866860000,1760863260000,1760866800000,60,60,0,1
R001700,296,ETH,ETH-USDT-SWAP,1760871680000,1760871600000,1760871660000,1760868060000,1760871600000,60,60,0,1
R001700,296,SOL,SOL-USDT-SWAP,1760871680000,1760871600000,1760871660000,1760868060000,1760871600000,60,60,0,1
R001700,296,XRP,XRP-USDT-SWAP,1760871680000,1760871600000,1760871660000,1760868060000,1760871600000,60,60,0,1
R001700,296,DOGE,DOGE-USDT-SWAP,1760871680000,1760871600000,1760871660000,1760868060000,1760871600000,60,60,0,1
R001700,296,ADA,ADA-USDT-SWAP,1760871680000,1760871600000,1760871660000,1760868060000,1760871600000,60,60,0,1
R001700,296,LTC,LTC-USDT-SWAP,1760871680000,1760871600000,1760871660000,1760868060000,1760871600000,60,60,0,1
R001700,296,BCH,BCH-USDT-SWAP,1760871680000,1760871600000,1760871660000,1760868060000,1760871600000,60,60,0,1
R001700,296,LINK,LINK-USDT-SWAP,1760871680000,1760871600000,1760871660000,1760868060000,1760871600000,60,60,0,1
R001704,297,ETH,ETH-USDT-SWAP,1760978607000,1760978520000,1760978580000,1760974980000,1760978520000,60,60,0,1
R001704,297,SOL,SOL-USDT-SWAP,1760978607000,1760978520000,1760978580000,1760974980000,1760978520000,60,60,0,1
R001704,297,XRP,XRP-USDT-SWAP,1760978607000,1760978520000,1760978580000,1760974980000,1760978520000,60,60,0,1
R001704,297,DOGE,DOGE-USDT-SWAP,1760978607000,1760978520000,1760978580000,1760974980000,1760978520000,60,60,0,1
R001704,297,ADA,ADA-USDT-SWAP,1760978607000,1760978520000,1760978580000,1760974980000,1760978520000,60,60,0,1
R001704,297,LTC,LTC-USDT-SWAP,1760978607000,1760978520000,1760978580000,1760974980000,1760978520000,60,60,0,1
R001704,297,BCH,BCH-USDT-SWAP,1760978607000,1760978520000,1760978580000,1760974980000,1760978520000,60,60,0,1
R001704,297,LINK,LINK-USDT-SWAP,1760978607000,1760978520000,1760978580000,1760974980000,1760978520000,60,60,0,1
R001705,298,ETH,ETH-USDT-SWAP,1761011748000,1761011640000,1761011700000,1761008100000,1761011640000,60,60,0,1
R001705,298,SOL,SOL-USDT-SWAP,1761011748000,1761011640000,1761011700000,1761008100000,1761011640000,60,60,0,1
R001705,298,XRP,XRP-USDT-SWAP,1761011748000,1761011640000,1761011700000,1761008100000,1761011640000,60,60,0,1
R001705,298,DOGE,DOGE-USDT-SWAP,1761011748000,1761011640000,1761011700000,1761008100000,1761011640000,60,60,0,1
R001705,298,ADA,ADA-USDT-SWAP,1761011748000,1761011640000,1761011700000,1761008100000,1761011640000,60,60,0,1
R001705,298,LTC,LTC-USDT-SWAP,1761011748000,1761011640000,1761011700000,1761008100000,1761011640000,60,60,0,1
R001705,298,BCH,BCH-USDT-SWAP,1761011748000,1761011640000,1761011700000,1761008100000,1761011640000,60,60,0,1
R001705,298,LINK,LINK-USDT-SWAP,1761011748000,1761011640000,1761011700000,1761008100000,1761011640000,60,60,0,1
R001707,299,ETH,ETH-USDT-SWAP,1761052168000,1761052080000,1761052140000,1761048540000,1761052080000,60,60,0,1
R001707,299,SOL,SOL-USDT-SWAP,1761052168000,1761052080000,1761052140000,1761048540000,1761052080000,60,60,0,1
R001707,299,XRP,XRP-USDT-SWAP,1761052168000,1761052080000,1761052140000,1761048540000,1761052080000,60,60,0,1
R001707,299,DOGE,DOGE-USDT-SWAP,1761052168000,1761052080000,1761052140000,1761048540000,1761052080000,60,60,0,1
R001707,299,ADA,ADA-USDT-SWAP,1761052168000,1761052080000,1761052140000,1761048540000,1761052080000,60,60,0,1
R001707,299,LTC,LTC-USDT-SWAP,1761052168000,1761052080000,1761052140000,1761048540000,1761052080000,60,60,0,1
R001707,299,BCH,BCH-USDT-SWAP,1761052168000,1761052080000,1761052140000,1761048540000,1761052080000,60,60,0,1
R001707,299,LINK,LINK-USDT-SWAP,1761052168000,1761052080000,1761052140000,1761048540000,1761052080000,60,60,0,1
R001708,300,ETH,ETH-USDT-SWAP,1761059270000,1761059160000,1761059220000,1761055620000,1761059160000,60,60,0,1
R001708,300,SOL,SOL-USDT-SWAP,1761059270000,1761059160000,1761059220000,1761055620000,1761059160000,60,60,0,1
R001708,300,XRP,XRP-USDT-SWAP,1761059270000,1761059160000,1761059220000,1761055620000,1761059160000,60,60,0,1
R001708,300,DOGE,DOGE-USDT-SWAP,1761059270000,1761059160000,1761059220000,1761055620000,1761059160000,60,60,0,1
R001708,300,ADA,ADA-USDT-SWAP,1761059270000,1761059160000,1761059220000,1761055620000,1761059160000,60,60,0,1
R001708,300,LTC,LTC-USDT-SWAP,1761059270000,1761059160000,1761059220000,1761055620000,1761059160000,60,60,0,1
R001708,300,BCH,BCH-USDT-SWAP,1761059270000,1761059160000,1761059220000,1761055620000,1761059160000,60,60,0,1
R001708,300,LINK,LINK-USDT-SWAP,1761059270000,1761059160000,1761059220000,1761055620000,1761059160000,60,60,0,1
R001711,301,ETH,ETH-USDT-SWAP,1761081701000,1761081600000,1761081660000,1761078060000,1761081600000,60,60,0,1
R001711,301,SOL,SOL-USDT-SWAP,1761081701000,1761081600000,1761081660000,1761078060000,1761081600000,60,60,0,1
R001711,301,XRP,XRP-USDT-SWAP,1761081701000,1761081600000,1761081660000,1761078060000,1761081600000,60,60,0,1
R001711,301,DOGE,DOGE-USDT-SWAP,1761081701000,1761081600000,1761081660000,1761078060000,1761081600000,60,60,0,1
R001711,301,ADA,ADA-USDT-SWAP,1761081701000,1761081600000,1761081660000,1761078060000,1761081600000,60,60,0,1
R001711,301,LTC,LTC-USDT-SWAP,1761081701000,1761081600000,1761081660000,1761078060000,1761081600000,60,60,0,1
R001711,301,BCH,BCH-USDT-SWAP,1761081701000,1761081600000,1761081660000,1761078060000,1761081600000,60,60,0,1
R001711,301,LINK,LINK-USDT-SWAP,1761081701000,1761081600000,1761081660000,1761078060000,1761081600000,60,60,0,1
R001712,302,ETH,ETH-USDT-SWAP,1761084544000,1761084480000,1761084540000,1761080940000,1761084480000,60,60,0,1
R001712,302,SOL,SOL-USDT-SWAP,1761084544000,1761084480000,1761084540000,1761080940000,1761084480000,60,60,0,1
R001712,302,XRP,XRP-USDT-SWAP,1761084544000,1761084480000,1761084540000,1761080940000,1761084480000,60,60,0,1
R001712,302,DOGE,DOGE-USDT-SWAP,1761084544000,1761084480000,1761084540000,1761080940000,1761084480000,60,60,0,1
R001712,302,ADA,ADA-USDT-SWAP,1761084544000,1761084480000,1761084540000,1761080940000,1761084480000,60,60,0,1
R001712,302,LTC,LTC-USDT-SWAP,1761084544000,1761084480000,1761084540000,1761080940000,1761084480000,60,60,0,1
R001712,302,BCH,BCH-USDT-SWAP,1761084544000,1761084480000,1761084540000,1761080940000,1761084480000,60,60,0,1
R001712,302,LINK,LINK-USDT-SWAP,1761084544000,1761084480000,1761084540000,1761080940000,1761084480000,60,60,0,1
R001715,303,ETH,ETH-USDT-SWAP,1761115176000,1761115080000,1761115140000,1761111540000,1761115080000,60,60,0,1
R001715,303,SOL,SOL-USDT-SWAP,1761115176000,1761115080000,1761115140000,1761111540000,1761115080000,60,60,0,1
R001715,303,XRP,XRP-USDT-SWAP,1761115176000,1761115080000,1761115140000,1761111540000,1761115080000,60,60,0,1
R001715,303,DOGE,DOGE-USDT-SWAP,1761115176000,1761115080000,1761115140000,1761111540000,1761115080000,60,60,0,1
R001715,303,ADA,ADA-USDT-SWAP,1761115176000,1761115080000,1761115140000,1761111540000,1761115080000,60,60,0,1
R001715,303,LTC,LTC-USDT-SWAP,1761115176000,1761115080000,1761115140000,1761111540000,1761115080000,60,60,0,1
R001715,303,BCH,BCH-USDT-SWAP,1761115176000,1761115080000,1761115140000,1761111540000,1761115080000,60,60,0,1
R001715,303,LINK,LINK-USDT-SWAP,1761115176000,1761115080000,1761115140000,1761111540000,1761115080000,60,60,0,1
R001718,304,ETH,ETH-USDT-SWAP,1761141488000,1761141420000,1761141480000,1761137880000,1761141420000,60,60,0,1
R001718,304,SOL,SOL-USDT-SWAP,1761141488000,1761141420000,1761141480000,1761137880000,1761141420000,60,60,0,1
R001718,304,XRP,XRP-USDT-SWAP,1761141488000,1761141420000,1761141480000,1761137880000,1761141420000,60,60,0,1
R001718,304,DOGE,DOGE-USDT-SWAP,1761141488000,1761141420000,1761141480000,1761137880000,1761141420000,60,60,0,1
R001718,304,ADA,ADA-USDT-SWAP,1761141488000,1761141420000,1761141480000,1761137880000,1761141420000,60,60,0,1
R001718,304,LTC,LTC-USDT-SWAP,1761141488000,1761141420000,1761141480000,1761137880000,1761141420000,60,60,0,1
R001718,304,BCH,BCH-USDT-SWAP,1761141488000,1761141420000,1761141480000,1761137880000,1761141420000,60,60,0,1
R001718,304,LINK,LINK-USDT-SWAP,1761141488000,1761141420000,1761141480000,1761137880000,1761141420000,60,60,0,1
R001720,305,ETH,ETH-USDT-SWAP,1761144386000,1761144300000,1761144360000,1761140760000,1761144300000,60,60,0,1
R001720,305,SOL,SOL-USDT-SWAP,1761144386000,1761144300000,1761144360000,1761140760000,1761144300000,60,60,0,1
R001720,305,XRP,XRP-USDT-SWAP,1761144386000,1761144300000,1761144360000,1761140760000,1761144300000,60,60,0,1
R001720,305,DOGE,DOGE-USDT-SWAP,1761144386000,1761144300000,1761144360000,1761140760000,1761144300000,60,60,0,1
R001720,305,ADA,ADA-USDT-SWAP,1761144386000,1761144300000,1761144360000,1761140760000,1761144300000,60,60,0,1
R001720,305,LTC,LTC-USDT-SWAP,1761144386000,1761144300000,1761144360000,1761140760000,1761144300000,60,60,0,1
R001720,305,BCH,BCH-USDT-SWAP,1761144386000,1761144300000,1761144360000,1761140760000,1761144300000,60,60,0,1
R001720,305,LINK,LINK-USDT-SWAP,1761144386000,1761144300000,1761144360000,1761140760000,1761144300000,60,60,0,1
R001721,306,ETH,ETH-USDT-SWAP,1761150639000,1761150540000,1761150600000,1761147000000,1761150540000,60,60,0,1
R001721,306,SOL,SOL-USDT-SWAP,1761150639000,1761150540000,1761150600000,1761147000000,1761150540000,60,60,0,1
R001721,306,XRP,XRP-USDT-SWAP,1761150639000,1761150540000,1761150600000,1761147000000,1761150540000,60,60,0,1
R001721,306,DOGE,DOGE-USDT-SWAP,1761150639000,1761150540000,1761150600000,1761147000000,1761150540000,60,60,0,1
R001721,306,ADA,ADA-USDT-SWAP,1761150639000,1761150540000,1761150600000,1761147000000,1761150540000,60,60,0,1
R001721,306,LTC,LTC-USDT-SWAP,1761150639000,1761150540000,1761150600000,1761147000000,1761150540000,60,60,0,1
R001721,306,BCH,BCH-USDT-SWAP,1761150639000,1761150540000,1761150600000,1761147000000,1761150540000,60,60,0,1
R001721,306,LINK,LINK-USDT-SWAP,1761150639000,1761150540000,1761150600000,1761147000000,1761150540000,60,60,0,1
R001722,307,ETH,ETH-USDT-SWAP,1761153618000,1761153540000,1761153600000,1761150000000,1761153540000,60,60,0,1
R001722,307,SOL,SOL-USDT-SWAP,1761153618000,1761153540000,1761153600000,1761150000000,1761153540000,60,60,0,1
R001722,307,XRP,XRP-USDT-SWAP,1761153618000,1761153540000,1761153600000,1761150000000,1761153540000,60,60,0,1
R001722,307,DOGE,DOGE-USDT-SWAP,1761153618000,1761153540000,1761153600000,1761150000000,1761153540000,60,60,0,1
R001722,307,ADA,ADA-USDT-SWAP,1761153618000,1761153540000,1761153600000,1761150000000,1761153540000,60,60,0,1
R001722,307,LTC,LTC-USDT-SWAP,1761153618000,1761153540000,1761153600000,1761150000000,1761153540000,60,60,0,1
R001722,307,BCH,BCH-USDT-SWAP,1761153618000,1761153540000,1761153600000,1761150000000,1761153540000,60,60,0,1
R001722,307,LINK,LINK-USDT-SWAP,1761153618000,1761153540000,1761153600000,1761150000000,1761153540000,60,60,0,1
R001724,308,ETH,ETH-USDT-SWAP,1761159413000,1761159300000,1761159360000,1761155760000,1761159300000,60,60,0,1
R001724,308,SOL,SOL-USDT-SWAP,1761159413000,1761159300000,1761159360000,1761155760000,1761159300000,60,60,0,1
R001724,308,XRP,XRP-USDT-SWAP,1761159413000,1761159300000,1761159360000,1761155760000,1761159300000,60,60,0,1
R001724,308,DOGE,DOGE-USDT-SWAP,1761159413000,1761159300000,1761159360000,1761155760000,1761159300000,60,60,0,1
R001724,308,ADA,ADA-USDT-SWAP,1761159413000,1761159300000,1761159360000,1761155760000,1761159300000,60,60,0,1
R001724,308,LTC,LTC-USDT-SWAP,1761159413000,1761159300000,1761159360000,1761155760000,1761159300000,60,60,0,1
R001724,308,BCH,BCH-USDT-SWAP,1761159413000,1761159300000,1761159360000,1761155760000,1761159300000,60,60,0,1
R001724,308,LINK,LINK-USDT-SWAP,1761159413000,1761159300000,1761159360000,1761155760000,1761159300000,60,60,0,1
R001726,309,ETH,ETH-USDT-SWAP,1761166316000,1761166200000,1761166260000,1761162660000,1761166200000,60,60,0,1
R001726,309,SOL,SOL-USDT-SWAP,1761166316000,1761166200000,1761166260000,1761162660000,1761166200000,60,60,0,1
R001726,309,XRP,XRP-USDT-SWAP,1761166316000,1761166200000,1761166260000,1761162660000,1761166200000,60,60,0,1
R001726,309,DOGE,DOGE-USDT-SWAP,1761166316000,1761166200000,1761166260000,1761162660000,1761166200000,60,60,0,1
R001726,309,ADA,ADA-USDT-SWAP,1761166316000,1761166200000,1761166260000,1761162660000,1761166200000,60,60,0,1
R001726,309,LTC,LTC-USDT-SWAP,1761166316000,1761166200000,1761166260000,1761162660000,1761166200000,60,60,0,1
R001726,309,BCH,BCH-USDT-SWAP,1761166316000,1761166200000,1761166260000,1761162660000,1761166200000,60,60,0,1
R001726,309,LINK,LINK-USDT-SWAP,1761166316000,1761166200000,1761166260000,1761162660000,1761166200000,60,60,0,1
R001727,310,ETH,ETH-USDT-SWAP,1761181963000,1761181860000,1761181920000,1761178320000,1761181860000,60,60,0,1
R001727,310,SOL,SOL-USDT-SWAP,1761181963000,1761181860000,1761181920000,1761178320000,1761181860000,60,60,0,1
R001727,310,XRP,XRP-USDT-SWAP,1761181963000,1761181860000,1761181920000,1761178320000,1761181860000,60,60,0,1
R001727,310,DOGE,DOGE-USDT-SWAP,1761181963000,1761181860000,1761181920000,1761178320000,1761181860000,60,60,0,1
R001727,310,ADA,ADA-USDT-SWAP,1761181963000,1761181860000,1761181920000,1761178320000,1761181860000,60,60,0,1
R001727,310,LTC,LTC-USDT-SWAP,1761181963000,1761181860000,1761181920000,1761178320000,1761181860000,60,60,0,1
R001727,310,BCH,BCH-USDT-SWAP,1761181963000,1761181860000,1761181920000,1761178320000,1761181860000,60,60,0,1
R001727,310,LINK,LINK-USDT-SWAP,1761181963000,1761181860000,1761181920000,1761178320000,1761181860000,60,60,0,1
R001728,311,ETH,ETH-USDT-SWAP,1761200138000,1761200040000,1761200100000,1761196500000,1761200040000,60,60,0,1
R001728,311,SOL,SOL-USDT-SWAP,1761200138000,1761200040000,1761200100000,1761196500000,1761200040000,60,60,0,1
R001728,311,XRP,XRP-USDT-SWAP,1761200138000,1761200040000,1761200100000,1761196500000,1761200040000,60,60,0,1
R001728,311,DOGE,DOGE-USDT-SWAP,1761200138000,1761200040000,1761200100000,1761196500000,1761200040000,60,60,0,1
R001728,311,ADA,ADA-USDT-SWAP,1761200138000,1761200040000,1761200100000,1761196500000,1761200040000,60,60,0,1
R001728,311,LTC,LTC-USDT-SWAP,1761200138000,1761200040000,1761200100000,1761196500000,1761200040000,60,60,0,1
R001728,311,BCH,BCH-USDT-SWAP,1761200138000,1761200040000,1761200100000,1761196500000,1761200040000,60,60,0,1
R001728,311,LINK,LINK-USDT-SWAP,1761200138000,1761200040000,1761200100000,1761196500000,1761200040000,60,60,0,1
R001729,312,ETH,ETH-USDT-SWAP,1761238459000,1761238380000,1761238440000,1761234840000,1761238380000,60,60,0,1
R001729,312,SOL,SOL-USDT-SWAP,1761238459000,1761238380000,1761238440000,1761234840000,1761238380000,60,60,0,1
R001729,312,XRP,XRP-USDT-SWAP,1761238459000,1761238380000,1761238440000,1761234840000,1761238380000,60,60,0,1
R001729,312,DOGE,DOGE-USDT-SWAP,1761238459000,1761238380000,1761238440000,1761234840000,1761238380000,60,60,0,1
R001729,312,ADA,ADA-USDT-SWAP,1761238459000,1761238380000,1761238440000,1761234840000,1761238380000,60,60,0,1
R001729,312,LTC,LTC-USDT-SWAP,1761238459000,1761238380000,1761238440000,1761234840000,1761238380000,60,60,0,1
R001729,312,BCH,BCH-USDT-SWAP,1761238459000,1761238380000,1761238440000,1761234840000,1761238380000,60,60,0,1
R001729,312,LINK,LINK-USDT-SWAP,1761238459000,1761238380000,1761238440000,1761234840000,1761238380000,60,60,0,1
R001730,313,ETH,ETH-USDT-SWAP,1761253094000,1761253020000,1761253080000,1761249480000,1761253020000,60,60,0,1
R001730,313,SOL,SOL-USDT-SWAP,1761253094000,1761253020000,1761253080000,1761249480000,1761253020000,60,60,0,1
R001730,313,XRP,XRP-USDT-SWAP,1761253094000,1761253020000,1761253080000,1761249480000,1761253020000,60,60,0,1
R001730,313,DOGE,DOGE-USDT-SWAP,1761253094000,1761253020000,1761253080000,1761249480000,1761253020000,60,60,0,1
R001730,313,ADA,ADA-USDT-SWAP,1761253094000,1761253020000,1761253080000,1761249480000,1761253020000,60,60,0,1
R001730,313,LTC,LTC-USDT-SWAP,1761253094000,1761253020000,1761253080000,1761249480000,1761253020000,60,60,0,1
R001730,313,BCH,BCH-USDT-SWAP,1761253094000,1761253020000,1761253080000,1761249480000,1761253020000,60,60,0,1
R001730,313,LINK,LINK-USDT-SWAP,1761253094000,1761253020000,1761253080000,1761249480000,1761253020000,60,60,0,1
R001731,314,ETH,ETH-USDT-SWAP,1761309002000,1761308940000,1761309000000,1761305400000,1761308940000,60,60,0,1
R001731,314,SOL,SOL-USDT-SWAP,1761309002000,1761308940000,1761309000000,1761305400000,1761308940000,60,60,0,1
R001731,314,XRP,XRP-USDT-SWAP,1761309002000,1761308940000,1761309000000,1761305400000,1761308940000,60,60,0,1
R001731,314,DOGE,DOGE-USDT-SWAP,1761309002000,1761308940000,1761309000000,1761305400000,1761308940000,60,60,0,1
R001731,314,ADA,ADA-USDT-SWAP,1761309002000,1761308940000,1761309000000,1761305400000,1761308940000,60,60,0,1
R001731,314,LTC,LTC-USDT-SWAP,1761309002000,1761308940000,1761309000000,1761305400000,1761308940000,60,60,0,1
R001731,314,BCH,BCH-USDT-SWAP,1761309002000,1761308940000,1761309000000,1761305400000,1761308940000,60,60,0,1
R001731,314,LINK,LINK-USDT-SWAP,1761309002000,1761308940000,1761309000000,1761305400000,1761308940000,60,60,0,1
R001732,315,ETH,ETH-USDT-SWAP,1761313165000,1761313080000,1761313140000,1761309540000,1761313080000,60,60,0,1
R001732,315,SOL,SOL-USDT-SWAP,1761313165000,1761313080000,1761313140000,1761309540000,1761313080000,60,60,0,1
R001732,315,XRP,XRP-USDT-SWAP,1761313165000,1761313080000,1761313140000,1761309540000,1761313080000,60,60,0,1
R001732,315,DOGE,DOGE-USDT-SWAP,1761313165000,1761313080000,1761313140000,1761309540000,1761313080000,60,60,0,1
R001732,315,ADA,ADA-USDT-SWAP,1761313165000,1761313080000,1761313140000,1761309540000,1761313080000,60,60,0,1
R001732,315,LTC,LTC-USDT-SWAP,1761313165000,1761313080000,1761313140000,1761309540000,1761313080000,60,60,0,1
R001732,315,BCH,BCH-USDT-SWAP,1761313165000,1761313080000,1761313140000,1761309540000,1761313080000,60,60,0,1
R001732,315,LINK,LINK-USDT-SWAP,1761313165000,1761313080000,1761313140000,1761309540000,1761313080000,60,60,0,1
R001733,316,ETH,ETH-USDT-SWAP,1761318744000,1761318660000,1761318720000,1761315120000,1761318660000,60,60,0,1
R001733,316,SOL,SOL-USDT-SWAP,1761318744000,1761318660000,1761318720000,1761315120000,1761318660000,60,60,0,1
R001733,316,XRP,XRP-USDT-SWAP,1761318744000,1761318660000,1761318720000,1761315120000,1761318660000,60,60,0,1
R001733,316,DOGE,DOGE-USDT-SWAP,1761318744000,1761318660000,1761318720000,1761315120000,1761318660000,60,60,0,1
R001733,316,ADA,ADA-USDT-SWAP,1761318744000,1761318660000,1761318720000,1761315120000,1761318660000,60,60,0,1
R001733,316,LTC,LTC-USDT-SWAP,1761318744000,1761318660000,1761318720000,1761315120000,1761318660000,60,60,0,1
R001733,316,BCH,BCH-USDT-SWAP,1761318744000,1761318660000,1761318720000,1761315120000,1761318660000,60,60,0,1
R001733,316,LINK,LINK-USDT-SWAP,1761318744000,1761318660000,1761318720000,1761315120000,1761318660000,60,60,0,1
R001735,317,ETH,ETH-USDT-SWAP,1761340204000,1761340140000,1761340200000,1761336600000,1761340140000,60,60,0,1
R001735,317,SOL,SOL-USDT-SWAP,1761340204000,1761340140000,1761340200000,1761336600000,1761340140000,60,60,0,1
R001735,317,XRP,XRP-USDT-SWAP,1761340204000,1761340140000,1761340200000,1761336600000,1761340140000,60,60,0,1
R001735,317,DOGE,DOGE-USDT-SWAP,1761340204000,1761340140000,1761340200000,1761336600000,1761340140000,60,60,0,1
R001735,317,ADA,ADA-USDT-SWAP,1761340204000,1761340140000,1761340200000,1761336600000,1761340140000,60,60,0,1
R001735,317,LTC,LTC-USDT-SWAP,1761340204000,1761340140000,1761340200000,1761336600000,1761340140000,60,60,0,1
R001735,317,BCH,BCH-USDT-SWAP,1761340204000,1761340140000,1761340200000,1761336600000,1761340140000,60,60,0,1
R001735,317,LINK,LINK-USDT-SWAP,1761340204000,1761340140000,1761340200000,1761336600000,1761340140000,60,60,0,1
R001739,318,ETH,ETH-USDT-SWAP,1761598588000,1761598500000,1761598560000,1761594960000,1761598500000,60,60,0,1
R001739,318,SOL,SOL-USDT-SWAP,1761598588000,1761598500000,1761598560000,1761594960000,1761598500000,60,60,0,1
R001739,318,XRP,XRP-USDT-SWAP,1761598588000,1761598500000,1761598560000,1761594960000,1761598500000,60,60,0,1
R001739,318,DOGE,DOGE-USDT-SWAP,1761598588000,1761598500000,1761598560000,1761594960000,1761598500000,60,60,0,1
R001739,318,ADA,ADA-USDT-SWAP,1761598588000,1761598500000,1761598560000,1761594960000,1761598500000,60,60,0,1
R001739,318,LTC,LTC-USDT-SWAP,1761598588000,1761598500000,1761598560000,1761594960000,1761598500000,60,60,0,1
R001739,318,BCH,BCH-USDT-SWAP,1761598588000,1761598500000,1761598560000,1761594960000,1761598500000,60,60,0,1
R001739,318,LINK,LINK-USDT-SWAP,1761598588000,1761598500000,1761598560000,1761594960000,1761598500000,60,60,0,1
R001741,319,ETH,ETH-USDT-SWAP,1761683981000,1761683880000,1761683940000,1761680340000,1761683880000,60,60,0,1
R001741,319,SOL,SOL-USDT-SWAP,1761683981000,1761683880000,1761683940000,1761680340000,1761683880000,60,60,0,1
R001741,319,XRP,XRP-USDT-SWAP,1761683981000,1761683880000,1761683940000,1761680340000,1761683880000,60,60,0,1
R001741,319,DOGE,DOGE-USDT-SWAP,1761683981000,1761683880000,1761683940000,1761680340000,1761683880000,60,60,0,1
R001741,319,ADA,ADA-USDT-SWAP,1761683981000,1761683880000,1761683940000,1761680340000,1761683880000,60,60,0,1
R001741,319,LTC,LTC-USDT-SWAP,1761683981000,1761683880000,1761683940000,1761680340000,1761683880000,60,60,0,1
R001741,319,BCH,BCH-USDT-SWAP,1761683981000,1761683880000,1761683940000,1761680340000,1761683880000,60,60,0,1
R001741,319,LINK,LINK-USDT-SWAP,1761683981000,1761683880000,1761683940000,1761680340000,1761683880000,60,60,0,1
R001742,320,ETH,ETH-USDT-SWAP,1761685642000,1761685560000,1761685620000,1761682020000,1761685560000,60,60,0,1
R001742,320,SOL,SOL-USDT-SWAP,1761685642000,1761685560000,1761685620000,1761682020000,1761685560000,60,60,0,1
R001742,320,XRP,XRP-USDT-SWAP,1761685642000,1761685560000,1761685620000,1761682020000,1761685560000,60,60,0,1
R001742,320,DOGE,DOGE-USDT-SWAP,1761685642000,1761685560000,1761685620000,1761682020000,1761685560000,60,60,0,1
R001742,320,ADA,ADA-USDT-SWAP,1761685642000,1761685560000,1761685620000,1761682020000,1761685560000,60,60,0,1
R001742,320,LTC,LTC-USDT-SWAP,1761685642000,1761685560000,1761685620000,1761682020000,1761685560000,60,60,0,1
R001742,320,BCH,BCH-USDT-SWAP,1761685642000,1761685560000,1761685620000,1761682020000,1761685560000,60,60,0,1
R001742,320,LINK,LINK-USDT-SWAP,1761685642000,1761685560000,1761685620000,1761682020000,1761685560000,60,60,0,1
R001743,321,ETH,ETH-USDT-SWAP,1761751691000,1761751620000,1761751680000,1761748080000,1761751620000,60,60,0,1
R001743,321,SOL,SOL-USDT-SWAP,1761751691000,1761751620000,1761751680000,1761748080000,1761751620000,60,60,0,1
R001743,321,XRP,XRP-USDT-SWAP,1761751691000,1761751620000,1761751680000,1761748080000,1761751620000,60,60,0,1
R001743,321,DOGE,DOGE-USDT-SWAP,1761751691000,1761751620000,1761751680000,1761748080000,1761751620000,60,60,0,1
R001743,321,ADA,ADA-USDT-SWAP,1761751691000,1761751620000,1761751680000,1761748080000,1761751620000,60,60,0,1
R001743,321,LTC,LTC-USDT-SWAP,1761751691000,1761751620000,1761751680000,1761748080000,1761751620000,60,60,0,1
R001743,321,BCH,BCH-USDT-SWAP,1761751691000,1761751620000,1761751680000,1761748080000,1761751620000,60,60,0,1
R001743,321,LINK,LINK-USDT-SWAP,1761751691000,1761751620000,1761751680000,1761748080000,1761751620000,60,60,0,1
R001745,322,ETH,ETH-USDT-SWAP,1761762931000,1761762840000,1761762900000,1761759300000,1761762840000,60,60,0,1
R001745,322,SOL,SOL-USDT-SWAP,1761762931000,1761762840000,1761762900000,1761759300000,1761762840000,60,60,0,1
R001745,322,XRP,XRP-USDT-SWAP,1761762931000,1761762840000,1761762900000,1761759300000,1761762840000,60,60,0,1
R001745,322,DOGE,DOGE-USDT-SWAP,1761762931000,1761762840000,1761762900000,1761759300000,1761762840000,60,60,0,1
R001745,322,ADA,ADA-USDT-SWAP,1761762931000,1761762840000,1761762900000,1761759300000,1761762840000,60,60,0,1
R001745,322,LTC,LTC-USDT-SWAP,1761762931000,1761762840000,1761762900000,1761759300000,1761762840000,60,60,0,1
R001745,322,BCH,BCH-USDT-SWAP,1761762931000,1761762840000,1761762900000,1761759300000,1761762840000,60,60,0,1
R001745,322,LINK,LINK-USDT-SWAP,1761762931000,1761762840000,1761762900000,1761759300000,1761762840000,60,60,0,1
R001748,323,ETH,ETH-USDT-SWAP,1761789593000,1761789480000,1761789540000,1761785940000,1761789480000,60,60,0,1
R001748,323,SOL,SOL-USDT-SWAP,1761789593000,1761789480000,1761789540000,1761785940000,1761789480000,60,60,0,1
R001748,323,XRP,XRP-USDT-SWAP,1761789593000,1761789480000,1761789540000,1761785940000,1761789480000,60,60,0,1
R001748,323,DOGE,DOGE-USDT-SWAP,1761789593000,1761789480000,1761789540000,1761785940000,1761789480000,60,60,0,1
R001748,323,ADA,ADA-USDT-SWAP,1761789593000,1761789480000,1761789540000,1761785940000,1761789480000,60,60,0,1
R001748,323,LTC,LTC-USDT-SWAP,1761789593000,1761789480000,1761789540000,1761785940000,1761789480000,60,60,0,1
R001748,323,BCH,BCH-USDT-SWAP,1761789593000,1761789480000,1761789540000,1761785940000,1761789480000,60,60,0,1
R001748,323,LINK,LINK-USDT-SWAP,1761789593000,1761789480000,1761789540000,1761785940000,1761789480000,60,60,0,1
R001749,324,ETH,ETH-USDT-SWAP,1761796790000,1761796680000,1761796740000,1761793140000,1761796680000,60,60,0,1
R001749,324,SOL,SOL-USDT-SWAP,1761796790000,1761796680000,1761796740000,1761793140000,1761796680000,60,60,0,1
R001749,324,XRP,XRP-USDT-SWAP,1761796790000,1761796680000,1761796740000,1761793140000,1761796680000,60,60,0,1
R001749,324,DOGE,DOGE-USDT-SWAP,1761796790000,1761796680000,1761796740000,1761793140000,1761796680000,60,60,0,1
R001749,324,ADA,ADA-USDT-SWAP,1761796790000,1761796680000,1761796740000,1761793140000,1761796680000,60,60,0,1
R001749,324,LTC,LTC-USDT-SWAP,1761796790000,1761796680000,1761796740000,1761793140000,1761796680000,60,60,0,1
R001749,324,BCH,BCH-USDT-SWAP,1761796790000,1761796680000,1761796740000,1761793140000,1761796680000,60,60,0,1
R001749,324,LINK,LINK-USDT-SWAP,1761796790000,1761796680000,1761796740000,1761793140000,1761796680000,60,60,0,1
R001750,325,ETH,ETH-USDT-SWAP,1761798378000,1761798300000,1761798360000,1761794760000,1761798300000,60,60,0,1
R001750,325,SOL,SOL-USDT-SWAP,1761798378000,1761798300000,1761798360000,1761794760000,1761798300000,60,60,0,1
R001750,325,XRP,XRP-USDT-SWAP,1761798378000,1761798300000,1761798360000,1761794760000,1761798300000,60,60,0,1
R001750,325,DOGE,DOGE-USDT-SWAP,1761798378000,1761798300000,1761798360000,1761794760000,1761798300000,60,60,0,1
R001750,325,ADA,ADA-USDT-SWAP,1761798378000,1761798300000,1761798360000,1761794760000,1761798300000,60,60,0,1
R001750,325,LTC,LTC-USDT-SWAP,1761798378000,1761798300000,1761798360000,1761794760000,1761798300000,60,60,0,1
R001750,325,BCH,BCH-USDT-SWAP,1761798378000,1761798300000,1761798360000,1761794760000,1761798300000,60,60,0,1
R001750,325,LINK,LINK-USDT-SWAP,1761798378000,1761798300000,1761798360000,1761794760000,1761798300000,60,60,0,1
R001754,326,ETH,ETH-USDT-SWAP,1761867271000,1761867180000,1761867240000,1761863640000,1761867180000,60,60,0,1
R001754,326,SOL,SOL-USDT-SWAP,1761867271000,1761867180000,1761867240000,1761863640000,1761867180000,60,60,0,1
R001754,326,XRP,XRP-USDT-SWAP,1761867271000,1761867180000,1761867240000,1761863640000,1761867180000,60,60,0,1
R001754,326,DOGE,DOGE-USDT-SWAP,1761867271000,1761867180000,1761867240000,1761863640000,1761867180000,60,60,0,1
R001754,326,ADA,ADA-USDT-SWAP,1761867271000,1761867180000,1761867240000,1761863640000,1761867180000,60,60,0,1
R001754,326,LTC,LTC-USDT-SWAP,1761867271000,1761867180000,1761867240000,1761863640000,1761867180000,60,60,0,1
R001754,326,BCH,BCH-USDT-SWAP,1761867271000,1761867180000,1761867240000,1761863640000,1761867180000,60,60,0,1
R001754,326,LINK,LINK-USDT-SWAP,1761867271000,1761867180000,1761867240000,1761863640000,1761867180000,60,60,0,1
R001755,327,ETH,ETH-USDT-SWAP,1761885627000,1761885540000,1761885600000,1761882000000,1761885540000,60,60,0,1
R001755,327,SOL,SOL-USDT-SWAP,1761885627000,1761885540000,1761885600000,1761882000000,1761885540000,60,60,0,1
R001755,327,XRP,XRP-USDT-SWAP,1761885627000,1761885540000,1761885600000,1761882000000,1761885540000,60,60,0,1
R001755,327,DOGE,DOGE-USDT-SWAP,1761885627000,1761885540000,1761885600000,1761882000000,1761885540000,60,60,0,1
R001755,327,ADA,ADA-USDT-SWAP,1761885627000,1761885540000,1761885600000,1761882000000,1761885540000,60,60,0,1
R001755,327,LTC,LTC-USDT-SWAP,1761885627000,1761885540000,1761885600000,1761882000000,1761885540000,60,60,0,1
R001755,327,BCH,BCH-USDT-SWAP,1761885627000,1761885540000,1761885600000,1761882000000,1761885540000,60,60,0,1
R001755,327,LINK,LINK-USDT-SWAP,1761885627000,1761885540000,1761885600000,1761882000000,1761885540000,60,60,0,1
R001758,328,ETH,ETH-USDT-SWAP,1761921305000,1761921240000,1761921300000,1761917700000,1761921240000,60,60,0,1
R001758,328,SOL,SOL-USDT-SWAP,1761921305000,1761921240000,1761921300000,1761917700000,1761921240000,60,60,0,1
R001758,328,XRP,XRP-USDT-SWAP,1761921305000,1761921240000,1761921300000,1761917700000,1761921240000,60,60,0,1
R001758,328,DOGE,DOGE-USDT-SWAP,1761921305000,1761921240000,1761921300000,1761917700000,1761921240000,60,60,0,1
R001758,328,ADA,ADA-USDT-SWAP,1761921305000,1761921240000,1761921300000,1761917700000,1761921240000,60,60,0,1
R001758,328,LTC,LTC-USDT-SWAP,1761921305000,1761921240000,1761921300000,1761917700000,1761921240000,60,60,0,1
R001758,328,BCH,BCH-USDT-SWAP,1761921305000,1761921240000,1761921300000,1761917700000,1761921240000,60,60,0,1
R001758,328,LINK,LINK-USDT-SWAP,1761921305000,1761921240000,1761921300000,1761917700000,1761921240000,60,60,0,1
R001759,329,ETH,ETH-USDT-SWAP,1761923283000,1761923220000,1761923280000,1761919680000,1761923220000,60,60,0,1
R001759,329,SOL,SOL-USDT-SWAP,1761923283000,1761923220000,1761923280000,1761919680000,1761923220000,60,60,0,1
R001759,329,XRP,XRP-USDT-SWAP,1761923283000,1761923220000,1761923280000,1761919680000,1761923220000,60,60,0,1
R001759,329,DOGE,DOGE-USDT-SWAP,1761923283000,1761923220000,1761923280000,1761919680000,1761923220000,60,60,0,1
R001759,329,ADA,ADA-USDT-SWAP,1761923283000,1761923220000,1761923280000,1761919680000,1761923220000,60,60,0,1
R001759,329,LTC,LTC-USDT-SWAP,1761923283000,1761923220000,1761923280000,1761919680000,1761923220000,60,60,0,1
R001759,329,BCH,BCH-USDT-SWAP,1761923283000,1761923220000,1761923280000,1761919680000,1761923220000,60,60,0,1
R001759,329,LINK,LINK-USDT-SWAP,1761923283000,1761923220000,1761923280000,1761919680000,1761923220000,60,60,0,1
R001760,330,ETH,ETH-USDT-SWAP,1761936245000,1761936180000,1761936240000,1761932640000,1761936180000,60,60,0,1
R001760,330,SOL,SOL-USDT-SWAP,1761936245000,1761936180000,1761936240000,1761932640000,1761936180000,60,60,0,1
R001760,330,XRP,XRP-USDT-SWAP,1761936245000,1761936180000,1761936240000,1761932640000,1761936180000,60,60,0,1
R001760,330,DOGE,DOGE-USDT-SWAP,1761936245000,1761936180000,1761936240000,1761932640000,1761936180000,60,60,0,1
R001760,330,ADA,ADA-USDT-SWAP,1761936245000,1761936180000,1761936240000,1761932640000,1761936180000,60,60,0,1
R001760,330,LTC,LTC-USDT-SWAP,1761936245000,1761936180000,1761936240000,1761932640000,1761936180000,60,60,0,1
R001760,330,BCH,BCH-USDT-SWAP,1761936245000,1761936180000,1761936240000,1761932640000,1761936180000,60,60,0,1
R001760,330,LINK,LINK-USDT-SWAP,1761936245000,1761936180000,1761936240000,1761932640000,1761936180000,60,60,0,1
R001761,331,ETH,ETH-USDT-SWAP,1761940007000,1761939900000,1761939960000,1761936360000,1761939900000,60,60,0,1
R001761,331,SOL,SOL-USDT-SWAP,1761940007000,1761939900000,1761939960000,1761936360000,1761939900000,60,60,0,1
R001761,331,XRP,XRP-USDT-SWAP,1761940007000,1761939900000,1761939960000,1761936360000,1761939900000,60,60,0,1
R001761,331,DOGE,DOGE-USDT-SWAP,1761940007000,1761939900000,1761939960000,1761936360000,1761939900000,60,60,0,1
R001761,331,ADA,ADA-USDT-SWAP,1761940007000,1761939900000,1761939960000,1761936360000,1761939900000,60,60,0,1
R001761,331,LTC,LTC-USDT-SWAP,1761940007000,1761939900000,1761939960000,1761936360000,1761939900000,60,60,0,1
R001761,331,BCH,BCH-USDT-SWAP,1761940007000,1761939900000,1761939960000,1761936360000,1761939900000,60,60,0,1
R001761,331,LINK,LINK-USDT-SWAP,1761940007000,1761939900000,1761939960000,1761936360000,1761939900000,60,60,0,1
R001764,332,ETH,ETH-USDT-SWAP,1762099234000,1762099140000,1762099200000,1762095600000,1762099140000,60,60,0,1
R001764,332,SOL,SOL-USDT-SWAP,1762099234000,1762099140000,1762099200000,1762095600000,1762099140000,60,60,0,1
R001764,332,XRP,XRP-USDT-SWAP,1762099234000,1762099140000,1762099200000,1762095600000,1762099140000,60,60,0,1
R001764,332,DOGE,DOGE-USDT-SWAP,1762099234000,1762099140000,1762099200000,1762095600000,1762099140000,60,60,0,1
R001764,332,ADA,ADA-USDT-SWAP,1762099234000,1762099140000,1762099200000,1762095600000,1762099140000,60,60,0,1
R001764,332,LTC,LTC-USDT-SWAP,1762099234000,1762099140000,1762099200000,1762095600000,1762099140000,60,60,0,1
R001764,332,BCH,BCH-USDT-SWAP,1762099234000,1762099140000,1762099200000,1762095600000,1762099140000,60,60,0,1
R001764,332,LINK,LINK-USDT-SWAP,1762099234000,1762099140000,1762099200000,1762095600000,1762099140000,60,60,0,1
R001765,333,ETH,ETH-USDT-SWAP,1762122876000,1762122780000,1762122840000,1762119240000,1762122780000,60,60,0,1
R001765,333,SOL,SOL-USDT-SWAP,1762122876000,1762122780000,1762122840000,1762119240000,1762122780000,60,60,0,1
R001765,333,XRP,XRP-USDT-SWAP,1762122876000,1762122780000,1762122840000,1762119240000,1762122780000,60,60,0,1
R001765,333,DOGE,DOGE-USDT-SWAP,1762122876000,1762122780000,1762122840000,1762119240000,1762122780000,60,60,0,1
R001765,333,ADA,ADA-USDT-SWAP,1762122876000,1762122780000,1762122840000,1762119240000,1762122780000,60,60,0,1
R001765,333,LTC,LTC-USDT-SWAP,1762122876000,1762122780000,1762122840000,1762119240000,1762122780000,60,60,0,1
R001765,333,BCH,BCH-USDT-SWAP,1762122876000,1762122780000,1762122840000,1762119240000,1762122780000,60,60,0,1
R001765,333,LINK,LINK-USDT-SWAP,1762122876000,1762122780000,1762122840000,1762119240000,1762122780000,60,60,0,1
R001771,334,ETH,ETH-USDT-SWAP,1762171470000,1762171380000,1762171440000,1762167840000,1762171380000,60,60,0,1
R001771,334,SOL,SOL-USDT-SWAP,1762171470000,1762171380000,1762171440000,1762167840000,1762171380000,60,60,0,1
R001771,334,XRP,XRP-USDT-SWAP,1762171470000,1762171380000,1762171440000,1762167840000,1762171380000,60,60,0,1
R001771,334,DOGE,DOGE-USDT-SWAP,1762171470000,1762171380000,1762171440000,1762167840000,1762171380000,60,60,0,1
R001771,334,ADA,ADA-USDT-SWAP,1762171470000,1762171380000,1762171440000,1762167840000,1762171380000,60,60,0,1
R001771,334,LTC,LTC-USDT-SWAP,1762171470000,1762171380000,1762171440000,1762167840000,1762171380000,60,60,0,1
R001771,334,BCH,BCH-USDT-SWAP,1762171470000,1762171380000,1762171440000,1762167840000,1762171380000,60,60,0,1
R001771,334,LINK,LINK-USDT-SWAP,1762171470000,1762171380000,1762171440000,1762167840000,1762171380000,60,60,0,1
R001774,335,ETH,ETH-USDT-SWAP,1762190483000,1762190400000,1762190460000,1762186860000,1762190400000,60,60,0,1
R001774,335,SOL,SOL-USDT-SWAP,1762190483000,1762190400000,1762190460000,1762186860000,1762190400000,60,60,0,1
R001774,335,XRP,XRP-USDT-SWAP,1762190483000,1762190400000,1762190460000,1762186860000,1762190400000,60,60,0,1
R001774,335,DOGE,DOGE-USDT-SWAP,1762190483000,1762190400000,1762190460000,1762186860000,1762190400000,60,60,0,1
R001774,335,ADA,ADA-USDT-SWAP,1762190483000,1762190400000,1762190460000,1762186860000,1762190400000,60,60,0,1
R001774,335,LTC,LTC-USDT-SWAP,1762190483000,1762190400000,1762190460000,1762186860000,1762190400000,60,60,0,1
R001774,335,BCH,BCH-USDT-SWAP,1762190483000,1762190400000,1762190460000,1762186860000,1762190400000,60,60,0,1
R001774,335,LINK,LINK-USDT-SWAP,1762190483000,1762190400000,1762190460000,1762186860000,1762190400000,60,60,0,1
R001779,336,ETH,ETH-USDT-SWAP,1762266739000,1762266660000,1762266720000,1762263120000,1762266660000,60,60,0,1
R001779,336,SOL,SOL-USDT-SWAP,1762266739000,1762266660000,1762266720000,1762263120000,1762266660000,60,60,0,1
R001779,336,XRP,XRP-USDT-SWAP,1762266739000,1762266660000,1762266720000,1762263120000,1762266660000,60,60,0,1
R001779,336,DOGE,DOGE-USDT-SWAP,1762266739000,1762266660000,1762266720000,1762263120000,1762266660000,60,60,0,1
R001779,336,ADA,ADA-USDT-SWAP,1762266739000,1762266660000,1762266720000,1762263120000,1762266660000,60,60,0,1
R001779,336,LTC,LTC-USDT-SWAP,1762266739000,1762266660000,1762266720000,1762263120000,1762266660000,60,60,0,1
R001779,336,BCH,BCH-USDT-SWAP,1762266739000,1762266660000,1762266720000,1762263120000,1762266660000,60,60,0,1
R001779,336,LINK,LINK-USDT-SWAP,1762266739000,1762266660000,1762266720000,1762263120000,1762266660000,60,60,0,1
R001782,337,ETH,ETH-USDT-SWAP,1762290877000,1762290780000,1762290840000,1762287240000,1762290780000,60,60,0,1
R001782,337,SOL,SOL-USDT-SWAP,1762290877000,1762290780000,1762290840000,1762287240000,1762290780000,60,60,0,1
R001782,337,XRP,XRP-USDT-SWAP,1762290877000,1762290780000,1762290840000,1762287240000,1762290780000,60,60,0,1
R001782,337,DOGE,DOGE-USDT-SWAP,1762290877000,1762290780000,1762290840000,1762287240000,1762290780000,60,60,0,1
R001782,337,ADA,ADA-USDT-SWAP,1762290877000,1762290780000,1762290840000,1762287240000,1762290780000,60,60,0,1
R001782,337,LTC,LTC-USDT-SWAP,1762290877000,1762290780000,1762290840000,1762287240000,1762290780000,60,60,0,1
R001782,337,BCH,BCH-USDT-SWAP,1762290877000,1762290780000,1762290840000,1762287240000,1762290780000,60,60,0,1
R001782,337,LINK,LINK-USDT-SWAP,1762290877000,1762290780000,1762290840000,1762287240000,1762290780000,60,60,0,1
R001786,338,ETH,ETH-USDT-SWAP,1762373576000,1762373460000,1762373520000,1762369920000,1762373460000,60,60,0,1
R001786,338,SOL,SOL-USDT-SWAP,1762373576000,1762373460000,1762373520000,1762369920000,1762373460000,60,60,0,1
R001786,338,XRP,XRP-USDT-SWAP,1762373576000,1762373460000,1762373520000,1762369920000,1762373460000,60,60,0,1
R001786,338,DOGE,DOGE-USDT-SWAP,1762373576000,1762373460000,1762373520000,1762369920000,1762373460000,60,60,0,1
R001786,338,ADA,ADA-USDT-SWAP,1762373576000,1762373460000,1762373520000,1762369920000,1762373460000,60,60,0,1
R001786,338,LTC,LTC-USDT-SWAP,1762373576000,1762373460000,1762373520000,1762369920000,1762373460000,60,60,0,1
R001786,338,BCH,BCH-USDT-SWAP,1762373576000,1762373460000,1762373520000,1762369920000,1762373460000,60,60,0,1
R001786,338,LINK,LINK-USDT-SWAP,1762373576000,1762373460000,1762373520000,1762369920000,1762373460000,60,60,0,1
R001789,339,ETH,ETH-USDT-SWAP,1762426970000,1762426860000,1762426920000,1762423320000,1762426860000,60,60,0,1
R001789,339,SOL,SOL-USDT-SWAP,1762426970000,1762426860000,1762426920000,1762423320000,1762426860000,60,60,0,1
R001789,339,XRP,XRP-USDT-SWAP,1762426970000,1762426860000,1762426920000,1762423320000,1762426860000,60,60,0,1
R001789,339,DOGE,DOGE-USDT-SWAP,1762426970000,1762426860000,1762426920000,1762423320000,1762426860000,60,60,0,1
R001789,339,ADA,ADA-USDT-SWAP,1762426970000,1762426860000,1762426920000,1762423320000,1762426860000,60,60,0,1
R001789,339,LTC,LTC-USDT-SWAP,1762426970000,1762426860000,1762426920000,1762423320000,1762426860000,60,60,0,1
R001789,339,BCH,BCH-USDT-SWAP,1762426970000,1762426860000,1762426920000,1762423320000,1762426860000,60,60,0,1
R001789,339,LINK,LINK-USDT-SWAP,1762426970000,1762426860000,1762426920000,1762423320000,1762426860000,60,60,0,1
R001790,340,ETH,ETH-USDT-SWAP,1762447353000,1762447260000,1762447320000,1762443720000,1762447260000,60,60,0,1
R001790,340,SOL,SOL-USDT-SWAP,1762447353000,1762447260000,1762447320000,1762443720000,1762447260000,60,60,0,1
R001790,340,XRP,XRP-USDT-SWAP,1762447353000,1762447260000,1762447320000,1762443720000,1762447260000,60,60,0,1
R001790,340,DOGE,DOGE-USDT-SWAP,1762447353000,1762447260000,1762447320000,1762443720000,1762447260000,60,60,0,1
R001790,340,ADA,ADA-USDT-SWAP,1762447353000,1762447260000,1762447320000,1762443720000,1762447260000,60,60,0,1
R001790,340,LTC,LTC-USDT-SWAP,1762447353000,1762447260000,1762447320000,1762443720000,1762447260000,60,60,0,1
R001790,340,BCH,BCH-USDT-SWAP,1762447353000,1762447260000,1762447320000,1762443720000,1762447260000,60,60,0,1
R001790,340,LINK,LINK-USDT-SWAP,1762447353000,1762447260000,1762447320000,1762443720000,1762447260000,60,60,0,1
R001791,341,ETH,ETH-USDT-SWAP,1762448333000,1762448220000,1762448280000,1762444680000,1762448220000,60,60,0,1
R001791,341,SOL,SOL-USDT-SWAP,1762448333000,1762448220000,1762448280000,1762444680000,1762448220000,60,60,0,1
R001791,341,XRP,XRP-USDT-SWAP,1762448333000,1762448220000,1762448280000,1762444680000,1762448220000,60,60,0,1
R001791,341,DOGE,DOGE-USDT-SWAP,1762448333000,1762448220000,1762448280000,1762444680000,1762448220000,60,60,0,1
R001791,341,ADA,ADA-USDT-SWAP,1762448333000,1762448220000,1762448280000,1762444680000,1762448220000,60,60,0,1
R001791,341,LTC,LTC-USDT-SWAP,1762448333000,1762448220000,1762448280000,1762444680000,1762448220000,60,60,0,1
R001791,341,BCH,BCH-USDT-SWAP,1762448333000,1762448220000,1762448280000,1762444680000,1762448220000,60,60,0,1
R001791,341,LINK,LINK-USDT-SWAP,1762448333000,1762448220000,1762448280000,1762444680000,1762448220000,60,60,0,1
R001796,342,ETH,ETH-USDT-SWAP,1762697383000,1762697280000,1762697340000,1762693740000,1762697280000,60,60,0,1
R001796,342,SOL,SOL-USDT-SWAP,1762697383000,1762697280000,1762697340000,1762693740000,1762697280000,60,60,0,1
R001796,342,XRP,XRP-USDT-SWAP,1762697383000,1762697280000,1762697340000,1762693740000,1762697280000,60,60,0,1
R001796,342,DOGE,DOGE-USDT-SWAP,1762697383000,1762697280000,1762697340000,1762693740000,1762697280000,60,60,0,1
R001796,342,ADA,ADA-USDT-SWAP,1762697383000,1762697280000,1762697340000,1762693740000,1762697280000,60,60,0,1
R001796,342,LTC,LTC-USDT-SWAP,1762697383000,1762697280000,1762697340000,1762693740000,1762697280000,60,60,0,1
R001796,342,BCH,BCH-USDT-SWAP,1762697383000,1762697280000,1762697340000,1762693740000,1762697280000,60,60,0,1
R001796,342,LINK,LINK-USDT-SWAP,1762697383000,1762697280000,1762697340000,1762693740000,1762697280000,60,60,0,1
R001803,343,ETH,ETH-USDT-SWAP,1762873935000,1762873860000,1762873920000,1762870320000,1762873860000,60,60,0,1
R001803,343,SOL,SOL-USDT-SWAP,1762873935000,1762873860000,1762873920000,1762870320000,1762873860000,60,60,0,1
R001803,343,XRP,XRP-USDT-SWAP,1762873935000,1762873860000,1762873920000,1762870320000,1762873860000,60,60,0,1
R001803,343,DOGE,DOGE-USDT-SWAP,1762873935000,1762873860000,1762873920000,1762870320000,1762873860000,60,60,0,1
R001803,343,ADA,ADA-USDT-SWAP,1762873935000,1762873860000,1762873920000,1762870320000,1762873860000,60,60,0,1
R001803,343,LTC,LTC-USDT-SWAP,1762873935000,1762873860000,1762873920000,1762870320000,1762873860000,60,60,0,1
R001803,343,BCH,BCH-USDT-SWAP,1762873935000,1762873860000,1762873920000,1762870320000,1762873860000,60,60,0,1
R001803,343,LINK,LINK-USDT-SWAP,1762873935000,1762873860000,1762873920000,1762870320000,1762873860000,60,60,0,1
R001804,344,ETH,ETH-USDT-SWAP,1763003734000,1763003640000,1763003700000,1763000100000,1763003640000,60,60,0,1
R001804,344,SOL,SOL-USDT-SWAP,1763003734000,1763003640000,1763003700000,1763000100000,1763003640000,60,60,0,1
R001804,344,XRP,XRP-USDT-SWAP,1763003734000,1763003640000,1763003700000,1763000100000,1763003640000,60,60,0,1
R001804,344,DOGE,DOGE-USDT-SWAP,1763003734000,1763003640000,1763003700000,1763000100000,1763003640000,60,60,0,1
R001804,344,ADA,ADA-USDT-SWAP,1763003734000,1763003640000,1763003700000,1763000100000,1763003640000,60,60,0,1
R001804,344,LTC,LTC-USDT-SWAP,1763003734000,1763003640000,1763003700000,1763000100000,1763003640000,60,60,0,1
R001804,344,BCH,BCH-USDT-SWAP,1763003734000,1763003640000,1763003700000,1763000100000,1763003640000,60,60,0,1
R001804,344,LINK,LINK-USDT-SWAP,1763003734000,1763003640000,1763003700000,1763000100000,1763003640000,60,60,0,1
R001806,345,ETH,ETH-USDT-SWAP,1763013621000,1763013540000,1763013600000,1763010000000,1763013540000,60,60,0,1
R001806,345,SOL,SOL-USDT-SWAP,1763013621000,1763013540000,1763013600000,1763010000000,1763013540000,60,60,0,1
R001806,345,XRP,XRP-USDT-SWAP,1763013621000,1763013540000,1763013600000,1763010000000,1763013540000,60,60,0,1
R001806,345,DOGE,DOGE-USDT-SWAP,1763013621000,1763013540000,1763013600000,1763010000000,1763013540000,60,60,0,1
R001806,345,ADA,ADA-USDT-SWAP,1763013621000,1763013540000,1763013600000,1763010000000,1763013540000,60,60,0,1
R001806,345,LTC,LTC-USDT-SWAP,1763013621000,1763013540000,1763013600000,1763010000000,1763013540000,60,60,0,1
R001806,345,BCH,BCH-USDT-SWAP,1763013621000,1763013540000,1763013600000,1763010000000,1763013540000,60,60,0,1
R001806,345,LINK,LINK-USDT-SWAP,1763013621000,1763013540000,1763013600000,1763010000000,1763013540000,60,60,0,1
R001807,346,ETH,ETH-USDT-SWAP,1763035202000,1763035140000,1763035200000,1763031600000,1763035140000,60,60,0,1
R001807,346,SOL,SOL-USDT-SWAP,1763035202000,1763035140000,1763035200000,1763031600000,1763035140000,60,60,0,1
R001807,346,XRP,XRP-USDT-SWAP,1763035202000,1763035140000,1763035200000,1763031600000,1763035140000,60,60,0,1
R001807,346,DOGE,DOGE-USDT-SWAP,1763035202000,1763035140000,1763035200000,1763031600000,1763035140000,60,60,0,1
R001807,346,ADA,ADA-USDT-SWAP,1763035202000,1763035140000,1763035200000,1763031600000,1763035140000,60,60,0,1
R001807,346,LTC,LTC-USDT-SWAP,1763035202000,1763035140000,1763035200000,1763031600000,1763035140000,60,60,0,1
R001807,346,BCH,BCH-USDT-SWAP,1763035202000,1763035140000,1763035200000,1763031600000,1763035140000,60,60,0,1
R001807,346,LINK,LINK-USDT-SWAP,1763035202000,1763035140000,1763035200000,1763031600000,1763035140000,60,60,0,1
R001809,347,ETH,ETH-USDT-SWAP,1763045482000,1763045400000,1763045460000,1763041860000,1763045400000,60,60,0,1
R001809,347,SOL,SOL-USDT-SWAP,1763045482000,1763045400000,1763045460000,1763041860000,1763045400000,60,60,0,1
R001809,347,XRP,XRP-USDT-SWAP,1763045482000,1763045400000,1763045460000,1763041860000,1763045400000,60,60,0,1
R001809,347,DOGE,DOGE-USDT-SWAP,1763045482000,1763045400000,1763045460000,1763041860000,1763045400000,60,60,0,1
R001809,347,ADA,ADA-USDT-SWAP,1763045482000,1763045400000,1763045460000,1763041860000,1763045400000,60,60,0,1
R001809,347,LTC,LTC-USDT-SWAP,1763045482000,1763045400000,1763045460000,1763041860000,1763045400000,60,60,0,1
R001809,347,BCH,BCH-USDT-SWAP,1763045482000,1763045400000,1763045460000,1763041860000,1763045400000,60,60,0,1
R001809,347,LINK,LINK-USDT-SWAP,1763045482000,1763045400000,1763045460000,1763041860000,1763045400000,60,60,0,1
R001810,348,ETH,ETH-USDT-SWAP,1763052945000,1763052840000,1763052900000,1763049300000,1763052840000,60,60,0,1
R001810,348,SOL,SOL-USDT-SWAP,1763052945000,1763052840000,1763052900000,1763049300000,1763052840000,60,60,0,1
R001810,348,XRP,XRP-USDT-SWAP,1763052945000,1763052840000,1763052900000,1763049300000,1763052840000,60,60,0,1
R001810,348,DOGE,DOGE-USDT-SWAP,1763052945000,1763052840000,1763052900000,1763049300000,1763052840000,60,60,0,1
R001810,348,ADA,ADA-USDT-SWAP,1763052945000,1763052840000,1763052900000,1763049300000,1763052840000,60,60,0,1
R001810,348,LTC,LTC-USDT-SWAP,1763052945000,1763052840000,1763052900000,1763049300000,1763052840000,60,60,0,1
R001810,348,BCH,BCH-USDT-SWAP,1763052945000,1763052840000,1763052900000,1763049300000,1763052840000,60,60,0,1
R001810,348,LINK,LINK-USDT-SWAP,1763052945000,1763052840000,1763052900000,1763049300000,1763052840000,60,60,0,1
R001813,349,ETH,ETH-USDT-SWAP,1763077960000,1763077860000,1763077920000,1763074320000,1763077860000,60,60,0,1
R001813,349,SOL,SOL-USDT-SWAP,1763077960000,1763077860000,1763077920000,1763074320000,1763077860000,60,60,0,1
R001813,349,XRP,XRP-USDT-SWAP,1763077960000,1763077860000,1763077920000,1763074320000,1763077860000,60,60,0,1
R001813,349,DOGE,DOGE-USDT-SWAP,1763077960000,1763077860000,1763077920000,1763074320000,1763077860000,60,60,0,1
R001813,349,ADA,ADA-USDT-SWAP,1763077960000,1763077860000,1763077920000,1763074320000,1763077860000,60,60,0,1
R001813,349,LTC,LTC-USDT-SWAP,1763077960000,1763077860000,1763077920000,1763074320000,1763077860000,60,60,0,1
R001813,349,BCH,BCH-USDT-SWAP,1763077960000,1763077860000,1763077920000,1763074320000,1763077860000,60,60,0,1
R001813,349,LINK,LINK-USDT-SWAP,1763077960000,1763077860000,1763077920000,1763074320000,1763077860000,60,60,0,1
R001814,350,ETH,ETH-USDT-SWAP,1763078936000,1763078820000,1763078880000,1763075280000,1763078820000,60,60,0,1
R001814,350,SOL,SOL-USDT-SWAP,1763078936000,1763078820000,1763078880000,1763075280000,1763078820000,60,60,0,1
R001814,350,XRP,XRP-USDT-SWAP,1763078936000,1763078820000,1763078880000,1763075280000,1763078820000,60,60,0,1
R001814,350,DOGE,DOGE-USDT-SWAP,1763078936000,1763078820000,1763078880000,1763075280000,1763078820000,60,60,0,1
R001814,350,ADA,ADA-USDT-SWAP,1763078936000,1763078820000,1763078880000,1763075280000,1763078820000,60,60,0,1
R001814,350,LTC,LTC-USDT-SWAP,1763078936000,1763078820000,1763078880000,1763075280000,1763078820000,60,60,0,1
R001814,350,BCH,BCH-USDT-SWAP,1763078936000,1763078820000,1763078880000,1763075280000,1763078820000,60,60,0,1
R001814,350,LINK,LINK-USDT-SWAP,1763078936000,1763078820000,1763078880000,1763075280000,1763078820000,60,60,0,1
R001815,351,ETH,ETH-USDT-SWAP,1763094893000,1763094780000,1763094840000,1763091240000,1763094780000,60,60,0,1
R001815,351,SOL,SOL-USDT-SWAP,1763094893000,1763094780000,1763094840000,1763091240000,1763094780000,60,60,0,1
R001815,351,XRP,XRP-USDT-SWAP,1763094893000,1763094780000,1763094840000,1763091240000,1763094780000,60,60,0,1
R001815,351,DOGE,DOGE-USDT-SWAP,1763094893000,1763094780000,1763094840000,1763091240000,1763094780000,60,60,0,1
R001815,351,ADA,ADA-USDT-SWAP,1763094893000,1763094780000,1763094840000,1763091240000,1763094780000,60,60,0,1
R001815,351,LTC,LTC-USDT-SWAP,1763094893000,1763094780000,1763094840000,1763091240000,1763094780000,60,60,0,1
R001815,351,BCH,BCH-USDT-SWAP,1763094893000,1763094780000,1763094840000,1763091240000,1763094780000,60,60,0,1
R001815,351,LINK,LINK-USDT-SWAP,1763094893000,1763094780000,1763094840000,1763091240000,1763094780000,60,60,0,1
R001816,352,ETH,ETH-USDT-SWAP,1763102941000,1763102880000,1763102940000,1763099340000,1763102880000,60,60,0,1
R001816,352,SOL,SOL-USDT-SWAP,1763102941000,1763102880000,1763102940000,1763099340000,1763102880000,60,60,0,1
R001816,352,XRP,XRP-USDT-SWAP,1763102941000,1763102880000,1763102940000,1763099340000,1763102880000,60,60,0,1
R001816,352,DOGE,DOGE-USDT-SWAP,1763102941000,1763102880000,1763102940000,1763099340000,1763102880000,60,60,0,1
R001816,352,ADA,ADA-USDT-SWAP,1763102941000,1763102880000,1763102940000,1763099340000,1763102880000,60,60,0,1
R001816,352,LTC,LTC-USDT-SWAP,1763102941000,1763102880000,1763102940000,1763099340000,1763102880000,60,60,0,1
R001816,352,BCH,BCH-USDT-SWAP,1763102941000,1763102880000,1763102940000,1763099340000,1763102880000,60,60,0,1
R001816,352,LINK,LINK-USDT-SWAP,1763102941000,1763102880000,1763102940000,1763099340000,1763102880000,60,60,0,1
R001817,353,ETH,ETH-USDT-SWAP,1763129394000,1763129280000,1763129340000,1763125740000,1763129280000,60,60,0,1
R001817,353,SOL,SOL-USDT-SWAP,1763129394000,1763129280000,1763129340000,1763125740000,1763129280000,60,60,0,1
R001817,353,XRP,XRP-USDT-SWAP,1763129394000,1763129280000,1763129340000,1763125740000,1763129280000,60,60,0,1
R001817,353,DOGE,DOGE-USDT-SWAP,1763129394000,1763129280000,1763129340000,1763125740000,1763129280000,60,60,0,1
R001817,353,ADA,ADA-USDT-SWAP,1763129394000,1763129280000,1763129340000,1763125740000,1763129280000,60,60,0,1
R001817,353,LTC,LTC-USDT-SWAP,1763129394000,1763129280000,1763129340000,1763125740000,1763129280000,60,60,0,1
R001817,353,BCH,BCH-USDT-SWAP,1763129394000,1763129280000,1763129340000,1763125740000,1763129280000,60,60,0,1
R001817,353,LINK,LINK-USDT-SWAP,1763129394000,1763129280000,1763129340000,1763125740000,1763129280000,60,60,0,1
R001819,354,ETH,ETH-USDT-SWAP,1763146745000,1763146680000,1763146740000,1763143140000,1763146680000,60,60,0,1
R001819,354,SOL,SOL-USDT-SWAP,1763146745000,1763146680000,1763146740000,1763143140000,1763146680000,60,60,0,1
R001819,354,XRP,XRP-USDT-SWAP,1763146745000,1763146680000,1763146740000,1763143140000,1763146680000,60,60,0,1
R001819,354,DOGE,DOGE-USDT-SWAP,1763146745000,1763146680000,1763146740000,1763143140000,1763146680000,60,60,0,1
R001819,354,ADA,ADA-USDT-SWAP,1763146745000,1763146680000,1763146740000,1763143140000,1763146680000,60,60,0,1
R001819,354,LTC,LTC-USDT-SWAP,1763146745000,1763146680000,1763146740000,1763143140000,1763146680000,60,60,0,1
R001819,354,BCH,BCH-USDT-SWAP,1763146745000,1763146680000,1763146740000,1763143140000,1763146680000,60,60,0,1
R001819,354,LINK,LINK-USDT-SWAP,1763146745000,1763146680000,1763146740000,1763143140000,1763146680000,60,60,0,1
R001820,355,ETH,ETH-USDT-SWAP,1763171706000,1763171640000,1763171700000,1763168100000,1763171640000,60,60,0,1
R001820,355,SOL,SOL-USDT-SWAP,1763171706000,1763171640000,1763171700000,1763168100000,1763171640000,60,60,0,1
R001820,355,XRP,XRP-USDT-SWAP,1763171706000,1763171640000,1763171700000,1763168100000,1763171640000,60,60,0,1
R001820,355,DOGE,DOGE-USDT-SWAP,1763171706000,1763171640000,1763171700000,1763168100000,1763171640000,60,60,0,1
R001820,355,ADA,ADA-USDT-SWAP,1763171706000,1763171640000,1763171700000,1763168100000,1763171640000,60,60,0,1
R001820,355,LTC,LTC-USDT-SWAP,1763171706000,1763171640000,1763171700000,1763168100000,1763171640000,60,60,0,1
R001820,355,BCH,BCH-USDT-SWAP,1763171706000,1763171640000,1763171700000,1763168100000,1763171640000,60,60,0,1
R001820,355,LINK,LINK-USDT-SWAP,1763171706000,1763171640000,1763171700000,1763168100000,1763171640000,60,60,0,1
R001823,356,ETH,ETH-USDT-SWAP,1763308411000,1763308320000,1763308380000,1763304780000,1763308320000,60,60,0,1
R001823,356,SOL,SOL-USDT-SWAP,1763308411000,1763308320000,1763308380000,1763304780000,1763308320000,60,60,0,1
R001823,356,XRP,XRP-USDT-SWAP,1763308411000,1763308320000,1763308380000,1763304780000,1763308320000,60,60,0,1
R001823,356,DOGE,DOGE-USDT-SWAP,1763308411000,1763308320000,1763308380000,1763304780000,1763308320000,60,60,0,1
R001823,356,ADA,ADA-USDT-SWAP,1763308411000,1763308320000,1763308380000,1763304780000,1763308320000,60,60,0,1
R001823,356,LTC,LTC-USDT-SWAP,1763308411000,1763308320000,1763308380000,1763304780000,1763308320000,60,60,0,1
R001823,356,BCH,BCH-USDT-SWAP,1763308411000,1763308320000,1763308380000,1763304780000,1763308320000,60,60,0,1
R001823,356,LINK,LINK-USDT-SWAP,1763308411000,1763308320000,1763308380000,1763304780000,1763308320000,60,60,0,1
R001828,357,ETH,ETH-USDT-SWAP,1763386146000,1763386080000,1763386140000,1763382540000,1763386080000,60,60,0,1
R001828,357,SOL,SOL-USDT-SWAP,1763386146000,1763386080000,1763386140000,1763382540000,1763386080000,60,60,0,1
R001828,357,XRP,XRP-USDT-SWAP,1763386146000,1763386080000,1763386140000,1763382540000,1763386080000,60,60,0,1
R001828,357,DOGE,DOGE-USDT-SWAP,1763386146000,1763386080000,1763386140000,1763382540000,1763386080000,60,60,0,1
R001828,357,ADA,ADA-USDT-SWAP,1763386146000,1763386080000,1763386140000,1763382540000,1763386080000,60,60,0,1
R001828,357,LTC,LTC-USDT-SWAP,1763386146000,1763386080000,1763386140000,1763382540000,1763386080000,60,60,0,1
R001828,357,BCH,BCH-USDT-SWAP,1763386146000,1763386080000,1763386140000,1763382540000,1763386080000,60,60,0,1
R001828,357,LINK,LINK-USDT-SWAP,1763386146000,1763386080000,1763386140000,1763382540000,1763386080000,60,60,0,1
R001829,358,ETH,ETH-USDT-SWAP,1763390206000,1763390100000,1763390160000,1763386560000,1763390100000,60,60,0,1
R001829,358,SOL,SOL-USDT-SWAP,1763390206000,1763390100000,1763390160000,1763386560000,1763390100000,60,60,0,1
R001829,358,XRP,XRP-USDT-SWAP,1763390206000,1763390100000,1763390160000,1763386560000,1763390100000,60,60,0,1
R001829,358,DOGE,DOGE-USDT-SWAP,1763390206000,1763390100000,1763390160000,1763386560000,1763390100000,60,60,0,1
R001829,358,ADA,ADA-USDT-SWAP,1763390206000,1763390100000,1763390160000,1763386560000,1763390100000,60,60,0,1
R001829,358,LTC,LTC-USDT-SWAP,1763390206000,1763390100000,1763390160000,1763386560000,1763390100000,60,60,0,1
R001829,358,BCH,BCH-USDT-SWAP,1763390206000,1763390100000,1763390160000,1763386560000,1763390100000,60,60,0,1
R001829,358,LINK,LINK-USDT-SWAP,1763390206000,1763390100000,1763390160000,1763386560000,1763390100000,60,60,0,1
R001831,359,ETH,ETH-USDT-SWAP,1763417565000,1763417460000,1763417520000,1763413920000,1763417460000,60,60,0,1
R001831,359,SOL,SOL-USDT-SWAP,1763417565000,1763417460000,1763417520000,1763413920000,1763417460000,60,60,0,1
R001831,359,XRP,XRP-USDT-SWAP,1763417565000,1763417460000,1763417520000,1763413920000,1763417460000,60,60,0,1
R001831,359,DOGE,DOGE-USDT-SWAP,1763417565000,1763417460000,1763417520000,1763413920000,1763417460000,60,60,0,1
R001831,359,ADA,ADA-USDT-SWAP,1763417565000,1763417460000,1763417520000,1763413920000,1763417460000,60,60,0,1
R001831,359,LTC,LTC-USDT-SWAP,1763417565000,1763417460000,1763417520000,1763413920000,1763417460000,60,60,0,1
R001831,359,BCH,BCH-USDT-SWAP,1763417565000,1763417460000,1763417520000,1763413920000,1763417460000,60,60,0,1
R001831,359,LINK,LINK-USDT-SWAP,1763417565000,1763417460000,1763417520000,1763413920000,1763417460000,60,60,0,1
R001834,360,ETH,ETH-USDT-SWAP,1763441246000,1763441160000,1763441220000,1763437620000,1763441160000,60,60,0,1
R001834,360,SOL,SOL-USDT-SWAP,1763441246000,1763441160000,1763441220000,1763437620000,1763441160000,60,60,0,1
R001834,360,XRP,XRP-USDT-SWAP,1763441246000,1763441160000,1763441220000,1763437620000,1763441160000,60,60,0,1
R001834,360,DOGE,DOGE-USDT-SWAP,1763441246000,1763441160000,1763441220000,1763437620000,1763441160000,60,60,0,1
R001834,360,ADA,ADA-USDT-SWAP,1763441246000,1763441160000,1763441220000,1763437620000,1763441160000,60,60,0,1
R001834,360,LTC,LTC-USDT-SWAP,1763441246000,1763441160000,1763441220000,1763437620000,1763441160000,60,60,0,1
R001834,360,BCH,BCH-USDT-SWAP,1763441246000,1763441160000,1763441220000,1763437620000,1763441160000,60,60,0,1
R001834,360,LINK,LINK-USDT-SWAP,1763441246000,1763441160000,1763441220000,1763437620000,1763441160000,60,60,0,1
R001836,361,ETH,ETH-USDT-SWAP,1763479338000,1763479260000,1763479320000,1763475720000,1763479260000,60,60,0,1
R001836,361,SOL,SOL-USDT-SWAP,1763479338000,1763479260000,1763479320000,1763475720000,1763479260000,60,60,0,1
R001836,361,XRP,XRP-USDT-SWAP,1763479338000,1763479260000,1763479320000,1763475720000,1763479260000,60,60,0,1
R001836,361,DOGE,DOGE-USDT-SWAP,1763479338000,1763479260000,1763479320000,1763475720000,1763479260000,60,60,0,1
R001836,361,ADA,ADA-USDT-SWAP,1763479338000,1763479260000,1763479320000,1763475720000,1763479260000,60,60,0,1
R001836,361,LTC,LTC-USDT-SWAP,1763479338000,1763479260000,1763479320000,1763475720000,1763479260000,60,60,0,1
R001836,361,BCH,BCH-USDT-SWAP,1763479338000,1763479260000,1763479320000,1763475720000,1763479260000,60,60,0,1
R001836,361,LINK,LINK-USDT-SWAP,1763479338000,1763479260000,1763479320000,1763475720000,1763479260000,60,60,0,1
R001838,362,ETH,ETH-USDT-SWAP,1763593630000,1763593560000,1763593620000,1763590020000,1763593560000,60,60,0,1
R001838,362,SOL,SOL-USDT-SWAP,1763593630000,1763593560000,1763593620000,1763590020000,1763593560000,60,60,0,1
R001838,362,XRP,XRP-USDT-SWAP,1763593630000,1763593560000,1763593620000,1763590020000,1763593560000,60,60,0,1
R001838,362,DOGE,DOGE-USDT-SWAP,1763593630000,1763593560000,1763593620000,1763590020000,1763593560000,60,60,0,1
R001838,362,ADA,ADA-USDT-SWAP,1763593630000,1763593560000,1763593620000,1763590020000,1763593560000,60,60,0,1
R001838,362,LTC,LTC-USDT-SWAP,1763593630000,1763593560000,1763593620000,1763590020000,1763593560000,60,60,0,1
R001838,362,BCH,BCH-USDT-SWAP,1763593630000,1763593560000,1763593620000,1763590020000,1763593560000,60,60,0,1
R001838,362,LINK,LINK-USDT-SWAP,1763593630000,1763593560000,1763593620000,1763590020000,1763593560000,60,60,0,1
R001840,363,ETH,ETH-USDT-SWAP,1763645406000,1763645340000,1763645400000,1763641800000,1763645340000,60,60,0,1
R001840,363,SOL,SOL-USDT-SWAP,1763645406000,1763645340000,1763645400000,1763641800000,1763645340000,60,60,0,1
R001840,363,XRP,XRP-USDT-SWAP,1763645406000,1763645340000,1763645400000,1763641800000,1763645340000,60,60,0,1
R001840,363,DOGE,DOGE-USDT-SWAP,1763645406000,1763645340000,1763645400000,1763641800000,1763645340000,60,60,0,1
R001840,363,ADA,ADA-USDT-SWAP,1763645406000,1763645340000,1763645400000,1763641800000,1763645340000,60,60,0,1
R001840,363,LTC,LTC-USDT-SWAP,1763645406000,1763645340000,1763645400000,1763641800000,1763645340000,60,60,0,1
R001840,363,BCH,BCH-USDT-SWAP,1763645406000,1763645340000,1763645400000,1763641800000,1763645340000,60,60,0,1
R001840,363,LINK,LINK-USDT-SWAP,1763645406000,1763645340000,1763645400000,1763641800000,1763645340000,60,60,0,1
R001841,364,ETH,ETH-USDT-SWAP,1763647860000,1763647800000,1763647860000,1763644260000,1763647800000,60,60,0,1
R001841,364,SOL,SOL-USDT-SWAP,1763647860000,1763647800000,1763647860000,1763644260000,1763647800000,60,60,0,1
R001841,364,XRP,XRP-USDT-SWAP,1763647860000,1763647800000,1763647860000,1763644260000,1763647800000,60,60,0,1
R001841,364,DOGE,DOGE-USDT-SWAP,1763647860000,1763647800000,1763647860000,1763644260000,1763647800000,60,60,0,1
R001841,364,ADA,ADA-USDT-SWAP,1763647860000,1763647800000,1763647860000,1763644260000,1763647800000,60,60,0,1
R001841,364,LTC,LTC-USDT-SWAP,1763647860000,1763647800000,1763647860000,1763644260000,1763647800000,60,60,0,1
R001841,364,BCH,BCH-USDT-SWAP,1763647860000,1763647800000,1763647860000,1763644260000,1763647800000,60,60,0,1
R001841,364,LINK,LINK-USDT-SWAP,1763647860000,1763647800000,1763647860000,1763644260000,1763647800000,60,60,0,1
R001843,365,ETH,ETH-USDT-SWAP,1763660120000,1763660040000,1763660100000,1763656500000,1763660040000,60,60,0,1
R001843,365,SOL,SOL-USDT-SWAP,1763660120000,1763660040000,1763660100000,1763656500000,1763660040000,60,60,0,1
R001843,365,XRP,XRP-USDT-SWAP,1763660120000,1763660040000,1763660100000,1763656500000,1763660040000,60,60,0,1
R001843,365,DOGE,DOGE-USDT-SWAP,1763660120000,1763660040000,1763660100000,1763656500000,1763660040000,60,60,0,1
R001843,365,ADA,ADA-USDT-SWAP,1763660120000,1763660040000,1763660100000,1763656500000,1763660040000,60,60,0,1
R001843,365,LTC,LTC-USDT-SWAP,1763660120000,1763660040000,1763660100000,1763656500000,1763660040000,60,60,0,1
R001843,365,BCH,BCH-USDT-SWAP,1763660120000,1763660040000,1763660100000,1763656500000,1763660040000,60,60,0,1
R001843,365,LINK,LINK-USDT-SWAP,1763660120000,1763660040000,1763660100000,1763656500000,1763660040000,60,60,0,1
R001844,366,ETH,ETH-USDT-SWAP,1763693080000,1763692980000,1763693040000,1763689440000,1763692980000,60,60,0,1
R001844,366,SOL,SOL-USDT-SWAP,1763693080000,1763692980000,1763693040000,1763689440000,1763692980000,60,60,0,1
R001844,366,XRP,XRP-USDT-SWAP,1763693080000,1763692980000,1763693040000,1763689440000,1763692980000,60,60,0,1
R001844,366,DOGE,DOGE-USDT-SWAP,1763693080000,1763692980000,1763693040000,1763689440000,1763692980000,60,60,0,1
R001844,366,ADA,ADA-USDT-SWAP,1763693080000,1763692980000,1763693040000,1763689440000,1763692980000,60,60,0,1
R001844,366,LTC,LTC-USDT-SWAP,1763693080000,1763692980000,1763693040000,1763689440000,1763692980000,60,60,0,1
R001844,366,BCH,BCH-USDT-SWAP,1763693080000,1763692980000,1763693040000,1763689440000,1763692980000,60,60,0,1
R001844,366,LINK,LINK-USDT-SWAP,1763693080000,1763692980000,1763693040000,1763689440000,1763692980000,60,60,0,1
R001845,367,ETH,ETH-USDT-SWAP,1763710369000,1763710260000,1763710320000,1763706720000,1763710260000,60,60,0,1
R001845,367,SOL,SOL-USDT-SWAP,1763710369000,1763710260000,1763710320000,1763706720000,1763710260000,60,60,0,1
R001845,367,XRP,XRP-USDT-SWAP,1763710369000,1763710260000,1763710320000,1763706720000,1763710260000,60,60,0,1
R001845,367,DOGE,DOGE-USDT-SWAP,1763710369000,1763710260000,1763710320000,1763706720000,1763710260000,60,60,0,1
R001845,367,ADA,ADA-USDT-SWAP,1763710369000,1763710260000,1763710320000,1763706720000,1763710260000,60,60,0,1
R001845,367,LTC,LTC-USDT-SWAP,1763710369000,1763710260000,1763710320000,1763706720000,1763710260000,60,60,0,1
R001845,367,BCH,BCH-USDT-SWAP,1763710369000,1763710260000,1763710320000,1763706720000,1763710260000,60,60,0,1
R001845,367,LINK,LINK-USDT-SWAP,1763710369000,1763710260000,1763710320000,1763706720000,1763710260000,60,60,0,1
R001846,368,ETH,ETH-USDT-SWAP,1763727812000,1763727720000,1763727780000,1763724180000,1763727720000,60,60,0,1
R001846,368,SOL,SOL-USDT-SWAP,1763727812000,1763727720000,1763727780000,1763724180000,1763727720000,60,60,0,1
R001846,368,XRP,XRP-USDT-SWAP,1763727812000,1763727720000,1763727780000,1763724180000,1763727720000,60,60,0,1
R001846,368,DOGE,DOGE-USDT-SWAP,1763727812000,1763727720000,1763727780000,1763724180000,1763727720000,60,60,0,1
R001846,368,ADA,ADA-USDT-SWAP,1763727812000,1763727720000,1763727780000,1763724180000,1763727720000,60,60,0,1
R001846,368,LTC,LTC-USDT-SWAP,1763727812000,1763727720000,1763727780000,1763724180000,1763727720000,60,60,0,1
R001846,368,BCH,BCH-USDT-SWAP,1763727812000,1763727720000,1763727780000,1763724180000,1763727720000,60,60,0,1
R001846,368,LINK,LINK-USDT-SWAP,1763727812000,1763727720000,1763727780000,1763724180000,1763727720000,60,60,0,1
R001848,369,ETH,ETH-USDT-SWAP,1763735646000,1763735580000,1763735640000,1763732040000,1763735580000,60,60,0,1
R001848,369,SOL,SOL-USDT-SWAP,1763735646000,1763735580000,1763735640000,1763732040000,1763735580000,60,60,0,1
R001848,369,XRP,XRP-USDT-SWAP,1763735646000,1763735580000,1763735640000,1763732040000,1763735580000,60,60,0,1
R001848,369,DOGE,DOGE-USDT-SWAP,1763735646000,1763735580000,1763735640000,1763732040000,1763735580000,60,60,0,1
R001848,369,ADA,ADA-USDT-SWAP,1763735646000,1763735580000,1763735640000,1763732040000,1763735580000,60,60,0,1
R001848,369,LTC,LTC-USDT-SWAP,1763735646000,1763735580000,1763735640000,1763732040000,1763735580000,60,60,0,1
R001848,369,BCH,BCH-USDT-SWAP,1763735646000,1763735580000,1763735640000,1763732040000,1763735580000,60,60,0,1
R001848,369,LINK,LINK-USDT-SWAP,1763735646000,1763735580000,1763735640000,1763732040000,1763735580000,60,60,0,1
R001852,370,ETH,ETH-USDT-SWAP,1763743934000,1763743860000,1763743920000,1763740320000,1763743860000,60,60,0,1
R001852,370,SOL,SOL-USDT-SWAP,1763743934000,1763743860000,1763743920000,1763740320000,1763743860000,60,60,0,1
R001852,370,XRP,XRP-USDT-SWAP,1763743934000,1763743860000,1763743920000,1763740320000,1763743860000,60,60,0,1
R001852,370,DOGE,DOGE-USDT-SWAP,1763743934000,1763743860000,1763743920000,1763740320000,1763743860000,60,60,0,1
R001852,370,ADA,ADA-USDT-SWAP,1763743934000,1763743860000,1763743920000,1763740320000,1763743860000,60,60,0,1
R001852,370,LTC,LTC-USDT-SWAP,1763743934000,1763743860000,1763743920000,1763740320000,1763743860000,60,60,0,1
R001852,370,BCH,BCH-USDT-SWAP,1763743934000,1763743860000,1763743920000,1763740320000,1763743860000,60,60,0,1
R001852,370,LINK,LINK-USDT-SWAP,1763743934000,1763743860000,1763743920000,1763740320000,1763743860000,60,60,0,1
R001853,371,ETH,ETH-USDT-SWAP,1763748433000,1763748360000,1763748420000,1763744820000,1763748360000,60,60,0,1
R001853,371,SOL,SOL-USDT-SWAP,1763748433000,1763748360000,1763748420000,1763744820000,1763748360000,60,60,0,1
R001853,371,XRP,XRP-USDT-SWAP,1763748433000,1763748360000,1763748420000,1763744820000,1763748360000,60,60,0,1
R001853,371,DOGE,DOGE-USDT-SWAP,1763748433000,1763748360000,1763748420000,1763744820000,1763748360000,60,60,0,1
R001853,371,ADA,ADA-USDT-SWAP,1763748433000,1763748360000,1763748420000,1763744820000,1763748360000,60,60,0,1
R001853,371,LTC,LTC-USDT-SWAP,1763748433000,1763748360000,1763748420000,1763744820000,1763748360000,60,60,0,1
R001853,371,BCH,BCH-USDT-SWAP,1763748433000,1763748360000,1763748420000,1763744820000,1763748360000,60,60,0,1
R001853,371,LINK,LINK-USDT-SWAP,1763748433000,1763748360000,1763748420000,1763744820000,1763748360000,60,60,0,1
R001854,372,ETH,ETH-USDT-SWAP,1763750893000,1763750820000,1763750880000,1763747280000,1763750820000,60,60,0,1
R001854,372,SOL,SOL-USDT-SWAP,1763750893000,1763750820000,1763750880000,1763747280000,1763750820000,60,60,0,1
R001854,372,XRP,XRP-USDT-SWAP,1763750893000,1763750820000,1763750880000,1763747280000,1763750820000,60,60,0,1
R001854,372,DOGE,DOGE-USDT-SWAP,1763750893000,1763750820000,1763750880000,1763747280000,1763750820000,60,60,0,1
R001854,372,ADA,ADA-USDT-SWAP,1763750893000,1763750820000,1763750880000,1763747280000,1763750820000,60,60,0,1
R001854,372,LTC,LTC-USDT-SWAP,1763750893000,1763750820000,1763750880000,1763747280000,1763750820000,60,60,0,1
R001854,372,BCH,BCH-USDT-SWAP,1763750893000,1763750820000,1763750880000,1763747280000,1763750820000,60,60,0,1
R001854,372,LINK,LINK-USDT-SWAP,1763750893000,1763750820000,1763750880000,1763747280000,1763750820000,60,60,0,1
R001855,373,ETH,ETH-USDT-SWAP,1763758674000,1763758560000,1763758620000,1763755020000,1763758560000,60,60,0,1
R001855,373,SOL,SOL-USDT-SWAP,1763758674000,1763758560000,1763758620000,1763755020000,1763758560000,60,60,0,1
R001855,373,XRP,XRP-USDT-SWAP,1763758674000,1763758560000,1763758620000,1763755020000,1763758560000,60,60,0,1
R001855,373,DOGE,DOGE-USDT-SWAP,1763758674000,1763758560000,1763758620000,1763755020000,1763758560000,60,60,0,1
R001855,373,ADA,ADA-USDT-SWAP,1763758674000,1763758560000,1763758620000,1763755020000,1763758560000,60,60,0,1
R001855,373,LTC,LTC-USDT-SWAP,1763758674000,1763758560000,1763758620000,1763755020000,1763758560000,60,60,0,1
R001855,373,BCH,BCH-USDT-SWAP,1763758674000,1763758560000,1763758620000,1763755020000,1763758560000,60,60,0,1
R001855,373,LINK,LINK-USDT-SWAP,1763758674000,1763758560000,1763758620000,1763755020000,1763758560000,60,60,0,1
R001859,374,ETH,ETH-USDT-SWAP,1763966527000,1763966460000,1763966520000,1763962920000,1763966460000,60,60,0,1
R001859,374,SOL,SOL-USDT-SWAP,1763966527000,1763966460000,1763966520000,1763962920000,1763966460000,60,60,0,1
R001859,374,XRP,XRP-USDT-SWAP,1763966527000,1763966460000,1763966520000,1763962920000,1763966460000,60,60,0,1
R001859,374,DOGE,DOGE-USDT-SWAP,1763966527000,1763966460000,1763966520000,1763962920000,1763966460000,60,60,0,1
R001859,374,ADA,ADA-USDT-SWAP,1763966527000,1763966460000,1763966520000,1763962920000,1763966460000,60,60,0,1
R001859,374,LTC,LTC-USDT-SWAP,1763966527000,1763966460000,1763966520000,1763962920000,1763966460000,60,60,0,1
R001859,374,BCH,BCH-USDT-SWAP,1763966527000,1763966460000,1763966520000,1763962920000,1763966460000,60,60,0,1
R001859,374,LINK,LINK-USDT-SWAP,1763966527000,1763966460000,1763966520000,1763962920000,1763966460000,60,60,0,1
R001861,375,ETH,ETH-USDT-SWAP,1764033899000,1764033780000,1764033840000,1764030240000,1764033780000,60,60,0,1
R001861,375,SOL,SOL-USDT-SWAP,1764033899000,1764033780000,1764033840000,1764030240000,1764033780000,60,60,0,1
R001861,375,XRP,XRP-USDT-SWAP,1764033899000,1764033780000,1764033840000,1764030240000,1764033780000,60,60,0,1
R001861,375,DOGE,DOGE-USDT-SWAP,1764033899000,1764033780000,1764033840000,1764030240000,1764033780000,60,60,0,1
R001861,375,ADA,ADA-USDT-SWAP,1764033899000,1764033780000,1764033840000,1764030240000,1764033780000,60,60,0,1
R001861,375,LTC,LTC-USDT-SWAP,1764033899000,1764033780000,1764033840000,1764030240000,1764033780000,60,60,0,1
R001861,375,BCH,BCH-USDT-SWAP,1764033899000,1764033780000,1764033840000,1764030240000,1764033780000,60,60,0,1
R001861,375,LINK,LINK-USDT-SWAP,1764033899000,1764033780000,1764033840000,1764030240000,1764033780000,60,60,0,1
R001866,376,ETH,ETH-USDT-SWAP,1764205501000,1764205440000,1764205500000,1764201900000,1764205440000,60,60,0,1
R001866,376,SOL,SOL-USDT-SWAP,1764205501000,1764205440000,1764205500000,1764201900000,1764205440000,60,60,0,1
R001866,376,XRP,XRP-USDT-SWAP,1764205501000,1764205440000,1764205500000,1764201900000,1764205440000,60,60,0,1
R001866,376,DOGE,DOGE-USDT-SWAP,1764205501000,1764205440000,1764205500000,1764201900000,1764205440000,60,60,0,1
R001866,376,ADA,ADA-USDT-SWAP,1764205501000,1764205440000,1764205500000,1764201900000,1764205440000,60,60,0,1
R001866,376,LTC,LTC-USDT-SWAP,1764205501000,1764205440000,1764205500000,1764201900000,1764205440000,60,60,0,1
R001866,376,BCH,BCH-USDT-SWAP,1764205501000,1764205440000,1764205500000,1764201900000,1764205440000,60,60,0,1
R001866,376,LINK,LINK-USDT-SWAP,1764205501000,1764205440000,1764205500000,1764201900000,1764205440000,60,60,0,1
R001870,377,ETH,ETH-USDT-SWAP,1764509010000,1764508920000,1764508980000,1764505380000,1764508920000,60,60,0,1
R001870,377,SOL,SOL-USDT-SWAP,1764509010000,1764508920000,1764508980000,1764505380000,1764508920000,60,60,0,1
R001870,377,XRP,XRP-USDT-SWAP,1764509010000,1764508920000,1764508980000,1764505380000,1764508920000,60,60,0,1
R001870,377,DOGE,DOGE-USDT-SWAP,1764509010000,1764508920000,1764508980000,1764505380000,1764508920000,60,60,0,1
R001870,377,ADA,ADA-USDT-SWAP,1764509010000,1764508920000,1764508980000,1764505380000,1764508920000,60,60,0,1
R001870,377,LTC,LTC-USDT-SWAP,1764509010000,1764508920000,1764508980000,1764505380000,1764508920000,60,60,0,1
R001870,377,BCH,BCH-USDT-SWAP,1764509010000,1764508920000,1764508980000,1764505380000,1764508920000,60,60,0,1
R001870,377,LINK,LINK-USDT-SWAP,1764509010000,1764508920000,1764508980000,1764505380000,1764508920000,60,60,0,1
R001871,378,ETH,ETH-USDT-SWAP,1764547446000,1764547380000,1764547440000,1764543840000,1764547380000,60,60,0,1
R001871,378,SOL,SOL-USDT-SWAP,1764547446000,1764547380000,1764547440000,1764543840000,1764547380000,60,60,0,1
R001871,378,XRP,XRP-USDT-SWAP,1764547446000,1764547380000,1764547440000,1764543840000,1764547380000,60,60,0,1
R001871,378,DOGE,DOGE-USDT-SWAP,1764547446000,1764547380000,1764547440000,1764543840000,1764547380000,60,60,0,1
R001871,378,ADA,ADA-USDT-SWAP,1764547446000,1764547380000,1764547440000,1764543840000,1764547380000,60,60,0,1
R001871,378,LTC,LTC-USDT-SWAP,1764547446000,1764547380000,1764547440000,1764543840000,1764547380000,60,60,0,1
R001871,378,BCH,BCH-USDT-SWAP,1764547446000,1764547380000,1764547440000,1764543840000,1764547380000,60,60,0,1
R001871,378,LINK,LINK-USDT-SWAP,1764547446000,1764547380000,1764547440000,1764543840000,1764547380000,60,60,0,1
R001873,379,ETH,ETH-USDT-SWAP,1764593312000,1764593220000,1764593280000,1764589680000,1764593220000,60,60,0,1
R001873,379,SOL,SOL-USDT-SWAP,1764593312000,1764593220000,1764593280000,1764589680000,1764593220000,60,60,0,1
R001873,379,XRP,XRP-USDT-SWAP,1764593312000,1764593220000,1764593280000,1764589680000,1764593220000,60,60,0,1
R001873,379,DOGE,DOGE-USDT-SWAP,1764593312000,1764593220000,1764593280000,1764589680000,1764593220000,60,60,0,1
R001873,379,ADA,ADA-USDT-SWAP,1764593312000,1764593220000,1764593280000,1764589680000,1764593220000,60,60,0,1
R001873,379,LTC,LTC-USDT-SWAP,1764593312000,1764593220000,1764593280000,1764589680000,1764593220000,60,60,0,1
R001873,379,BCH,BCH-USDT-SWAP,1764593312000,1764593220000,1764593280000,1764589680000,1764593220000,60,60,0,1
R001873,379,LINK,LINK-USDT-SWAP,1764593312000,1764593220000,1764593280000,1764589680000,1764593220000,60,60,0,1
R001874,380,ETH,ETH-USDT-SWAP,1764600504000,1764600420000,1764600480000,1764596880000,1764600420000,60,60,0,1
R001874,380,SOL,SOL-USDT-SWAP,1764600504000,1764600420000,1764600480000,1764596880000,1764600420000,60,60,0,1
R001874,380,XRP,XRP-USDT-SWAP,1764600504000,1764600420000,1764600480000,1764596880000,1764600420000,60,60,0,1
R001874,380,DOGE,DOGE-USDT-SWAP,1764600504000,1764600420000,1764600480000,1764596880000,1764600420000,60,60,0,1
R001874,380,ADA,ADA-USDT-SWAP,1764600504000,1764600420000,1764600480000,1764596880000,1764600420000,60,60,0,1
R001874,380,LTC,LTC-USDT-SWAP,1764600504000,1764600420000,1764600480000,1764596880000,1764600420000,60,60,0,1
R001874,380,BCH,BCH-USDT-SWAP,1764600504000,1764600420000,1764600480000,1764596880000,1764600420000,60,60,0,1
R001874,380,LINK,LINK-USDT-SWAP,1764600504000,1764600420000,1764600480000,1764596880000,1764600420000,60,60,0,1
R001876,381,ETH,ETH-USDT-SWAP,1764624700000,1764624600000,1764624660000,1764621060000,1764624600000,60,60,0,1
R001876,381,SOL,SOL-USDT-SWAP,1764624700000,1764624600000,1764624660000,1764621060000,1764624600000,60,60,0,1
R001876,381,XRP,XRP-USDT-SWAP,1764624700000,1764624600000,1764624660000,1764621060000,1764624600000,60,60,0,1
R001876,381,DOGE,DOGE-USDT-SWAP,1764624700000,1764624600000,1764624660000,1764621060000,1764624600000,60,60,0,1
R001876,381,ADA,ADA-USDT-SWAP,1764624700000,1764624600000,1764624660000,1764621060000,1764624600000,60,60,0,1
R001876,381,LTC,LTC-USDT-SWAP,1764624700000,1764624600000,1764624660000,1764621060000,1764624600000,60,60,0,1
R001876,381,BCH,BCH-USDT-SWAP,1764624700000,1764624600000,1764624660000,1764621060000,1764624600000,60,60,0,1
R001876,381,LINK,LINK-USDT-SWAP,1764624700000,1764624600000,1764624660000,1764621060000,1764624600000,60,60,0,1
R001877,382,ETH,ETH-USDT-SWAP,1764664969000,1764664860000,1764664920000,1764661320000,1764664860000,60,60,0,1
R001877,382,SOL,SOL-USDT-SWAP,1764664969000,1764664860000,1764664920000,1764661320000,1764664860000,60,60,0,1
R001877,382,XRP,XRP-USDT-SWAP,1764664969000,1764664860000,1764664920000,1764661320000,1764664860000,60,60,0,1
R001877,382,DOGE,DOGE-USDT-SWAP,1764664969000,1764664860000,1764664920000,1764661320000,1764664860000,60,60,0,1
R001877,382,ADA,ADA-USDT-SWAP,1764664969000,1764664860000,1764664920000,1764661320000,1764664860000,60,60,0,1
R001877,382,LTC,LTC-USDT-SWAP,1764664969000,1764664860000,1764664920000,1764661320000,1764664860000,60,60,0,1
R001877,382,BCH,BCH-USDT-SWAP,1764664969000,1764664860000,1764664920000,1764661320000,1764664860000,60,60,0,1
R001877,382,LINK,LINK-USDT-SWAP,1764664969000,1764664860000,1764664920000,1764661320000,1764664860000,60,60,0,1
R001879,383,ETH,ETH-USDT-SWAP,1764691332000,1764691260000,1764691320000,1764687720000,1764691260000,60,60,0,1
R001879,383,SOL,SOL-USDT-SWAP,1764691332000,1764691260000,1764691320000,1764687720000,1764691260000,60,60,0,1
R001879,383,XRP,XRP-USDT-SWAP,1764691332000,1764691260000,1764691320000,1764687720000,1764691260000,60,60,0,1
R001879,383,DOGE,DOGE-USDT-SWAP,1764691332000,1764691260000,1764691320000,1764687720000,1764691260000,60,60,0,1
R001879,383,ADA,ADA-USDT-SWAP,1764691332000,1764691260000,1764691320000,1764687720000,1764691260000,60,60,0,1
R001879,383,LTC,LTC-USDT-SWAP,1764691332000,1764691260000,1764691320000,1764687720000,1764691260000,60,60,0,1
R001879,383,BCH,BCH-USDT-SWAP,1764691332000,1764691260000,1764691320000,1764687720000,1764691260000,60,60,0,1
R001879,383,LINK,LINK-USDT-SWAP,1764691332000,1764691260000,1764691320000,1764687720000,1764691260000,60,60,0,1
R001880,384,ETH,ETH-USDT-SWAP,1764695105000,1764695040000,1764695100000,1764691500000,1764695040000,60,60,0,1
R001880,384,SOL,SOL-USDT-SWAP,1764695105000,1764695040000,1764695100000,1764691500000,1764695040000,60,60,0,1
R001880,384,XRP,XRP-USDT-SWAP,1764695105000,1764695040000,1764695100000,1764691500000,1764695040000,60,60,0,1
R001880,384,DOGE,DOGE-USDT-SWAP,1764695105000,1764695040000,1764695100000,1764691500000,1764695040000,60,60,0,1
R001880,384,ADA,ADA-USDT-SWAP,1764695105000,1764695040000,1764695100000,1764691500000,1764695040000,60,60,0,1
R001880,384,LTC,LTC-USDT-SWAP,1764695105000,1764695040000,1764695100000,1764691500000,1764695040000,60,60,0,1
R001880,384,BCH,BCH-USDT-SWAP,1764695105000,1764695040000,1764695100000,1764691500000,1764695040000,60,60,0,1
R001880,384,LINK,LINK-USDT-SWAP,1764695105000,1764695040000,1764695100000,1764691500000,1764695040000,60,60,0,1
R001881,385,ETH,ETH-USDT-SWAP,1764706590000,1764706500000,1764706560000,1764702960000,1764706500000,60,60,0,1
R001881,385,SOL,SOL-USDT-SWAP,1764706590000,1764706500000,1764706560000,1764702960000,1764706500000,60,60,0,1
R001881,385,XRP,XRP-USDT-SWAP,1764706590000,1764706500000,1764706560000,1764702960000,1764706500000,60,60,0,1
R001881,385,DOGE,DOGE-USDT-SWAP,1764706590000,1764706500000,1764706560000,1764702960000,1764706500000,60,60,0,1
R001881,385,ADA,ADA-USDT-SWAP,1764706590000,1764706500000,1764706560000,1764702960000,1764706500000,60,60,0,1
R001881,385,LTC,LTC-USDT-SWAP,1764706590000,1764706500000,1764706560000,1764702960000,1764706500000,60,60,0,1
R001881,385,BCH,BCH-USDT-SWAP,1764706590000,1764706500000,1764706560000,1764702960000,1764706500000,60,60,0,1
R001881,385,LINK,LINK-USDT-SWAP,1764706590000,1764706500000,1764706560000,1764702960000,1764706500000,60,60,0,1
R001883,386,ETH,ETH-USDT-SWAP,1764729990000,1764729900000,1764729960000,1764726360000,1764729900000,60,60,0,1
R001883,386,SOL,SOL-USDT-SWAP,1764729990000,1764729900000,1764729960000,1764726360000,1764729900000,60,60,0,1
R001883,386,XRP,XRP-USDT-SWAP,1764729990000,1764729900000,1764729960000,1764726360000,1764729900000,60,60,0,1
R001883,386,DOGE,DOGE-USDT-SWAP,1764729990000,1764729900000,1764729960000,1764726360000,1764729900000,60,60,0,1
R001883,386,ADA,ADA-USDT-SWAP,1764729990000,1764729900000,1764729960000,1764726360000,1764729900000,60,60,0,1
R001883,386,LTC,LTC-USDT-SWAP,1764729990000,1764729900000,1764729960000,1764726360000,1764729900000,60,60,0,1
R001883,386,BCH,BCH-USDT-SWAP,1764729990000,1764729900000,1764729960000,1764726360000,1764729900000,60,60,0,1
R001883,386,LINK,LINK-USDT-SWAP,1764729990000,1764729900000,1764729960000,1764726360000,1764729900000,60,60,0,1
R001884,387,ETH,ETH-USDT-SWAP,1764744261000,1764744180000,1764744240000,1764740640000,1764744180000,60,60,0,1
R001884,387,SOL,SOL-USDT-SWAP,1764744261000,1764744180000,1764744240000,1764740640000,1764744180000,60,60,0,1
R001884,387,XRP,XRP-USDT-SWAP,1764744261000,1764744180000,1764744240000,1764740640000,1764744180000,60,60,0,1
R001884,387,DOGE,DOGE-USDT-SWAP,1764744261000,1764744180000,1764744240000,1764740640000,1764744180000,60,60,0,1
R001884,387,ADA,ADA-USDT-SWAP,1764744261000,1764744180000,1764744240000,1764740640000,1764744180000,60,60,0,1
R001884,387,LTC,LTC-USDT-SWAP,1764744261000,1764744180000,1764744240000,1764740640000,1764744180000,60,60,0,1
R001884,387,BCH,BCH-USDT-SWAP,1764744261000,1764744180000,1764744240000,1764740640000,1764744180000,60,60,0,1
R001884,387,LINK,LINK-USDT-SWAP,1764744261000,1764744180000,1764744240000,1764740640000,1764744180000,60,60,0,1
R001885,388,ETH,ETH-USDT-SWAP,1764770533000,1764770460000,1764770520000,1764766920000,1764770460000,60,60,0,1
R001885,388,SOL,SOL-USDT-SWAP,1764770533000,1764770460000,1764770520000,1764766920000,1764770460000,60,60,0,1
R001885,388,XRP,XRP-USDT-SWAP,1764770533000,1764770460000,1764770520000,1764766920000,1764770460000,60,60,0,1
R001885,388,DOGE,DOGE-USDT-SWAP,1764770533000,1764770460000,1764770520000,1764766920000,1764770460000,60,60,0,1
R001885,388,ADA,ADA-USDT-SWAP,1764770533000,1764770460000,1764770520000,1764766920000,1764770460000,60,60,0,1
R001885,388,LTC,LTC-USDT-SWAP,1764770533000,1764770460000,1764770520000,1764766920000,1764770460000,60,60,0,1
R001885,388,BCH,BCH-USDT-SWAP,1764770533000,1764770460000,1764770520000,1764766920000,1764770460000,60,60,0,1
R001885,388,LINK,LINK-USDT-SWAP,1764770533000,1764770460000,1764770520000,1764766920000,1764770460000,60,60,0,1
R001888,389,ETH,ETH-USDT-SWAP,1764855978000,1764855900000,1764855960000,1764852360000,1764855900000,60,60,0,1
R001888,389,SOL,SOL-USDT-SWAP,1764855978000,1764855900000,1764855960000,1764852360000,1764855900000,60,60,0,1
R001888,389,XRP,XRP-USDT-SWAP,1764855978000,1764855900000,1764855960000,1764852360000,1764855900000,60,60,0,1
R001888,389,DOGE,DOGE-USDT-SWAP,1764855978000,1764855900000,1764855960000,1764852360000,1764855900000,60,60,0,1
R001888,389,ADA,ADA-USDT-SWAP,1764855978000,1764855900000,1764855960000,1764852360000,1764855900000,60,60,0,1
R001888,389,LTC,LTC-USDT-SWAP,1764855978000,1764855900000,1764855960000,1764852360000,1764855900000,60,60,0,1
R001888,389,BCH,BCH-USDT-SWAP,1764855978000,1764855900000,1764855960000,1764852360000,1764855900000,60,60,0,1
R001888,389,LINK,LINK-USDT-SWAP,1764855978000,1764855900000,1764855960000,1764852360000,1764855900000,60,60,0,1
R001889,390,ETH,ETH-USDT-SWAP,1764906989000,1764906900000,1764906960000,1764903360000,1764906900000,60,60,0,1
R001889,390,SOL,SOL-USDT-SWAP,1764906989000,1764906900000,1764906960000,1764903360000,1764906900000,60,60,0,1
R001889,390,XRP,XRP-USDT-SWAP,1764906989000,1764906900000,1764906960000,1764903360000,1764906900000,60,60,0,1
R001889,390,DOGE,DOGE-USDT-SWAP,1764906989000,1764906900000,1764906960000,1764903360000,1764906900000,60,60,0,1
R001889,390,ADA,ADA-USDT-SWAP,1764906989000,1764906900000,1764906960000,1764903360000,1764906900000,60,60,0,1
R001889,390,LTC,LTC-USDT-SWAP,1764906989000,1764906900000,1764906960000,1764903360000,1764906900000,60,60,0,1
R001889,390,BCH,BCH-USDT-SWAP,1764906989000,1764906900000,1764906960000,1764903360000,1764906900000,60,60,0,1
R001889,390,LINK,LINK-USDT-SWAP,1764906989000,1764906900000,1764906960000,1764903360000,1764906900000,60,60,0,1
R001890,391,ETH,ETH-USDT-SWAP,1764947057000,1764946980000,1764947040000,1764943440000,1764946980000,60,60,0,1
R001890,391,SOL,SOL-USDT-SWAP,1764947057000,1764946980000,1764947040000,1764943440000,1764946980000,60,60,0,1
R001890,391,XRP,XRP-USDT-SWAP,1764947057000,1764946980000,1764947040000,1764943440000,1764946980000,60,60,0,1
R001890,391,DOGE,DOGE-USDT-SWAP,1764947057000,1764946980000,1764947040000,1764943440000,1764946980000,60,60,0,1
R001890,391,ADA,ADA-USDT-SWAP,1764947057000,1764946980000,1764947040000,1764943440000,1764946980000,60,60,0,1
R001890,391,LTC,LTC-USDT-SWAP,1764947057000,1764946980000,1764947040000,1764943440000,1764946980000,60,60,0,1
R001890,391,BCH,BCH-USDT-SWAP,1764947057000,1764946980000,1764947040000,1764943440000,1764946980000,60,60,0,1
R001890,391,LINK,LINK-USDT-SWAP,1764947057000,1764946980000,1764947040000,1764943440000,1764946980000,60,60,0,1
R001891,392,ETH,ETH-USDT-SWAP,1764952941000,1764952860000,1764952920000,1764949320000,1764952860000,60,60,0,1
R001891,392,SOL,SOL-USDT-SWAP,1764952941000,1764952860000,1764952920000,1764949320000,1764952860000,60,60,0,1
R001891,392,XRP,XRP-USDT-SWAP,1764952941000,1764952860000,1764952920000,1764949320000,1764952860000,60,60,0,1
R001891,392,DOGE,DOGE-USDT-SWAP,1764952941000,1764952860000,1764952920000,1764949320000,1764952860000,60,60,0,1
R001891,392,ADA,ADA-USDT-SWAP,1764952941000,1764952860000,1764952920000,1764949320000,1764952860000,60,60,0,1
R001891,392,LTC,LTC-USDT-SWAP,1764952941000,1764952860000,1764952920000,1764949320000,1764952860000,60,60,0,1
R001891,392,BCH,BCH-USDT-SWAP,1764952941000,1764952860000,1764952920000,1764949320000,1764952860000,60,60,0,1
R001891,392,LINK,LINK-USDT-SWAP,1764952941000,1764952860000,1764952920000,1764949320000,1764952860000,60,60,0,1
R001892,393,ETH,ETH-USDT-SWAP,1765048061000,1765047960000,1765048020000,1765044420000,1765047960000,60,60,0,1
R001892,393,SOL,SOL-USDT-SWAP,1765048061000,1765047960000,1765048020000,1765044420000,1765047960000,60,60,0,1
R001892,393,XRP,XRP-USDT-SWAP,1765048061000,1765047960000,1765048020000,1765044420000,1765047960000,60,60,0,1
R001892,393,DOGE,DOGE-USDT-SWAP,1765048061000,1765047960000,1765048020000,1765044420000,1765047960000,60,60,0,1
R001892,393,ADA,ADA-USDT-SWAP,1765048061000,1765047960000,1765048020000,1765044420000,1765047960000,60,60,0,1
R001892,393,LTC,LTC-USDT-SWAP,1765048061000,1765047960000,1765048020000,1765044420000,1765047960000,60,60,0,1
R001892,393,BCH,BCH-USDT-SWAP,1765048061000,1765047960000,1765048020000,1765044420000,1765047960000,60,60,0,1
R001892,393,LINK,LINK-USDT-SWAP,1765048061000,1765047960000,1765048020000,1765044420000,1765047960000,60,60,0,1
R001893,394,ETH,ETH-USDT-SWAP,1765062206000,1765062120000,1765062180000,1765058580000,1765062120000,60,60,0,1
R001893,394,SOL,SOL-USDT-SWAP,1765062206000,1765062120000,1765062180000,1765058580000,1765062120000,60,60,0,1
R001893,394,XRP,XRP-USDT-SWAP,1765062206000,1765062120000,1765062180000,1765058580000,1765062120000,60,60,0,1
R001893,394,DOGE,DOGE-USDT-SWAP,1765062206000,1765062120000,1765062180000,1765058580000,1765062120000,60,60,0,1
R001893,394,ADA,ADA-USDT-SWAP,1765062206000,1765062120000,1765062180000,1765058580000,1765062120000,60,60,0,1
R001893,394,LTC,LTC-USDT-SWAP,1765062206000,1765062120000,1765062180000,1765058580000,1765062120000,60,60,0,1
R001893,394,BCH,BCH-USDT-SWAP,1765062206000,1765062120000,1765062180000,1765058580000,1765062120000,60,60,0,1
R001893,394,LINK,LINK-USDT-SWAP,1765062206000,1765062120000,1765062180000,1765058580000,1765062120000,60,60,0,1
R001894,395,ETH,ETH-USDT-SWAP,1765113772000,1765113660000,1765113720000,1765110120000,1765113660000,60,60,0,1
R001894,395,SOL,SOL-USDT-SWAP,1765113772000,1765113660000,1765113720000,1765110120000,1765113660000,60,60,0,1
R001894,395,XRP,XRP-USDT-SWAP,1765113772000,1765113660000,1765113720000,1765110120000,1765113660000,60,60,0,1
R001894,395,DOGE,DOGE-USDT-SWAP,1765113772000,1765113660000,1765113720000,1765110120000,1765113660000,60,60,0,1
R001894,395,ADA,ADA-USDT-SWAP,1765113772000,1765113660000,1765113720000,1765110120000,1765113660000,60,60,0,1
R001894,395,LTC,LTC-USDT-SWAP,1765113772000,1765113660000,1765113720000,1765110120000,1765113660000,60,60,0,1
R001894,395,BCH,BCH-USDT-SWAP,1765113772000,1765113660000,1765113720000,1765110120000,1765113660000,60,60,0,1
R001894,395,LINK,LINK-USDT-SWAP,1765113772000,1765113660000,1765113720000,1765110120000,1765113660000,60,60,0,1
R001902,396,ETH,ETH-USDT-SWAP,1765366945000,1765366860000,1765366920000,1765363320000,1765366860000,60,60,0,1
R001902,396,SOL,SOL-USDT-SWAP,1765366945000,1765366860000,1765366920000,1765363320000,1765366860000,60,60,0,1
R001902,396,XRP,XRP-USDT-SWAP,1765366945000,1765366860000,1765366920000,1765363320000,1765366860000,60,60,0,1
R001902,396,DOGE,DOGE-USDT-SWAP,1765366945000,1765366860000,1765366920000,1765363320000,1765366860000,60,60,0,1
R001902,396,ADA,ADA-USDT-SWAP,1765366945000,1765366860000,1765366920000,1765363320000,1765366860000,60,60,0,1
R001902,396,LTC,LTC-USDT-SWAP,1765366945000,1765366860000,1765366920000,1765363320000,1765366860000,60,60,0,1
R001902,396,BCH,BCH-USDT-SWAP,1765366945000,1765366860000,1765366920000,1765363320000,1765366860000,60,60,0,1
R001902,396,LINK,LINK-USDT-SWAP,1765366945000,1765366860000,1765366920000,1765363320000,1765366860000,60,60,0,1
R001904,397,ETH,ETH-USDT-SWAP,1765395608000,1765395540000,1765395600000,1765392000000,1765395540000,60,60,0,1
R001904,397,SOL,SOL-USDT-SWAP,1765395608000,1765395540000,1765395600000,1765392000000,1765395540000,60,60,0,1
R001904,397,XRP,XRP-USDT-SWAP,1765395608000,1765395540000,1765395600000,1765392000000,1765395540000,60,60,0,1
R001904,397,DOGE,DOGE-USDT-SWAP,1765395608000,1765395540000,1765395600000,1765392000000,1765395540000,60,60,0,1
R001904,397,ADA,ADA-USDT-SWAP,1765395608000,1765395540000,1765395600000,1765392000000,1765395540000,60,60,0,1
R001904,397,LTC,LTC-USDT-SWAP,1765395608000,1765395540000,1765395600000,1765392000000,1765395540000,60,60,0,1
R001904,397,BCH,BCH-USDT-SWAP,1765395608000,1765395540000,1765395600000,1765392000000,1765395540000,60,60,0,1
R001904,397,LINK,LINK-USDT-SWAP,1765395608000,1765395540000,1765395600000,1765392000000,1765395540000,60,60,0,1
R001908,398,ETH,ETH-USDT-SWAP,1765710199000,1765710120000,1765710180000,1765706580000,1765710120000,60,60,0,1
R001908,398,SOL,SOL-USDT-SWAP,1765710199000,1765710120000,1765710180000,1765706580000,1765710120000,60,60,0,1
R001908,398,XRP,XRP-USDT-SWAP,1765710199000,1765710120000,1765710180000,1765706580000,1765710120000,60,60,0,1
R001908,398,DOGE,DOGE-USDT-SWAP,1765710199000,1765710120000,1765710180000,1765706580000,1765710120000,60,60,0,1
R001908,398,ADA,ADA-USDT-SWAP,1765710199000,1765710120000,1765710180000,1765706580000,1765710120000,60,60,0,1
R001908,398,LTC,LTC-USDT-SWAP,1765710199000,1765710120000,1765710180000,1765706580000,1765710120000,60,60,0,1
R001908,398,BCH,BCH-USDT-SWAP,1765710199000,1765710120000,1765710180000,1765706580000,1765710120000,60,60,0,1
R001908,398,LINK,LINK-USDT-SWAP,1765710199000,1765710120000,1765710180000,1765706580000,1765710120000,60,60,0,1
R001909,399,ETH,ETH-USDT-SWAP,1765712683000,1765712580000,1765712640000,1765709040000,1765712580000,60,60,0,1
R001909,399,SOL,SOL-USDT-SWAP,1765712683000,1765712580000,1765712640000,1765709040000,1765712580000,60,60,0,1
R001909,399,XRP,XRP-USDT-SWAP,1765712683000,1765712580000,1765712640000,1765709040000,1765712580000,60,60,0,1
R001909,399,DOGE,DOGE-USDT-SWAP,1765712683000,1765712580000,1765712640000,1765709040000,1765712580000,60,60,0,1
R001909,399,ADA,ADA-USDT-SWAP,1765712683000,1765712580000,1765712640000,1765709040000,1765712580000,60,60,0,1
R001909,399,LTC,LTC-USDT-SWAP,1765712683000,1765712580000,1765712640000,1765709040000,1765712580000,60,60,0,1
R001909,399,BCH,BCH-USDT-SWAP,1765712683000,1765712580000,1765712640000,1765709040000,1765712580000,60,60,0,1
R001909,399,LINK,LINK-USDT-SWAP,1765712683000,1765712580000,1765712640000,1765709040000,1765712580000,60,60,0,1
R001910,400,ETH,ETH-USDT-SWAP,1765731447000,1765731360000,1765731420000,1765727820000,1765731360000,60,60,0,1
R001910,400,SOL,SOL-USDT-SWAP,1765731447000,1765731360000,1765731420000,1765727820000,1765731360000,60,60,0,1
R001910,400,XRP,XRP-USDT-SWAP,1765731447000,1765731360000,1765731420000,1765727820000,1765731360000,60,60,0,1
R001910,400,DOGE,DOGE-USDT-SWAP,1765731447000,1765731360000,1765731420000,1765727820000,1765731360000,60,60,0,1
R001910,400,ADA,ADA-USDT-SWAP,1765731447000,1765731360000,1765731420000,1765727820000,1765731360000,60,60,0,1
R001910,400,LTC,LTC-USDT-SWAP,1765731447000,1765731360000,1765731420000,1765727820000,1765731360000,60,60,0,1
R001910,400,BCH,BCH-USDT-SWAP,1765731447000,1765731360000,1765731420000,1765727820000,1765731360000,60,60,0,1
R001910,400,LINK,LINK-USDT-SWAP,1765731447000,1765731360000,1765731420000,1765727820000,1765731360000,60,60,0,1
R001916,401,ETH,ETH-USDT-SWAP,1765891802000,1765891740000,1765891800000,1765888200000,1765891740000,60,60,0,1
R001916,401,SOL,SOL-USDT-SWAP,1765891802000,1765891740000,1765891800000,1765888200000,1765891740000,60,60,0,1
R001916,401,XRP,XRP-USDT-SWAP,1765891802000,1765891740000,1765891800000,1765888200000,1765891740000,60,60,0,1
R001916,401,DOGE,DOGE-USDT-SWAP,1765891802000,1765891740000,1765891800000,1765888200000,1765891740000,60,60,0,1
R001916,401,ADA,ADA-USDT-SWAP,1765891802000,1765891740000,1765891800000,1765888200000,1765891740000,60,60,0,1
R001916,401,LTC,LTC-USDT-SWAP,1765891802000,1765891740000,1765891800000,1765888200000,1765891740000,60,60,0,1
R001916,401,BCH,BCH-USDT-SWAP,1765891802000,1765891740000,1765891800000,1765888200000,1765891740000,60,60,0,1
R001916,401,LINK,LINK-USDT-SWAP,1765891802000,1765891740000,1765891800000,1765888200000,1765891740000,60,60,0,1
R001918,402,ETH,ETH-USDT-SWAP,1765987112000,1765987020000,1765987080000,1765983480000,1765987020000,60,60,0,1
R001918,402,SOL,SOL-USDT-SWAP,1765987112000,1765987020000,1765987080000,1765983480000,1765987020000,60,60,0,1
R001918,402,XRP,XRP-USDT-SWAP,1765987112000,1765987020000,1765987080000,1765983480000,1765987020000,60,60,0,1
R001918,402,DOGE,DOGE-USDT-SWAP,1765987112000,1765987020000,1765987080000,1765983480000,1765987020000,60,60,0,1
R001918,402,ADA,ADA-USDT-SWAP,1765987112000,1765987020000,1765987080000,1765983480000,1765987020000,60,60,0,1
R001918,402,LTC,LTC-USDT-SWAP,1765987112000,1765987020000,1765987080000,1765983480000,1765987020000,60,60,0,1
R001918,402,BCH,BCH-USDT-SWAP,1765987112000,1765987020000,1765987080000,1765983480000,1765987020000,60,60,0,1
R001918,402,LINK,LINK-USDT-SWAP,1765987112000,1765987020000,1765987080000,1765983480000,1765987020000,60,60,0,1
R001920,403,ETH,ETH-USDT-SWAP,1766064602000,1766064540000,1766064600000,1766061000000,1766064540000,60,60,0,1
R001920,403,SOL,SOL-USDT-SWAP,1766064602000,1766064540000,1766064600000,1766061000000,1766064540000,60,60,0,1
R001920,403,XRP,XRP-USDT-SWAP,1766064602000,1766064540000,1766064600000,1766061000000,1766064540000,60,60,0,1
R001920,403,DOGE,DOGE-USDT-SWAP,1766064602000,1766064540000,1766064600000,1766061000000,1766064540000,60,60,0,1
R001920,403,ADA,ADA-USDT-SWAP,1766064602000,1766064540000,1766064600000,1766061000000,1766064540000,60,60,0,1
R001920,403,LTC,LTC-USDT-SWAP,1766064602000,1766064540000,1766064600000,1766061000000,1766064540000,60,60,0,1
R001920,403,BCH,BCH-USDT-SWAP,1766064602000,1766064540000,1766064600000,1766061000000,1766064540000,60,60,0,1
R001920,403,LINK,LINK-USDT-SWAP,1766064602000,1766064540000,1766064600000,1766061000000,1766064540000,60,60,0,1
R001921,404,ETH,ETH-USDT-SWAP,1766085398000,1766085300000,1766085360000,1766081760000,1766085300000,60,60,0,1
R001921,404,SOL,SOL-USDT-SWAP,1766085398000,1766085300000,1766085360000,1766081760000,1766085300000,60,60,0,1
R001921,404,XRP,XRP-USDT-SWAP,1766085398000,1766085300000,1766085360000,1766081760000,1766085300000,60,60,0,1
R001921,404,DOGE,DOGE-USDT-SWAP,1766085398000,1766085300000,1766085360000,1766081760000,1766085300000,60,60,0,1
R001921,404,ADA,ADA-USDT-SWAP,1766085398000,1766085300000,1766085360000,1766081760000,1766085300000,60,60,0,1
R001921,404,LTC,LTC-USDT-SWAP,1766085398000,1766085300000,1766085360000,1766081760000,1766085300000,60,60,0,1
R001921,404,BCH,BCH-USDT-SWAP,1766085398000,1766085300000,1766085360000,1766081760000,1766085300000,60,60,0,1
R001921,404,LINK,LINK-USDT-SWAP,1766085398000,1766085300000,1766085360000,1766081760000,1766085300000,60,60,0,1
R001922,405,ETH,ETH-USDT-SWAP,1766086859000,1766086740000,1766086800000,1766083200000,1766086740000,60,60,0,1
R001922,405,SOL,SOL-USDT-SWAP,1766086859000,1766086740000,1766086800000,1766083200000,1766086740000,60,60,0,1
R001922,405,XRP,XRP-USDT-SWAP,1766086859000,1766086740000,1766086800000,1766083200000,1766086740000,60,60,0,1
R001922,405,DOGE,DOGE-USDT-SWAP,1766086859000,1766086740000,1766086800000,1766083200000,1766086740000,60,60,0,1
R001922,405,ADA,ADA-USDT-SWAP,1766086859000,1766086740000,1766086800000,1766083200000,1766086740000,60,60,0,1
R001922,405,LTC,LTC-USDT-SWAP,1766086859000,1766086740000,1766086800000,1766083200000,1766086740000,60,60,0,1
R001922,405,BCH,BCH-USDT-SWAP,1766086859000,1766086740000,1766086800000,1766083200000,1766086740000,60,60,0,1
R001922,405,LINK,LINK-USDT-SWAP,1766086859000,1766086740000,1766086800000,1766083200000,1766086740000,60,60,0,1
R001923,406,ETH,ETH-USDT-SWAP,1766091630000,1766091540000,1766091600000,1766088000000,1766091540000,60,60,0,1
R001923,406,SOL,SOL-USDT-SWAP,1766091630000,1766091540000,1766091600000,1766088000000,1766091540000,60,60,0,1
R001923,406,XRP,XRP-USDT-SWAP,1766091630000,1766091540000,1766091600000,1766088000000,1766091540000,60,60,0,1
R001923,406,DOGE,DOGE-USDT-SWAP,1766091630000,1766091540000,1766091600000,1766088000000,1766091540000,60,60,0,1
R001923,406,ADA,ADA-USDT-SWAP,1766091630000,1766091540000,1766091600000,1766088000000,1766091540000,60,60,0,1
R001923,406,LTC,LTC-USDT-SWAP,1766091630000,1766091540000,1766091600000,1766088000000,1766091540000,60,60,0,1
R001923,406,BCH,BCH-USDT-SWAP,1766091630000,1766091540000,1766091600000,1766088000000,1766091540000,60,60,0,1
R001923,406,LINK,LINK-USDT-SWAP,1766091630000,1766091540000,1766091600000,1766088000000,1766091540000,60,60,0,1
R001924,407,ETH,ETH-USDT-SWAP,1766155483000,1766155380000,1766155440000,1766151840000,1766155380000,60,60,0,1
R001924,407,SOL,SOL-USDT-SWAP,1766155483000,1766155380000,1766155440000,1766151840000,1766155380000,60,60,0,1
R001924,407,XRP,XRP-USDT-SWAP,1766155483000,1766155380000,1766155440000,1766151840000,1766155380000,60,60,0,1
R001924,407,DOGE,DOGE-USDT-SWAP,1766155483000,1766155380000,1766155440000,1766151840000,1766155380000,60,60,0,1
R001924,407,ADA,ADA-USDT-SWAP,1766155483000,1766155380000,1766155440000,1766151840000,1766155380000,60,60,0,1
R001924,407,LTC,LTC-USDT-SWAP,1766155483000,1766155380000,1766155440000,1766151840000,1766155380000,60,60,0,1
R001924,407,BCH,BCH-USDT-SWAP,1766155483000,1766155380000,1766155440000,1766151840000,1766155380000,60,60,0,1
R001924,407,LINK,LINK-USDT-SWAP,1766155483000,1766155380000,1766155440000,1766151840000,1766155380000,60,60,0,1
R001925,408,ETH,ETH-USDT-SWAP,1766157386000,1766157300000,1766157360000,1766153760000,1766157300000,60,60,0,1
R001925,408,SOL,SOL-USDT-SWAP,1766157386000,1766157300000,1766157360000,1766153760000,1766157300000,60,60,0,1
R001925,408,XRP,XRP-USDT-SWAP,1766157386000,1766157300000,1766157360000,1766153760000,1766157300000,60,60,0,1
R001925,408,DOGE,DOGE-USDT-SWAP,1766157386000,1766157300000,1766157360000,1766153760000,1766157300000,60,60,0,1
R001925,408,ADA,ADA-USDT-SWAP,1766157386000,1766157300000,1766157360000,1766153760000,1766157300000,60,60,0,1
R001925,408,LTC,LTC-USDT-SWAP,1766157386000,1766157300000,1766157360000,1766153760000,1766157300000,60,60,0,1
R001925,408,BCH,BCH-USDT-SWAP,1766157386000,1766157300000,1766157360000,1766153760000,1766157300000,60,60,0,1
R001925,408,LINK,LINK-USDT-SWAP,1766157386000,1766157300000,1766157360000,1766153760000,1766157300000,60,60,0,1
R001926,409,ETH,ETH-USDT-SWAP,1766165598000,1766165520000,1766165580000,1766161980000,1766165520000,60,60,0,1
R001926,409,SOL,SOL-USDT-SWAP,1766165598000,1766165520000,1766165580000,1766161980000,1766165520000,60,60,0,1
R001926,409,XRP,XRP-USDT-SWAP,1766165598000,1766165520000,1766165580000,1766161980000,1766165520000,60,60,0,1
R001926,409,DOGE,DOGE-USDT-SWAP,1766165598000,1766165520000,1766165580000,1766161980000,1766165520000,60,60,0,1
R001926,409,ADA,ADA-USDT-SWAP,1766165598000,1766165520000,1766165580000,1766161980000,1766165520000,60,60,0,1
R001926,409,LTC,LTC-USDT-SWAP,1766165598000,1766165520000,1766165580000,1766161980000,1766165520000,60,60,0,1
R001926,409,BCH,BCH-USDT-SWAP,1766165598000,1766165520000,1766165580000,1766161980000,1766165520000,60,60,0,1
R001926,409,LINK,LINK-USDT-SWAP,1766165598000,1766165520000,1766165580000,1766161980000,1766165520000,60,60,0,1
R001929,410,ETH,ETH-USDT-SWAP,1766362431000,1766362320000,1766362380000,1766358780000,1766362320000,60,60,0,1
R001929,410,SOL,SOL-USDT-SWAP,1766362431000,1766362320000,1766362380000,1766358780000,1766362320000,60,60,0,1
R001929,410,XRP,XRP-USDT-SWAP,1766362431000,1766362320000,1766362380000,1766358780000,1766362320000,60,60,0,1
R001929,410,DOGE,DOGE-USDT-SWAP,1766362431000,1766362320000,1766362380000,1766358780000,1766362320000,60,60,0,1
R001929,410,ADA,ADA-USDT-SWAP,1766362431000,1766362320000,1766362380000,1766358780000,1766362320000,60,60,0,1
R001929,410,LTC,LTC-USDT-SWAP,1766362431000,1766362320000,1766362380000,1766358780000,1766362320000,60,60,0,1
R001929,410,BCH,BCH-USDT-SWAP,1766362431000,1766362320000,1766362380000,1766358780000,1766362320000,60,60,0,1
R001929,410,LINK,LINK-USDT-SWAP,1766362431000,1766362320000,1766362380000,1766358780000,1766362320000,60,60,0,1
R001930,411,ETH,ETH-USDT-SWAP,1766369139000,1766369040000,1766369100000,1766365500000,1766369040000,60,60,0,1
R001930,411,SOL,SOL-USDT-SWAP,1766369139000,1766369040000,1766369100000,1766365500000,1766369040000,60,60,0,1
R001930,411,XRP,XRP-USDT-SWAP,1766369139000,1766369040000,1766369100000,1766365500000,1766369040000,60,60,0,1
R001930,411,DOGE,DOGE-USDT-SWAP,1766369139000,1766369040000,1766369100000,1766365500000,1766369040000,60,60,0,1
R001930,411,ADA,ADA-USDT-SWAP,1766369139000,1766369040000,1766369100000,1766365500000,1766369040000,60,60,0,1
R001930,411,LTC,LTC-USDT-SWAP,1766369139000,1766369040000,1766369100000,1766365500000,1766369040000,60,60,0,1
R001930,411,BCH,BCH-USDT-SWAP,1766369139000,1766369040000,1766369100000,1766365500000,1766369040000,60,60,0,1
R001930,411,LINK,LINK-USDT-SWAP,1766369139000,1766369040000,1766369100000,1766365500000,1766369040000,60,60,0,1
R001933,412,ETH,ETH-USDT-SWAP,1766594016000,1766593920000,1766593980000,1766590380000,1766593920000,60,60,0,1
R001933,412,SOL,SOL-USDT-SWAP,1766594016000,1766593920000,1766593980000,1766590380000,1766593920000,60,60,0,1
R001933,412,XRP,XRP-USDT-SWAP,1766594016000,1766593920000,1766593980000,1766590380000,1766593920000,60,60,0,1
R001933,412,DOGE,DOGE-USDT-SWAP,1766594016000,1766593920000,1766593980000,1766590380000,1766593920000,60,60,0,1
R001933,412,ADA,ADA-USDT-SWAP,1766594016000,1766593920000,1766593980000,1766590380000,1766593920000,60,60,0,1
R001933,412,LTC,LTC-USDT-SWAP,1766594016000,1766593920000,1766593980000,1766590380000,1766593920000,60,60,0,1
R001933,412,BCH,BCH-USDT-SWAP,1766594016000,1766593920000,1766593980000,1766590380000,1766593920000,60,60,0,1
R001933,412,LINK,LINK-USDT-SWAP,1766594016000,1766593920000,1766593980000,1766590380000,1766593920000,60,60,0,1
R001951,413,ETH,ETH-USDT-SWAP,1767444377000,1767444300000,1767444360000,1767440760000,1767444300000,60,60,0,1
R001951,413,SOL,SOL-USDT-SWAP,1767444377000,1767444300000,1767444360000,1767440760000,1767444300000,60,60,0,1
R001951,413,XRP,XRP-USDT-SWAP,1767444377000,1767444300000,1767444360000,1767440760000,1767444300000,60,60,0,1
R001951,413,DOGE,DOGE-USDT-SWAP,1767444377000,1767444300000,1767444360000,1767440760000,1767444300000,60,60,0,1
R001951,413,ADA,ADA-USDT-SWAP,1767444377000,1767444300000,1767444360000,1767440760000,1767444300000,60,60,0,1
R001951,413,LTC,LTC-USDT-SWAP,1767444377000,1767444300000,1767444360000,1767440760000,1767444300000,60,60,0,1
R001951,413,BCH,BCH-USDT-SWAP,1767444377000,1767444300000,1767444360000,1767440760000,1767444300000,60,60,0,1
R001951,413,LINK,LINK-USDT-SWAP,1767444377000,1767444300000,1767444360000,1767440760000,1767444300000,60,60,0,1
R001952,414,ETH,ETH-USDT-SWAP,1767485123000,1767485040000,1767485100000,1767481500000,1767485040000,60,60,0,1
R001952,414,SOL,SOL-USDT-SWAP,1767485123000,1767485040000,1767485100000,1767481500000,1767485040000,60,60,0,1
R001952,414,XRP,XRP-USDT-SWAP,1767485123000,1767485040000,1767485100000,1767481500000,1767485040000,60,60,0,1
R001952,414,DOGE,DOGE-USDT-SWAP,1767485123000,1767485040000,1767485100000,1767481500000,1767485040000,60,60,0,1
R001952,414,ADA,ADA-USDT-SWAP,1767485123000,1767485040000,1767485100000,1767481500000,1767485040000,60,60,0,1
R001952,414,LTC,LTC-USDT-SWAP,1767485123000,1767485040000,1767485100000,1767481500000,1767485040000,60,60,0,1
R001952,414,BCH,BCH-USDT-SWAP,1767485123000,1767485040000,1767485100000,1767481500000,1767485040000,60,60,0,1
R001952,414,LINK,LINK-USDT-SWAP,1767485123000,1767485040000,1767485100000,1767481500000,1767485040000,60,60,0,1
R001967,415,ETH,ETH-USDT-SWAP,1767721260000,1767721200000,1767721260000,1767717660000,1767721200000,60,60,0,1
R001967,415,SOL,SOL-USDT-SWAP,1767721260000,1767721200000,1767721260000,1767717660000,1767721200000,60,60,0,1
R001967,415,XRP,XRP-USDT-SWAP,1767721260000,1767721200000,1767721260000,1767717660000,1767721200000,60,60,0,1
R001967,415,DOGE,DOGE-USDT-SWAP,1767721260000,1767721200000,1767721260000,1767717660000,1767721200000,60,60,0,1
R001967,415,ADA,ADA-USDT-SWAP,1767721260000,1767721200000,1767721260000,1767717660000,1767721200000,60,60,0,1
R001967,415,LTC,LTC-USDT-SWAP,1767721260000,1767721200000,1767721260000,1767717660000,1767721200000,60,60,0,1
R001967,415,BCH,BCH-USDT-SWAP,1767721260000,1767721200000,1767721260000,1767717660000,1767721200000,60,60,0,1
R001967,415,LINK,LINK-USDT-SWAP,1767721260000,1767721200000,1767721260000,1767717660000,1767721200000,60,60,0,1
R001974,416,ETH,ETH-USDT-SWAP,1767945874000,1767945780000,1767945840000,1767942240000,1767945780000,60,60,0,1
R001974,416,SOL,SOL-USDT-SWAP,1767945874000,1767945780000,1767945840000,1767942240000,1767945780000,60,60,0,1
R001974,416,XRP,XRP-USDT-SWAP,1767945874000,1767945780000,1767945840000,1767942240000,1767945780000,60,60,0,1
R001974,416,DOGE,DOGE-USDT-SWAP,1767945874000,1767945780000,1767945840000,1767942240000,1767945780000,60,60,0,1
R001974,416,ADA,ADA-USDT-SWAP,1767945874000,1767945780000,1767945840000,1767942240000,1767945780000,60,60,0,1
R001974,416,LTC,LTC-USDT-SWAP,1767945874000,1767945780000,1767945840000,1767942240000,1767945780000,60,60,0,1
R001974,416,BCH,BCH-USDT-SWAP,1767945874000,1767945780000,1767945840000,1767942240000,1767945780000,60,60,0,1
R001974,416,LINK,LINK-USDT-SWAP,1767945874000,1767945780000,1767945840000,1767942240000,1767945780000,60,60,0,1
R001975,417,ETH,ETH-USDT-SWAP,1767965402000,1767965340000,1767965400000,1767961800000,1767965340000,60,60,0,1
R001975,417,SOL,SOL-USDT-SWAP,1767965402000,1767965340000,1767965400000,1767961800000,1767965340000,60,60,0,1
R001975,417,XRP,XRP-USDT-SWAP,1767965402000,1767965340000,1767965400000,1767961800000,1767965340000,60,60,0,1
R001975,417,DOGE,DOGE-USDT-SWAP,1767965402000,1767965340000,1767965400000,1767961800000,1767965340000,60,60,0,1
R001975,417,ADA,ADA-USDT-SWAP,1767965402000,1767965340000,1767965400000,1767961800000,1767965340000,60,60,0,1
R001975,417,LTC,LTC-USDT-SWAP,1767965402000,1767965340000,1767965400000,1767961800000,1767965340000,60,60,0,1
R001975,417,BCH,BCH-USDT-SWAP,1767965402000,1767965340000,1767965400000,1767961800000,1767965340000,60,60,0,1
R001975,417,LINK,LINK-USDT-SWAP,1767965402000,1767965340000,1767965400000,1767961800000,1767965340000,60,60,0,1
R001981,418,ETH,ETH-USDT-SWAP,1768311003000,1768310940000,1768311000000,1768307400000,1768310940000,60,60,0,1
R001981,418,SOL,SOL-USDT-SWAP,1768311003000,1768310940000,1768311000000,1768307400000,1768310940000,60,60,0,1
R001981,418,XRP,XRP-USDT-SWAP,1768311003000,1768310940000,1768311000000,1768307400000,1768310940000,60,60,0,1
R001981,418,DOGE,DOGE-USDT-SWAP,1768311003000,1768310940000,1768311000000,1768307400000,1768310940000,60,60,0,1
R001981,418,ADA,ADA-USDT-SWAP,1768311003000,1768310940000,1768311000000,1768307400000,1768310940000,60,60,0,1
R001981,418,LTC,LTC-USDT-SWAP,1768311003000,1768310940000,1768311000000,1768307400000,1768310940000,60,60,0,1
R001981,418,BCH,BCH-USDT-SWAP,1768311003000,1768310940000,1768311000000,1768307400000,1768310940000,60,60,0,1
R001981,418,LINK,LINK-USDT-SWAP,1768311003000,1768310940000,1768311000000,1768307400000,1768310940000,60,60,0,1
R001988,419,ETH,ETH-USDT-SWAP,1768431409000,1768431300000,1768431360000,1768427760000,1768431300000,60,60,0,1
R001988,419,SOL,SOL-USDT-SWAP,1768431409000,1768431300000,1768431360000,1768427760000,1768431300000,60,60,0,1
R001988,419,XRP,XRP-USDT-SWAP,1768431409000,1768431300000,1768431360000,1768427760000,1768431300000,60,60,0,1
R001988,419,DOGE,DOGE-USDT-SWAP,1768431409000,1768431300000,1768431360000,1768427760000,1768431300000,60,60,0,1
R001988,419,ADA,ADA-USDT-SWAP,1768431409000,1768431300000,1768431360000,1768427760000,1768431300000,60,60,0,1
R001988,419,LTC,LTC-USDT-SWAP,1768431409000,1768431300000,1768431360000,1768427760000,1768431300000,60,60,0,1
R001988,419,BCH,BCH-USDT-SWAP,1768431409000,1768431300000,1768431360000,1768427760000,1768431300000,60,60,0,1
R001988,419,LINK,LINK-USDT-SWAP,1768431409000,1768431300000,1768431360000,1768427760000,1768431300000,60,60,0,1
R001991,420,ETH,ETH-USDT-SWAP,1768500604000,1768500540000,1768500600000,1768497000000,1768500540000,60,60,0,1
R001991,420,SOL,SOL-USDT-SWAP,1768500604000,1768500540000,1768500600000,1768497000000,1768500540000,60,60,0,1
R001991,420,XRP,XRP-USDT-SWAP,1768500604000,1768500540000,1768500600000,1768497000000,1768500540000,60,60,0,1
R001991,420,DOGE,DOGE-USDT-SWAP,1768500604000,1768500540000,1768500600000,1768497000000,1768500540000,60,60,0,1
R001991,420,ADA,ADA-USDT-SWAP,1768500604000,1768500540000,1768500600000,1768497000000,1768500540000,60,60,0,1
R001991,420,LTC,LTC-USDT-SWAP,1768500604000,1768500540000,1768500600000,1768497000000,1768500540000,60,60,0,1
R001991,420,BCH,BCH-USDT-SWAP,1768500604000,1768500540000,1768500600000,1768497000000,1768500540000,60,60,0,1
R001991,420,LINK,LINK-USDT-SWAP,1768500604000,1768500540000,1768500600000,1768497000000,1768500540000,60,60,0,1
R001992,421,ETH,ETH-USDT-SWAP,1768505472000,1768505400000,1768505460000,1768501860000,1768505400000,60,60,0,1
R001992,421,SOL,SOL-USDT-SWAP,1768505472000,1768505400000,1768505460000,1768501860000,1768505400000,60,60,0,1
R001992,421,XRP,XRP-USDT-SWAP,1768505472000,1768505400000,1768505460000,1768501860000,1768505400000,60,60,0,1
R001992,421,DOGE,DOGE-USDT-SWAP,1768505472000,1768505400000,1768505460000,1768501860000,1768505400000,60,60,0,1
R001992,421,ADA,ADA-USDT-SWAP,1768505472000,1768505400000,1768505460000,1768501860000,1768505400000,60,60,0,1
R001992,421,LTC,LTC-USDT-SWAP,1768505472000,1768505400000,1768505460000,1768501860000,1768505400000,60,60,0,1
R001992,421,BCH,BCH-USDT-SWAP,1768505472000,1768505400000,1768505460000,1768501860000,1768505400000,60,60,0,1
R001992,421,LINK,LINK-USDT-SWAP,1768505472000,1768505400000,1768505460000,1768501860000,1768505400000,60,60,0,1
R001997,422,ETH,ETH-USDT-SWAP,1768779987000,1768779900000,1768779960000,1768776360000,1768779900000,60,60,0,1
R001997,422,SOL,SOL-USDT-SWAP,1768779987000,1768779900000,1768779960000,1768776360000,1768779900000,60,60,0,1
R001997,422,XRP,XRP-USDT-SWAP,1768779987000,1768779900000,1768779960000,1768776360000,1768779900000,60,60,0,1
R001997,422,DOGE,DOGE-USDT-SWAP,1768779987000,1768779900000,1768779960000,1768776360000,1768779900000,60,60,0,1
R001997,422,ADA,ADA-USDT-SWAP,1768779987000,1768779900000,1768779960000,1768776360000,1768779900000,60,60,0,1
R001997,422,LTC,LTC-USDT-SWAP,1768779987000,1768779900000,1768779960000,1768776360000,1768779900000,60,60,0,1
R001997,422,BCH,BCH-USDT-SWAP,1768779987000,1768779900000,1768779960000,1768776360000,1768779900000,60,60,0,1
R001997,422,LINK,LINK-USDT-SWAP,1768779987000,1768779900000,1768779960000,1768776360000,1768779900000,60,60,0,1
R002004,423,ETH,ETH-USDT-SWAP,1769023703000,1769023620000,1769023680000,1769020080000,1769023620000,60,60,0,1
R002004,423,SOL,SOL-USDT-SWAP,1769023703000,1769023620000,1769023680000,1769020080000,1769023620000,60,60,0,1
R002004,423,XRP,XRP-USDT-SWAP,1769023703000,1769023620000,1769023680000,1769020080000,1769023620000,60,60,0,1
R002004,423,DOGE,DOGE-USDT-SWAP,1769023703000,1769023620000,1769023680000,1769020080000,1769023620000,60,60,0,1
R002004,423,ADA,ADA-USDT-SWAP,1769023703000,1769023620000,1769023680000,1769020080000,1769023620000,60,60,0,1
R002004,423,LTC,LTC-USDT-SWAP,1769023703000,1769023620000,1769023680000,1769020080000,1769023620000,60,60,0,1
R002004,423,BCH,BCH-USDT-SWAP,1769023703000,1769023620000,1769023680000,1769020080000,1769023620000,60,60,0,1
R002004,423,LINK,LINK-USDT-SWAP,1769023703000,1769023620000,1769023680000,1769020080000,1769023620000,60,60,0,1
R002006,424,ETH,ETH-USDT-SWAP,1769037248000,1769037180000,1769037240000,1769033640000,1769037180000,60,60,0,1
R002006,424,SOL,SOL-USDT-SWAP,1769037248000,1769037180000,1769037240000,1769033640000,1769037180000,60,60,0,1
R002006,424,XRP,XRP-USDT-SWAP,1769037248000,1769037180000,1769037240000,1769033640000,1769037180000,60,60,0,1
R002006,424,DOGE,DOGE-USDT-SWAP,1769037248000,1769037180000,1769037240000,1769033640000,1769037180000,60,60,0,1
R002006,424,ADA,ADA-USDT-SWAP,1769037248000,1769037180000,1769037240000,1769033640000,1769037180000,60,60,0,1
R002006,424,LTC,LTC-USDT-SWAP,1769037248000,1769037180000,1769037240000,1769033640000,1769037180000,60,60,0,1
R002006,424,BCH,BCH-USDT-SWAP,1769037248000,1769037180000,1769037240000,1769033640000,1769037180000,60,60,0,1
R002006,424,LINK,LINK-USDT-SWAP,1769037248000,1769037180000,1769037240000,1769033640000,1769037180000,60,60,0,1
R002010,425,ETH,ETH-USDT-SWAP,1769366677000,1769366580000,1769366640000,1769363040000,1769366580000,60,60,0,1
R002010,425,SOL,SOL-USDT-SWAP,1769366677000,1769366580000,1769366640000,1769363040000,1769366580000,60,60,0,1
R002010,425,XRP,XRP-USDT-SWAP,1769366677000,1769366580000,1769366640000,1769363040000,1769366580000,60,60,0,1
R002010,425,DOGE,DOGE-USDT-SWAP,1769366677000,1769366580000,1769366640000,1769363040000,1769366580000,60,60,0,1
R002010,425,ADA,ADA-USDT-SWAP,1769366677000,1769366580000,1769366640000,1769363040000,1769366580000,60,60,0,1
R002010,425,LTC,LTC-USDT-SWAP,1769366677000,1769366580000,1769366640000,1769363040000,1769366580000,60,60,0,1
R002010,425,BCH,BCH-USDT-SWAP,1769366677000,1769366580000,1769366640000,1769363040000,1769366580000,60,60,0,1
R002010,425,LINK,LINK-USDT-SWAP,1769366677000,1769366580000,1769366640000,1769363040000,1769366580000,60,60,0,1
R002017,426,ETH,ETH-USDT-SWAP,1769623237000,1769623140000,1769623200000,1769619600000,1769623140000,60,60,0,1
R002017,426,SOL,SOL-USDT-SWAP,1769623237000,1769623140000,1769623200000,1769619600000,1769623140000,60,60,0,1
R002017,426,XRP,XRP-USDT-SWAP,1769623237000,1769623140000,1769623200000,1769619600000,1769623140000,60,60,0,1
R002017,426,DOGE,DOGE-USDT-SWAP,1769623237000,1769623140000,1769623200000,1769619600000,1769623140000,60,60,0,1
R002017,426,ADA,ADA-USDT-SWAP,1769623237000,1769623140000,1769623200000,1769619600000,1769623140000,60,60,0,1
R002017,426,LTC,LTC-USDT-SWAP,1769623237000,1769623140000,1769623200000,1769619600000,1769623140000,60,60,0,1
R002017,426,BCH,BCH-USDT-SWAP,1769623237000,1769623140000,1769623200000,1769619600000,1769623140000,60,60,0,1
R002017,426,LINK,LINK-USDT-SWAP,1769623237000,1769623140000,1769623200000,1769619600000,1769623140000,60,60,0,1
R002023,427,ETH,ETH-USDT-SWAP,1769710714000,1769710620000,1769710680000,1769707080000,1769710620000,60,60,0,1
R002023,427,SOL,SOL-USDT-SWAP,1769710714000,1769710620000,1769710680000,1769707080000,1769710620000,60,60,0,1
R002023,427,XRP,XRP-USDT-SWAP,1769710714000,1769710620000,1769710680000,1769707080000,1769710620000,60,60,0,1
R002023,427,DOGE,DOGE-USDT-SWAP,1769710714000,1769710620000,1769710680000,1769707080000,1769710620000,60,60,0,1
R002023,427,ADA,ADA-USDT-SWAP,1769710714000,1769710620000,1769710680000,1769707080000,1769710620000,60,60,0,1
R002023,427,LTC,LTC-USDT-SWAP,1769710714000,1769710620000,1769710680000,1769707080000,1769710620000,60,60,0,1
R002023,427,BCH,BCH-USDT-SWAP,1769710714000,1769710620000,1769710680000,1769707080000,1769710620000,60,60,0,1
R002023,427,LINK,LINK-USDT-SWAP,1769710714000,1769710620000,1769710680000,1769707080000,1769710620000,60,60,0,1
R002026,428,ETH,ETH-USDT-SWAP,1769736173000,1769736060000,1769736120000,1769732520000,1769736060000,60,60,0,1
R002026,428,SOL,SOL-USDT-SWAP,1769736173000,1769736060000,1769736120000,1769732520000,1769736060000,60,60,0,1
R002026,428,XRP,XRP-USDT-SWAP,1769736173000,1769736060000,1769736120000,1769732520000,1769736060000,60,60,0,1
R002026,428,DOGE,DOGE-USDT-SWAP,1769736173000,1769736060000,1769736120000,1769732520000,1769736060000,60,60,0,1
R002026,428,ADA,ADA-USDT-SWAP,1769736173000,1769736060000,1769736120000,1769732520000,1769736060000,60,60,0,1
R002026,428,LTC,LTC-USDT-SWAP,1769736173000,1769736060000,1769736120000,1769732520000,1769736060000,60,60,0,1
R002026,428,BCH,BCH-USDT-SWAP,1769736173000,1769736060000,1769736120000,1769732520000,1769736060000,60,60,0,1
R002026,428,LINK,LINK-USDT-SWAP,1769736173000,1769736060000,1769736120000,1769732520000,1769736060000,60,60,0,1
R002027,429,ETH,ETH-USDT-SWAP,1769737076000,1769736960000,1769737020000,1769733420000,1769736960000,60,60,0,1
R002027,429,SOL,SOL-USDT-SWAP,1769737076000,1769736960000,1769737020000,1769733420000,1769736960000,60,60,0,1
R002027,429,XRP,XRP-USDT-SWAP,1769737076000,1769736960000,1769737020000,1769733420000,1769736960000,60,60,0,1
R002027,429,DOGE,DOGE-USDT-SWAP,1769737076000,1769736960000,1769737020000,1769733420000,1769736960000,60,60,0,1
R002027,429,ADA,ADA-USDT-SWAP,1769737076000,1769736960000,1769737020000,1769733420000,1769736960000,60,60,0,1
R002027,429,LTC,LTC-USDT-SWAP,1769737076000,1769736960000,1769737020000,1769733420000,1769736960000,60,60,0,1
R002027,429,BCH,BCH-USDT-SWAP,1769737076000,1769736960000,1769737020000,1769733420000,1769736960000,60,60,0,1
R002027,429,LINK,LINK-USDT-SWAP,1769737076000,1769736960000,1769737020000,1769733420000,1769736960000,60,60,0,1
R002050,430,ETH,ETH-USDT-SWAP,1770004149000,1770004080000,1770004140000,1770000540000,1770004080000,60,60,0,1
R002050,430,SOL,SOL-USDT-SWAP,1770004149000,1770004080000,1770004140000,1770000540000,1770004080000,60,60,0,1
R002050,430,XRP,XRP-USDT-SWAP,1770004149000,1770004080000,1770004140000,1770000540000,1770004080000,60,60,0,1
R002050,430,DOGE,DOGE-USDT-SWAP,1770004149000,1770004080000,1770004140000,1770000540000,1770004080000,60,60,0,1
R002050,430,ADA,ADA-USDT-SWAP,1770004149000,1770004080000,1770004140000,1770000540000,1770004080000,60,60,0,1
R002050,430,LTC,LTC-USDT-SWAP,1770004149000,1770004080000,1770004140000,1770000540000,1770004080000,60,60,0,1
R002050,430,BCH,BCH-USDT-SWAP,1770004149000,1770004080000,1770004140000,1770000540000,1770004080000,60,60,0,1
R002050,430,LINK,LINK-USDT-SWAP,1770004149000,1770004080000,1770004140000,1770000540000,1770004080000,60,60,0,1
R002067,431,ETH,ETH-USDT-SWAP,1770138327000,1770138240000,1770138300000,1770134700000,1770138240000,60,60,0,1
R002067,431,SOL,SOL-USDT-SWAP,1770138327000,1770138240000,1770138300000,1770134700000,1770138240000,60,60,0,1
R002067,431,XRP,XRP-USDT-SWAP,1770138327000,1770138240000,1770138300000,1770134700000,1770138240000,60,60,0,1
R002067,431,DOGE,DOGE-USDT-SWAP,1770138327000,1770138240000,1770138300000,1770134700000,1770138240000,60,60,0,1
R002067,431,ADA,ADA-USDT-SWAP,1770138327000,1770138240000,1770138300000,1770134700000,1770138240000,60,60,0,1
R002067,431,LTC,LTC-USDT-SWAP,1770138327000,1770138240000,1770138300000,1770134700000,1770138240000,60,60,0,1
R002067,431,BCH,BCH-USDT-SWAP,1770138327000,1770138240000,1770138300000,1770134700000,1770138240000,60,60,0,1
R002067,431,LINK,LINK-USDT-SWAP,1770138327000,1770138240000,1770138300000,1770134700000,1770138240000,60,60,0,1
R002085,432,ETH,ETH-USDT-SWAP,1770226225000,1770226140000,1770226200000,1770222600000,1770226140000,60,60,0,1
R002085,432,SOL,SOL-USDT-SWAP,1770226225000,1770226140000,1770226200000,1770222600000,1770226140000,60,60,0,1
R002085,432,XRP,XRP-USDT-SWAP,1770226225000,1770226140000,1770226200000,1770222600000,1770226140000,60,60,0,1
R002085,432,DOGE,DOGE-USDT-SWAP,1770226225000,1770226140000,1770226200000,1770222600000,1770226140000,60,60,0,1
R002085,432,ADA,ADA-USDT-SWAP,1770226225000,1770226140000,1770226200000,1770222600000,1770226140000,60,60,0,1
R002085,432,LTC,LTC-USDT-SWAP,1770226225000,1770226140000,1770226200000,1770222600000,1770226140000,60,60,0,1
R002085,432,BCH,BCH-USDT-SWAP,1770226225000,1770226140000,1770226200000,1770222600000,1770226140000,60,60,0,1
R002085,432,LINK,LINK-USDT-SWAP,1770226225000,1770226140000,1770226200000,1770222600000,1770226140000,60,60,0,1
R002088,433,ETH,ETH-USDT-SWAP,1770234494000,1770234420000,1770234480000,1770230880000,1770234420000,60,60,0,1
R002088,433,SOL,SOL-USDT-SWAP,1770234494000,1770234420000,1770234480000,1770230880000,1770234420000,60,60,0,1
R002088,433,XRP,XRP-USDT-SWAP,1770234494000,1770234420000,1770234480000,1770230880000,1770234420000,60,60,0,1
R002088,433,DOGE,DOGE-USDT-SWAP,1770234494000,1770234420000,1770234480000,1770230880000,1770234420000,60,60,0,1
R002088,433,ADA,ADA-USDT-SWAP,1770234494000,1770234420000,1770234480000,1770230880000,1770234420000,60,60,0,1
R002088,433,LTC,LTC-USDT-SWAP,1770234494000,1770234420000,1770234480000,1770230880000,1770234420000,60,60,0,1
R002088,433,BCH,BCH-USDT-SWAP,1770234494000,1770234420000,1770234480000,1770230880000,1770234420000,60,60,0,1
R002088,433,LINK,LINK-USDT-SWAP,1770234494000,1770234420000,1770234480000,1770230880000,1770234420000,60,60,0,1
R002093,434,ETH,ETH-USDT-SWAP,1770255641000,1770255540000,1770255600000,1770252000000,1770255540000,60,60,0,1
R002093,434,SOL,SOL-USDT-SWAP,1770255641000,1770255540000,1770255600000,1770252000000,1770255540000,60,60,0,1
R002093,434,XRP,XRP-USDT-SWAP,1770255641000,1770255540000,1770255600000,1770252000000,1770255540000,60,60,0,1
R002093,434,DOGE,DOGE-USDT-SWAP,1770255641000,1770255540000,1770255600000,1770252000000,1770255540000,60,60,0,1
R002093,434,ADA,ADA-USDT-SWAP,1770255641000,1770255540000,1770255600000,1770252000000,1770255540000,60,60,0,1
R002093,434,LTC,LTC-USDT-SWAP,1770255641000,1770255540000,1770255600000,1770252000000,1770255540000,60,60,0,1
R002093,434,BCH,BCH-USDT-SWAP,1770255641000,1770255540000,1770255600000,1770252000000,1770255540000,60,60,0,1
R002093,434,LINK,LINK-USDT-SWAP,1770255641000,1770255540000,1770255600000,1770252000000,1770255540000,60,60,0,1
R002094,435,ETH,ETH-USDT-SWAP,1770259704000,1770259620000,1770259680000,1770256080000,1770259620000,60,60,0,1
R002094,435,SOL,SOL-USDT-SWAP,1770259704000,1770259620000,1770259680000,1770256080000,1770259620000,60,60,0,1
R002094,435,XRP,XRP-USDT-SWAP,1770259704000,1770259620000,1770259680000,1770256080000,1770259620000,60,60,0,1
R002094,435,DOGE,DOGE-USDT-SWAP,1770259704000,1770259620000,1770259680000,1770256080000,1770259620000,60,60,0,1
R002094,435,ADA,ADA-USDT-SWAP,1770259704000,1770259620000,1770259680000,1770256080000,1770259620000,60,60,0,1
R002094,435,LTC,LTC-USDT-SWAP,1770259704000,1770259620000,1770259680000,1770256080000,1770259620000,60,60,0,1
R002094,435,BCH,BCH-USDT-SWAP,1770259704000,1770259620000,1770259680000,1770256080000,1770259620000,60,60,0,1
R002094,435,LINK,LINK-USDT-SWAP,1770259704000,1770259620000,1770259680000,1770256080000,1770259620000,60,60,0,1
R002096,436,ETH,ETH-USDT-SWAP,1770268909000,1770268800000,1770268860000,1770265260000,1770268800000,60,60,0,1
R002096,436,SOL,SOL-USDT-SWAP,1770268909000,1770268800000,1770268860000,1770265260000,1770268800000,60,60,0,1
R002096,436,XRP,XRP-USDT-SWAP,1770268909000,1770268800000,1770268860000,1770265260000,1770268800000,60,60,0,1
R002096,436,DOGE,DOGE-USDT-SWAP,1770268909000,1770268800000,1770268860000,1770265260000,1770268800000,60,60,0,1
R002096,436,ADA,ADA-USDT-SWAP,1770268909000,1770268800000,1770268860000,1770265260000,1770268800000,60,60,0,1
R002096,436,LTC,LTC-USDT-SWAP,1770268909000,1770268800000,1770268860000,1770265260000,1770268800000,60,60,0,1
R002096,436,BCH,BCH-USDT-SWAP,1770268909000,1770268800000,1770268860000,1770265260000,1770268800000,60,60,0,1
R002096,436,LINK,LINK-USDT-SWAP,1770268909000,1770268800000,1770268860000,1770265260000,1770268800000,60,60,0,1
R002102,437,ETH,ETH-USDT-SWAP,1770290541000,1770290460000,1770290520000,1770286920000,1770290460000,60,60,0,1
R002102,437,SOL,SOL-USDT-SWAP,1770290541000,1770290460000,1770290520000,1770286920000,1770290460000,60,60,0,1
R002102,437,XRP,XRP-USDT-SWAP,1770290541000,1770290460000,1770290520000,1770286920000,1770290460000,60,60,0,1
R002102,437,DOGE,DOGE-USDT-SWAP,1770290541000,1770290460000,1770290520000,1770286920000,1770290460000,60,60,0,1
R002102,437,ADA,ADA-USDT-SWAP,1770290541000,1770290460000,1770290520000,1770286920000,1770290460000,60,60,0,1
R002102,437,LTC,LTC-USDT-SWAP,1770290541000,1770290460000,1770290520000,1770286920000,1770290460000,60,60,0,1
R002102,437,BCH,BCH-USDT-SWAP,1770290541000,1770290460000,1770290520000,1770286920000,1770290460000,60,60,0,1
R002102,437,LINK,LINK-USDT-SWAP,1770290541000,1770290460000,1770290520000,1770286920000,1770290460000,60,60,0,1
R002106,438,ETH,ETH-USDT-SWAP,1770304932000,1770304860000,1770304920000,1770301320000,1770304860000,60,60,0,1
R002106,438,SOL,SOL-USDT-SWAP,1770304932000,1770304860000,1770304920000,1770301320000,1770304860000,60,60,0,1
R002106,438,XRP,XRP-USDT-SWAP,1770304932000,1770304860000,1770304920000,1770301320000,1770304860000,60,60,0,1
R002106,438,DOGE,DOGE-USDT-SWAP,1770304932000,1770304860000,1770304920000,1770301320000,1770304860000,60,60,0,1
R002106,438,ADA,ADA-USDT-SWAP,1770304932000,1770304860000,1770304920000,1770301320000,1770304860000,60,60,0,1
R002106,438,LTC,LTC-USDT-SWAP,1770304932000,1770304860000,1770304920000,1770301320000,1770304860000,60,60,0,1
R002106,438,BCH,BCH-USDT-SWAP,1770304932000,1770304860000,1770304920000,1770301320000,1770304860000,60,60,0,1
R002106,438,LINK,LINK-USDT-SWAP,1770304932000,1770304860000,1770304920000,1770301320000,1770304860000,60,60,0,1
R002107,439,ETH,ETH-USDT-SWAP,1770308690000,1770308580000,1770308640000,1770305040000,1770308580000,60,60,0,1
R002107,439,SOL,SOL-USDT-SWAP,1770308690000,1770308580000,1770308640000,1770305040000,1770308580000,60,60,0,1
R002107,439,XRP,XRP-USDT-SWAP,1770308690000,1770308580000,1770308640000,1770305040000,1770308580000,60,60,0,1
R002107,439,DOGE,DOGE-USDT-SWAP,1770308690000,1770308580000,1770308640000,1770305040000,1770308580000,60,60,0,1
R002107,439,ADA,ADA-USDT-SWAP,1770308690000,1770308580000,1770308640000,1770305040000,1770308580000,60,60,0,1
R002107,439,LTC,LTC-USDT-SWAP,1770308690000,1770308580000,1770308640000,1770305040000,1770308580000,60,60,0,1
R002107,439,BCH,BCH-USDT-SWAP,1770308690000,1770308580000,1770308640000,1770305040000,1770308580000,60,60,0,1
R002107,439,LINK,LINK-USDT-SWAP,1770308690000,1770308580000,1770308640000,1770305040000,1770308580000,60,60,0,1
R002109,440,ETH,ETH-USDT-SWAP,1770312035000,1770311940000,1770312000000,1770308400000,1770311940000,60,60,0,1
R002109,440,SOL,SOL-USDT-SWAP,1770312035000,1770311940000,1770312000000,1770308400000,1770311940000,60,60,0,1
R002109,440,XRP,XRP-USDT-SWAP,1770312035000,1770311940000,1770312000000,1770308400000,1770311940000,60,60,0,1
R002109,440,DOGE,DOGE-USDT-SWAP,1770312035000,1770311940000,1770312000000,1770308400000,1770311940000,60,60,0,1
R002109,440,ADA,ADA-USDT-SWAP,1770312035000,1770311940000,1770312000000,1770308400000,1770311940000,60,60,0,1
R002109,440,LTC,LTC-USDT-SWAP,1770312035000,1770311940000,1770312000000,1770308400000,1770311940000,60,60,0,1
R002109,440,BCH,BCH-USDT-SWAP,1770312035000,1770311940000,1770312000000,1770308400000,1770311940000,60,60,0,1
R002109,440,LINK,LINK-USDT-SWAP,1770312035000,1770311940000,1770312000000,1770308400000,1770311940000,60,60,0,1
R002110,441,ETH,ETH-USDT-SWAP,1770322960000,1770322860000,1770322920000,1770319320000,1770322860000,60,60,0,1
R002110,441,SOL,SOL-USDT-SWAP,1770322960000,1770322860000,1770322920000,1770319320000,1770322860000,60,60,0,1
R002110,441,XRP,XRP-USDT-SWAP,1770322960000,1770322860000,1770322920000,1770319320000,1770322860000,60,60,0,1
R002110,441,DOGE,DOGE-USDT-SWAP,1770322960000,1770322860000,1770322920000,1770319320000,1770322860000,60,60,0,1
R002110,441,ADA,ADA-USDT-SWAP,1770322960000,1770322860000,1770322920000,1770319320000,1770322860000,60,60,0,1
R002110,441,LTC,LTC-USDT-SWAP,1770322960000,1770322860000,1770322920000,1770319320000,1770322860000,60,60,0,1
R002110,441,BCH,BCH-USDT-SWAP,1770322960000,1770322860000,1770322920000,1770319320000,1770322860000,60,60,0,1
R002110,441,LINK,LINK-USDT-SWAP,1770322960000,1770322860000,1770322920000,1770319320000,1770322860000,60,60,0,1
R002111,442,ETH,ETH-USDT-SWAP,1770326625000,1770326520000,1770326580000,1770322980000,1770326520000,60,60,0,1
R002111,442,SOL,SOL-USDT-SWAP,1770326625000,1770326520000,1770326580000,1770322980000,1770326520000,60,60,0,1
R002111,442,XRP,XRP-USDT-SWAP,1770326625000,1770326520000,1770326580000,1770322980000,1770326520000,60,60,0,1
R002111,442,DOGE,DOGE-USDT-SWAP,1770326625000,1770326520000,1770326580000,1770322980000,1770326520000,60,60,0,1
R002111,442,ADA,ADA-USDT-SWAP,1770326625000,1770326520000,1770326580000,1770322980000,1770326520000,60,60,0,1
R002111,442,LTC,LTC-USDT-SWAP,1770326625000,1770326520000,1770326580000,1770322980000,1770326520000,60,60,0,1
R002111,442,BCH,BCH-USDT-SWAP,1770326625000,1770326520000,1770326580000,1770322980000,1770326520000,60,60,0,1
R002111,442,LINK,LINK-USDT-SWAP,1770326625000,1770326520000,1770326580000,1770322980000,1770326520000,60,60,0,1
R002116,443,ETH,ETH-USDT-SWAP,1770340666000,1770340560000,1770340620000,1770337020000,1770340560000,60,60,0,1
R002116,443,SOL,SOL-USDT-SWAP,1770340666000,1770340560000,1770340620000,1770337020000,1770340560000,60,60,0,1
R002116,443,XRP,XRP-USDT-SWAP,1770340666000,1770340560000,1770340620000,1770337020000,1770340560000,60,60,0,1
R002116,443,DOGE,DOGE-USDT-SWAP,1770340666000,1770340560000,1770340620000,1770337020000,1770340560000,60,60,0,1
R002116,443,ADA,ADA-USDT-SWAP,1770340666000,1770340560000,1770340620000,1770337020000,1770340560000,60,60,0,1
R002116,443,LTC,LTC-USDT-SWAP,1770340666000,1770340560000,1770340620000,1770337020000,1770340560000,60,60,0,1
R002116,443,BCH,BCH-USDT-SWAP,1770340666000,1770340560000,1770340620000,1770337020000,1770340560000,60,60,0,1
R002116,443,LINK,LINK-USDT-SWAP,1770340666000,1770340560000,1770340620000,1770337020000,1770340560000,60,60,0,1
R002120,444,ETH,ETH-USDT-SWAP,1770349854000,1770349740000,1770349800000,1770346200000,1770349740000,60,60,0,1
R002120,444,SOL,SOL-USDT-SWAP,1770349854000,1770349740000,1770349800000,1770346200000,1770349740000,60,60,0,1
R002120,444,XRP,XRP-USDT-SWAP,1770349854000,1770349740000,1770349800000,1770346200000,1770349740000,60,60,0,1
R002120,444,DOGE,DOGE-USDT-SWAP,1770349854000,1770349740000,1770349800000,1770346200000,1770349740000,60,60,0,1
R002120,444,ADA,ADA-USDT-SWAP,1770349854000,1770349740000,1770349800000,1770346200000,1770349740000,60,60,0,1
R002120,444,LTC,LTC-USDT-SWAP,1770349854000,1770349740000,1770349800000,1770346200000,1770349740000,60,60,0,1
R002120,444,BCH,BCH-USDT-SWAP,1770349854000,1770349740000,1770349800000,1770346200000,1770349740000,60,60,0,1
R002120,444,LINK,LINK-USDT-SWAP,1770349854000,1770349740000,1770349800000,1770346200000,1770349740000,60,60,0,1
R002133,445,ETH,ETH-USDT-SWAP,1770385067000,1770384960000,1770385020000,1770381420000,1770384960000,60,60,0,1
R002133,445,SOL,SOL-USDT-SWAP,1770385067000,1770384960000,1770385020000,1770381420000,1770384960000,60,60,0,1
R002133,445,XRP,XRP-USDT-SWAP,1770385067000,1770384960000,1770385020000,1770381420000,1770384960000,60,60,0,1
R002133,445,DOGE,DOGE-USDT-SWAP,1770385067000,1770384960000,1770385020000,1770381420000,1770384960000,60,60,0,1
R002133,445,ADA,ADA-USDT-SWAP,1770385067000,1770384960000,1770385020000,1770381420000,1770384960000,60,60,0,1
R002133,445,LTC,LTC-USDT-SWAP,1770385067000,1770384960000,1770385020000,1770381420000,1770384960000,60,60,0,1
R002133,445,BCH,BCH-USDT-SWAP,1770385067000,1770384960000,1770385020000,1770381420000,1770384960000,60,60,0,1
R002133,445,LINK,LINK-USDT-SWAP,1770385067000,1770384960000,1770385020000,1770381420000,1770384960000,60,60,0,1
R002139,446,ETH,ETH-USDT-SWAP,1770400880000,1770400800000,1770400860000,1770397260000,1770400800000,60,60,0,1
R002139,446,SOL,SOL-USDT-SWAP,1770400880000,1770400800000,1770400860000,1770397260000,1770400800000,60,60,0,1
R002139,446,XRP,XRP-USDT-SWAP,1770400880000,1770400800000,1770400860000,1770397260000,1770400800000,60,60,0,1
R002139,446,DOGE,DOGE-USDT-SWAP,1770400880000,1770400800000,1770400860000,1770397260000,1770400800000,60,60,0,1
R002139,446,ADA,ADA-USDT-SWAP,1770400880000,1770400800000,1770400860000,1770397260000,1770400800000,60,60,0,1
R002139,446,LTC,LTC-USDT-SWAP,1770400880000,1770400800000,1770400860000,1770397260000,1770400800000,60,60,0,1
R002139,446,BCH,BCH-USDT-SWAP,1770400880000,1770400800000,1770400860000,1770397260000,1770400800000,60,60,0,1
R002139,446,LINK,LINK-USDT-SWAP,1770400880000,1770400800000,1770400860000,1770397260000,1770400800000,60,60,0,1
R002140,447,ETH,ETH-USDT-SWAP,1770403315000,1770403200000,1770403260000,1770399660000,1770403200000,60,60,0,1
R002140,447,SOL,SOL-USDT-SWAP,1770403315000,1770403200000,1770403260000,1770399660000,1770403200000,60,60,0,1
R002140,447,XRP,XRP-USDT-SWAP,1770403315000,1770403200000,1770403260000,1770399660000,1770403200000,60,60,0,1
R002140,447,DOGE,DOGE-USDT-SWAP,1770403315000,1770403200000,1770403260000,1770399660000,1770403200000,60,60,0,1
R002140,447,ADA,ADA-USDT-SWAP,1770403315000,1770403200000,1770403260000,1770399660000,1770403200000,60,60,0,1
R002140,447,LTC,LTC-USDT-SWAP,1770403315000,1770403200000,1770403260000,1770399660000,1770403200000,60,60,0,1
R002140,447,BCH,BCH-USDT-SWAP,1770403315000,1770403200000,1770403260000,1770399660000,1770403200000,60,60,0,1
R002140,447,LINK,LINK-USDT-SWAP,1770403315000,1770403200000,1770403260000,1770399660000,1770403200000,60,60,0,1
R002146,448,ETH,ETH-USDT-SWAP,1770441926000,1770441840000,1770441900000,1770438300000,1770441840000,60,60,0,1
R002146,448,SOL,SOL-USDT-SWAP,1770441926000,1770441840000,1770441900000,1770438300000,1770441840000,60,60,0,1
R002146,448,XRP,XRP-USDT-SWAP,1770441926000,1770441840000,1770441900000,1770438300000,1770441840000,60,60,0,1
R002146,448,DOGE,DOGE-USDT-SWAP,1770441926000,1770441840000,1770441900000,1770438300000,1770441840000,60,60,0,1
R002146,448,ADA,ADA-USDT-SWAP,1770441926000,1770441840000,1770441900000,1770438300000,1770441840000,60,60,0,1
R002146,448,LTC,LTC-USDT-SWAP,1770441926000,1770441840000,1770441900000,1770438300000,1770441840000,60,60,0,1
R002146,448,BCH,BCH-USDT-SWAP,1770441926000,1770441840000,1770441900000,1770438300000,1770441840000,60,60,0,1
R002146,448,LINK,LINK-USDT-SWAP,1770441926000,1770441840000,1770441900000,1770438300000,1770441840000,60,60,0,1
R002148,449,ETH,ETH-USDT-SWAP,1770447431000,1770447360000,1770447420000,1770443820000,1770447360000,60,60,0,1
R002148,449,SOL,SOL-USDT-SWAP,1770447431000,1770447360000,1770447420000,1770443820000,1770447360000,60,60,0,1
R002148,449,XRP,XRP-USDT-SWAP,1770447431000,1770447360000,1770447420000,1770443820000,1770447360000,60,60,0,1
R002148,449,DOGE,DOGE-USDT-SWAP,1770447431000,1770447360000,1770447420000,1770443820000,1770447360000,60,60,0,1
R002148,449,ADA,ADA-USDT-SWAP,1770447431000,1770447360000,1770447420000,1770443820000,1770447360000,60,60,0,1
R002148,449,LTC,LTC-USDT-SWAP,1770447431000,1770447360000,1770447420000,1770443820000,1770447360000,60,60,0,1
R002148,449,BCH,BCH-USDT-SWAP,1770447431000,1770447360000,1770447420000,1770443820000,1770447360000,60,60,0,1
R002148,449,LINK,LINK-USDT-SWAP,1770447431000,1770447360000,1770447420000,1770443820000,1770447360000,60,60,0,1
R002149,450,ETH,ETH-USDT-SWAP,1770452728000,1770452640000,1770452700000,1770449100000,1770452640000,60,60,0,1
R002149,450,SOL,SOL-USDT-SWAP,1770452728000,1770452640000,1770452700000,1770449100000,1770452640000,60,60,0,1
R002149,450,XRP,XRP-USDT-SWAP,1770452728000,1770452640000,1770452700000,1770449100000,1770452640000,60,60,0,1
R002149,450,DOGE,DOGE-USDT-SWAP,1770452728000,1770452640000,1770452700000,1770449100000,1770452640000,60,60,0,1
R002149,450,ADA,ADA-USDT-SWAP,1770452728000,1770452640000,1770452700000,1770449100000,1770452640000,60,60,0,1
R002149,450,LTC,LTC-USDT-SWAP,1770452728000,1770452640000,1770452700000,1770449100000,1770452640000,60,60,0,1
R002149,450,BCH,BCH-USDT-SWAP,1770452728000,1770452640000,1770452700000,1770449100000,1770452640000,60,60,0,1
R002149,450,LINK,LINK-USDT-SWAP,1770452728000,1770452640000,1770452700000,1770449100000,1770452640000,60,60,0,1
R002151,451,ETH,ETH-USDT-SWAP,1770467440000,1770467340000,1770467400000,1770463800000,1770467340000,60,60,0,1
R002151,451,SOL,SOL-USDT-SWAP,1770467440000,1770467340000,1770467400000,1770463800000,1770467340000,60,60,0,1
R002151,451,XRP,XRP-USDT-SWAP,1770467440000,1770467340000,1770467400000,1770463800000,1770467340000,60,60,0,1
R002151,451,DOGE,DOGE-USDT-SWAP,1770467440000,1770467340000,1770467400000,1770463800000,1770467340000,60,60,0,1
R002151,451,ADA,ADA-USDT-SWAP,1770467440000,1770467340000,1770467400000,1770463800000,1770467340000,60,60,0,1
R002151,451,LTC,LTC-USDT-SWAP,1770467440000,1770467340000,1770467400000,1770463800000,1770467340000,60,60,0,1
R002151,451,BCH,BCH-USDT-SWAP,1770467440000,1770467340000,1770467400000,1770463800000,1770467340000,60,60,0,1
R002151,451,LINK,LINK-USDT-SWAP,1770467440000,1770467340000,1770467400000,1770463800000,1770467340000,60,60,0,1
R002153,452,ETH,ETH-USDT-SWAP,1770538977000,1770538860000,1770538920000,1770535320000,1770538860000,60,60,0,1
R002153,452,SOL,SOL-USDT-SWAP,1770538977000,1770538860000,1770538920000,1770535320000,1770538860000,60,60,0,1
R002153,452,XRP,XRP-USDT-SWAP,1770538977000,1770538860000,1770538920000,1770535320000,1770538860000,60,60,0,1
R002153,452,DOGE,DOGE-USDT-SWAP,1770538977000,1770538860000,1770538920000,1770535320000,1770538860000,60,60,0,1
R002153,452,ADA,ADA-USDT-SWAP,1770538977000,1770538860000,1770538920000,1770535320000,1770538860000,60,60,0,1
R002153,452,LTC,LTC-USDT-SWAP,1770538977000,1770538860000,1770538920000,1770535320000,1770538860000,60,60,0,1
R002153,452,BCH,BCH-USDT-SWAP,1770538977000,1770538860000,1770538920000,1770535320000,1770538860000,60,60,0,1
R002153,452,LINK,LINK-USDT-SWAP,1770538977000,1770538860000,1770538920000,1770535320000,1770538860000,60,60,0,1
R002156,453,ETH,ETH-USDT-SWAP,1770591925000,1770591840000,1770591900000,1770588300000,1770591840000,60,60,0,1
R002156,453,SOL,SOL-USDT-SWAP,1770591925000,1770591840000,1770591900000,1770588300000,1770591840000,60,60,0,1
R002156,453,XRP,XRP-USDT-SWAP,1770591925000,1770591840000,1770591900000,1770588300000,1770591840000,60,60,0,1
R002156,453,DOGE,DOGE-USDT-SWAP,1770591925000,1770591840000,1770591900000,1770588300000,1770591840000,60,60,0,1
R002156,453,ADA,ADA-USDT-SWAP,1770591925000,1770591840000,1770591900000,1770588300000,1770591840000,60,60,0,1
R002156,453,LTC,LTC-USDT-SWAP,1770591925000,1770591840000,1770591900000,1770588300000,1770591840000,60,60,0,1
R002156,453,BCH,BCH-USDT-SWAP,1770591925000,1770591840000,1770591900000,1770588300000,1770591840000,60,60,0,1
R002156,453,LINK,LINK-USDT-SWAP,1770591925000,1770591840000,1770591900000,1770588300000,1770591840000,60,60,0,1
R002157,454,ETH,ETH-USDT-SWAP,1770593018000,1770592920000,1770592980000,1770589380000,1770592920000,60,60,0,1
R002157,454,SOL,SOL-USDT-SWAP,1770593018000,1770592920000,1770592980000,1770589380000,1770592920000,60,60,0,1
R002157,454,XRP,XRP-USDT-SWAP,1770593018000,1770592920000,1770592980000,1770589380000,1770592920000,60,60,0,1
R002157,454,DOGE,DOGE-USDT-SWAP,1770593018000,1770592920000,1770592980000,1770589380000,1770592920000,60,60,0,1
R002157,454,ADA,ADA-USDT-SWAP,1770593018000,1770592920000,1770592980000,1770589380000,1770592920000,60,60,0,1
R002157,454,LTC,LTC-USDT-SWAP,1770593018000,1770592920000,1770592980000,1770589380000,1770592920000,60,60,0,1
R002157,454,BCH,BCH-USDT-SWAP,1770593018000,1770592920000,1770592980000,1770589380000,1770592920000,60,60,0,1
R002157,454,LINK,LINK-USDT-SWAP,1770593018000,1770592920000,1770592980000,1770589380000,1770592920000,60,60,0,1
R002165,455,ETH,ETH-USDT-SWAP,1770723871000,1770723780000,1770723840000,1770720240000,1770723780000,60,60,0,1
R002165,455,SOL,SOL-USDT-SWAP,1770723871000,1770723780000,1770723840000,1770720240000,1770723780000,60,60,0,1
R002165,455,XRP,XRP-USDT-SWAP,1770723871000,1770723780000,1770723840000,1770720240000,1770723780000,60,60,0,1
R002165,455,DOGE,DOGE-USDT-SWAP,1770723871000,1770723780000,1770723840000,1770720240000,1770723780000,60,60,0,1
R002165,455,ADA,ADA-USDT-SWAP,1770723871000,1770723780000,1770723840000,1770720240000,1770723780000,60,60,0,1
R002165,455,LTC,LTC-USDT-SWAP,1770723871000,1770723780000,1770723840000,1770720240000,1770723780000,60,60,0,1
R002165,455,BCH,BCH-USDT-SWAP,1770723871000,1770723780000,1770723840000,1770720240000,1770723780000,60,60,0,1
R002165,455,LINK,LINK-USDT-SWAP,1770723871000,1770723780000,1770723840000,1770720240000,1770723780000,60,60,0,1
R002167,456,ETH,ETH-USDT-SWAP,1770733001000,1770732900000,1770732960000,1770729360000,1770732900000,60,60,0,1
R002167,456,SOL,SOL-USDT-SWAP,1770733001000,1770732900000,1770732960000,1770729360000,1770732900000,60,60,0,1
R002167,456,XRP,XRP-USDT-SWAP,1770733001000,1770732900000,1770732960000,1770729360000,1770732900000,60,60,0,1
R002167,456,DOGE,DOGE-USDT-SWAP,1770733001000,1770732900000,1770732960000,1770729360000,1770732900000,60,60,0,1
R002167,456,ADA,ADA-USDT-SWAP,1770733001000,1770732900000,1770732960000,1770729360000,1770732900000,60,60,0,1
R002167,456,LTC,LTC-USDT-SWAP,1770733001000,1770732900000,1770732960000,1770729360000,1770732900000,60,60,0,1
R002167,456,BCH,BCH-USDT-SWAP,1770733001000,1770732900000,1770732960000,1770729360000,1770732900000,60,60,0,1
R002167,456,LINK,LINK-USDT-SWAP,1770733001000,1770732900000,1770732960000,1770729360000,1770732900000,60,60,0,1
R002168,457,ETH,ETH-USDT-SWAP,1770734442000,1770734340000,1770734400000,1770730800000,1770734340000,60,60,0,1
R002168,457,SOL,SOL-USDT-SWAP,1770734442000,1770734340000,1770734400000,1770730800000,1770734340000,60,60,0,1
R002168,457,XRP,XRP-USDT-SWAP,1770734442000,1770734340000,1770734400000,1770730800000,1770734340000,60,60,0,1
R002168,457,DOGE,DOGE-USDT-SWAP,1770734442000,1770734340000,1770734400000,1770730800000,1770734340000,60,60,0,1
R002168,457,ADA,ADA-USDT-SWAP,1770734442000,1770734340000,1770734400000,1770730800000,1770734340000,60,60,0,1
R002168,457,LTC,LTC-USDT-SWAP,1770734442000,1770734340000,1770734400000,1770730800000,1770734340000,60,60,0,1
R002168,457,BCH,BCH-USDT-SWAP,1770734442000,1770734340000,1770734400000,1770730800000,1770734340000,60,60,0,1
R002168,457,LINK,LINK-USDT-SWAP,1770734442000,1770734340000,1770734400000,1770730800000,1770734340000,60,60,0,1
R002172,458,ETH,ETH-USDT-SWAP,1770816602000,1770816540000,1770816600000,1770813000000,1770816540000,60,60,0,1
R002172,458,SOL,SOL-USDT-SWAP,1770816602000,1770816540000,1770816600000,1770813000000,1770816540000,60,60,0,1
R002172,458,XRP,XRP-USDT-SWAP,1770816602000,1770816540000,1770816600000,1770813000000,1770816540000,60,60,0,1
R002172,458,DOGE,DOGE-USDT-SWAP,1770816602000,1770816540000,1770816600000,1770813000000,1770816540000,60,60,0,1
R002172,458,ADA,ADA-USDT-SWAP,1770816602000,1770816540000,1770816600000,1770813000000,1770816540000,60,60,0,1
R002172,458,LTC,LTC-USDT-SWAP,1770816602000,1770816540000,1770816600000,1770813000000,1770816540000,60,60,0,1
R002172,458,BCH,BCH-USDT-SWAP,1770816602000,1770816540000,1770816600000,1770813000000,1770816540000,60,60,0,1
R002172,458,LINK,LINK-USDT-SWAP,1770816602000,1770816540000,1770816600000,1770813000000,1770816540000,60,60,0,1
R002176,459,ETH,ETH-USDT-SWAP,1770852056000,1770851940000,1770852000000,1770848400000,1770851940000,60,60,0,1
R002176,459,SOL,SOL-USDT-SWAP,1770852056000,1770851940000,1770852000000,1770848400000,1770851940000,60,60,0,1
R002176,459,XRP,XRP-USDT-SWAP,1770852056000,1770851940000,1770852000000,1770848400000,1770851940000,60,60,0,1
R002176,459,DOGE,DOGE-USDT-SWAP,1770852056000,1770851940000,1770852000000,1770848400000,1770851940000,60,60,0,1
R002176,459,ADA,ADA-USDT-SWAP,1770852056000,1770851940000,1770852000000,1770848400000,1770851940000,60,60,0,1
R002176,459,LTC,LTC-USDT-SWAP,1770852056000,1770851940000,1770852000000,1770848400000,1770851940000,60,60,0,1
R002176,459,BCH,BCH-USDT-SWAP,1770852056000,1770851940000,1770852000000,1770848400000,1770851940000,60,60,0,1
R002176,459,LINK,LINK-USDT-SWAP,1770852056000,1770851940000,1770852000000,1770848400000,1770851940000,60,60,0,1
R002192,460,ETH,ETH-USDT-SWAP,1771139899000,1771139820000,1771139880000,1771136280000,1771139820000,60,60,0,1
R002192,460,SOL,SOL-USDT-SWAP,1771139899000,1771139820000,1771139880000,1771136280000,1771139820000,60,60,0,1
R002192,460,XRP,XRP-USDT-SWAP,1771139899000,1771139820000,1771139880000,1771136280000,1771139820000,60,60,0,1
R002192,460,DOGE,DOGE-USDT-SWAP,1771139899000,1771139820000,1771139880000,1771136280000,1771139820000,60,60,0,1
R002192,460,ADA,ADA-USDT-SWAP,1771139899000,1771139820000,1771139880000,1771136280000,1771139820000,60,60,0,1
R002192,460,LTC,LTC-USDT-SWAP,1771139899000,1771139820000,1771139880000,1771136280000,1771139820000,60,60,0,1
R002192,460,BCH,BCH-USDT-SWAP,1771139899000,1771139820000,1771139880000,1771136280000,1771139820000,60,60,0,1
R002192,460,LINK,LINK-USDT-SWAP,1771139899000,1771139820000,1771139880000,1771136280000,1771139820000,60,60,0,1
R002197,461,ETH,ETH-USDT-SWAP,1771255865000,1771255800000,1771255860000,1771252260000,1771255800000,60,60,0,1
R002197,461,SOL,SOL-USDT-SWAP,1771255865000,1771255800000,1771255860000,1771252260000,1771255800000,60,60,0,1
R002197,461,XRP,XRP-USDT-SWAP,1771255865000,1771255800000,1771255860000,1771252260000,1771255800000,60,60,0,1
R002197,461,DOGE,DOGE-USDT-SWAP,1771255865000,1771255800000,1771255860000,1771252260000,1771255800000,60,60,0,1
R002197,461,ADA,ADA-USDT-SWAP,1771255865000,1771255800000,1771255860000,1771252260000,1771255800000,60,60,0,1
R002197,461,LTC,LTC-USDT-SWAP,1771255865000,1771255800000,1771255860000,1771252260000,1771255800000,60,60,0,1
R002197,461,BCH,BCH-USDT-SWAP,1771255865000,1771255800000,1771255860000,1771252260000,1771255800000,60,60,0,1
R002197,461,LINK,LINK-USDT-SWAP,1771255865000,1771255800000,1771255860000,1771252260000,1771255800000,60,60,0,1
R002198,462,ETH,ETH-USDT-SWAP,1771275121000,1771275060000,1771275120000,1771271520000,1771275060000,60,60,0,1
R002198,462,SOL,SOL-USDT-SWAP,1771275121000,1771275060000,1771275120000,1771271520000,1771275060000,60,60,0,1
R002198,462,XRP,XRP-USDT-SWAP,1771275121000,1771275060000,1771275120000,1771271520000,1771275060000,60,60,0,1
R002198,462,DOGE,DOGE-USDT-SWAP,1771275121000,1771275060000,1771275120000,1771271520000,1771275060000,60,60,0,1
R002198,462,ADA,ADA-USDT-SWAP,1771275121000,1771275060000,1771275120000,1771271520000,1771275060000,60,60,0,1
R002198,462,LTC,LTC-USDT-SWAP,1771275121000,1771275060000,1771275120000,1771271520000,1771275060000,60,60,0,1
R002198,462,BCH,BCH-USDT-SWAP,1771275121000,1771275060000,1771275120000,1771271520000,1771275060000,60,60,0,1
R002198,462,LINK,LINK-USDT-SWAP,1771275121000,1771275060000,1771275120000,1771271520000,1771275060000,60,60,0,1
R002203,463,ETH,ETH-USDT-SWAP,1771547202000,1771547100000,1771547160000,1771543560000,1771547100000,60,60,0,1
R002203,463,SOL,SOL-USDT-SWAP,1771547202000,1771547100000,1771547160000,1771543560000,1771547100000,60,60,0,1
R002203,463,XRP,XRP-USDT-SWAP,1771547202000,1771547100000,1771547160000,1771543560000,1771547100000,60,60,0,1
R002203,463,DOGE,DOGE-USDT-SWAP,1771547202000,1771547100000,1771547160000,1771543560000,1771547100000,60,60,0,1
R002203,463,ADA,ADA-USDT-SWAP,1771547202000,1771547100000,1771547160000,1771543560000,1771547100000,60,60,0,1
R002203,463,LTC,LTC-USDT-SWAP,1771547202000,1771547100000,1771547160000,1771543560000,1771547100000,60,60,0,1
R002203,463,BCH,BCH-USDT-SWAP,1771547202000,1771547100000,1771547160000,1771543560000,1771547100000,60,60,0,1
R002203,463,LINK,LINK-USDT-SWAP,1771547202000,1771547100000,1771547160000,1771543560000,1771547100000,60,60,0,1
R002204,464,ETH,ETH-USDT-SWAP,1771599716000,1771599600000,1771599660000,1771596060000,1771599600000,60,60,0,1
R002204,464,SOL,SOL-USDT-SWAP,1771599716000,1771599600000,1771599660000,1771596060000,1771599600000,60,60,0,1
R002204,464,XRP,XRP-USDT-SWAP,1771599716000,1771599600000,1771599660000,1771596060000,1771599600000,60,60,0,1
R002204,464,DOGE,DOGE-USDT-SWAP,1771599716000,1771599600000,1771599660000,1771596060000,1771599600000,60,60,0,1
R002204,464,ADA,ADA-USDT-SWAP,1771599716000,1771599600000,1771599660000,1771596060000,1771599600000,60,60,0,1
R002204,464,LTC,LTC-USDT-SWAP,1771599716000,1771599600000,1771599660000,1771596060000,1771599600000,60,60,0,1
R002204,464,BCH,BCH-USDT-SWAP,1771599716000,1771599600000,1771599660000,1771596060000,1771599600000,60,60,0,1
R002204,464,LINK,LINK-USDT-SWAP,1771599716000,1771599600000,1771599660000,1771596060000,1771599600000,60,60,0,1
R002205,465,ETH,ETH-USDT-SWAP,1771602946000,1771602840000,1771602900000,1771599300000,1771602840000,60,60,0,1
R002205,465,SOL,SOL-USDT-SWAP,1771602946000,1771602840000,1771602900000,1771599300000,1771602840000,60,60,0,1
R002205,465,XRP,XRP-USDT-SWAP,1771602946000,1771602840000,1771602900000,1771599300000,1771602840000,60,60,0,1
R002205,465,DOGE,DOGE-USDT-SWAP,1771602946000,1771602840000,1771602900000,1771599300000,1771602840000,60,60,0,1
R002205,465,ADA,ADA-USDT-SWAP,1771602946000,1771602840000,1771602900000,1771599300000,1771602840000,60,60,0,1
R002205,465,LTC,LTC-USDT-SWAP,1771602946000,1771602840000,1771602900000,1771599300000,1771602840000,60,60,0,1
R002205,465,BCH,BCH-USDT-SWAP,1771602946000,1771602840000,1771602900000,1771599300000,1771602840000,60,60,0,1
R002205,465,LINK,LINK-USDT-SWAP,1771602946000,1771602840000,1771602900000,1771599300000,1771602840000,60,60,0,1
R002208,466,ETH,ETH-USDT-SWAP,1771683657000,1771683540000,1771683600000,1771680000000,1771683540000,60,60,0,1
R002208,466,SOL,SOL-USDT-SWAP,1771683657000,1771683540000,1771683600000,1771680000000,1771683540000,60,60,0,1
R002208,466,XRP,XRP-USDT-SWAP,1771683657000,1771683540000,1771683600000,1771680000000,1771683540000,60,60,0,1
R002208,466,DOGE,DOGE-USDT-SWAP,1771683657000,1771683540000,1771683600000,1771680000000,1771683540000,60,60,0,1
R002208,466,ADA,ADA-USDT-SWAP,1771683657000,1771683540000,1771683600000,1771680000000,1771683540000,60,60,0,1
R002208,466,LTC,LTC-USDT-SWAP,1771683657000,1771683540000,1771683600000,1771680000000,1771683540000,60,60,0,1
R002208,466,BCH,BCH-USDT-SWAP,1771683657000,1771683540000,1771683600000,1771680000000,1771683540000,60,60,0,1
R002208,466,LINK,LINK-USDT-SWAP,1771683657000,1771683540000,1771683600000,1771680000000,1771683540000,60,60,0,1
R002210,467,ETH,ETH-USDT-SWAP,1771741643000,1771741560000,1771741620000,1771738020000,1771741560000,60,60,0,1
R002210,467,SOL,SOL-USDT-SWAP,1771741643000,1771741560000,1771741620000,1771738020000,1771741560000,60,60,0,1
R002210,467,XRP,XRP-USDT-SWAP,1771741643000,1771741560000,1771741620000,1771738020000,1771741560000,60,60,0,1
R002210,467,DOGE,DOGE-USDT-SWAP,1771741643000,1771741560000,1771741620000,1771738020000,1771741560000,60,60,0,1
R002210,467,ADA,ADA-USDT-SWAP,1771741643000,1771741560000,1771741620000,1771738020000,1771741560000,60,60,0,1
R002210,467,LTC,LTC-USDT-SWAP,1771741643000,1771741560000,1771741620000,1771738020000,1771741560000,60,60,0,1
R002210,467,BCH,BCH-USDT-SWAP,1771741643000,1771741560000,1771741620000,1771738020000,1771741560000,60,60,0,1
R002210,467,LINK,LINK-USDT-SWAP,1771741643000,1771741560000,1771741620000,1771738020000,1771741560000,60,60,0,1
R002212,468,ETH,ETH-USDT-SWAP,1771767337000,1771767240000,1771767300000,1771763700000,1771767240000,60,60,0,1
R002212,468,SOL,SOL-USDT-SWAP,1771767337000,1771767240000,1771767300000,1771763700000,1771767240000,60,60,0,1
R002212,468,XRP,XRP-USDT-SWAP,1771767337000,1771767240000,1771767300000,1771763700000,1771767240000,60,60,0,1
R002212,468,DOGE,DOGE-USDT-SWAP,1771767337000,1771767240000,1771767300000,1771763700000,1771767240000,60,60,0,1
R002212,468,ADA,ADA-USDT-SWAP,1771767337000,1771767240000,1771767300000,1771763700000,1771767240000,60,60,0,1
R002212,468,LTC,LTC-USDT-SWAP,1771767337000,1771767240000,1771767300000,1771763700000,1771767240000,60,60,0,1
R002212,468,BCH,BCH-USDT-SWAP,1771767337000,1771767240000,1771767300000,1771763700000,1771767240000,60,60,0,1
R002212,468,LINK,LINK-USDT-SWAP,1771767337000,1771767240000,1771767300000,1771763700000,1771767240000,60,60,0,1
R002214,469,ETH,ETH-USDT-SWAP,1771781591000,1771781520000,1771781580000,1771777980000,1771781520000,60,60,0,1
R002214,469,SOL,SOL-USDT-SWAP,1771781591000,1771781520000,1771781580000,1771777980000,1771781520000,60,60,0,1
R002214,469,XRP,XRP-USDT-SWAP,1771781591000,1771781520000,1771781580000,1771777980000,1771781520000,60,60,0,1
R002214,469,DOGE,DOGE-USDT-SWAP,1771781591000,1771781520000,1771781580000,1771777980000,1771781520000,60,60,0,1
R002214,469,ADA,ADA-USDT-SWAP,1771781591000,1771781520000,1771781580000,1771777980000,1771781520000,60,60,0,1
R002214,469,LTC,LTC-USDT-SWAP,1771781591000,1771781520000,1771781580000,1771777980000,1771781520000,60,60,0,1
R002214,469,BCH,BCH-USDT-SWAP,1771781591000,1771781520000,1771781580000,1771777980000,1771781520000,60,60,0,1
R002214,469,LINK,LINK-USDT-SWAP,1771781591000,1771781520000,1771781580000,1771777980000,1771781520000,60,60,0,1
R002215,470,ETH,ETH-USDT-SWAP,1771808942000,1771808880000,1771808940000,1771805340000,1771808880000,60,60,0,1
R002215,470,SOL,SOL-USDT-SWAP,1771808942000,1771808880000,1771808940000,1771805340000,1771808880000,60,60,0,1
R002215,470,XRP,XRP-USDT-SWAP,1771808942000,1771808880000,1771808940000,1771805340000,1771808880000,60,60,0,1
R002215,470,DOGE,DOGE-USDT-SWAP,1771808942000,1771808880000,1771808940000,1771805340000,1771808880000,60,60,0,1
R002215,470,ADA,ADA-USDT-SWAP,1771808942000,1771808880000,1771808940000,1771805340000,1771808880000,60,60,0,1
R002215,470,LTC,LTC-USDT-SWAP,1771808942000,1771808880000,1771808940000,1771805340000,1771808880000,60,60,0,1
R002215,470,BCH,BCH-USDT-SWAP,1771808942000,1771808880000,1771808940000,1771805340000,1771808880000,60,60,0,1
R002215,470,LINK,LINK-USDT-SWAP,1771808942000,1771808880000,1771808940000,1771805340000,1771808880000,60,60,0,1
R002217,471,ETH,ETH-USDT-SWAP,1771869150000,1771869060000,1771869120000,1771865520000,1771869060000,60,60,0,1
R002217,471,SOL,SOL-USDT-SWAP,1771869150000,1771869060000,1771869120000,1771865520000,1771869060000,60,60,0,1
R002217,471,XRP,XRP-USDT-SWAP,1771869150000,1771869060000,1771869120000,1771865520000,1771869060000,60,60,0,1
R002217,471,DOGE,DOGE-USDT-SWAP,1771869150000,1771869060000,1771869120000,1771865520000,1771869060000,60,60,0,1
R002217,471,ADA,ADA-USDT-SWAP,1771869150000,1771869060000,1771869120000,1771865520000,1771869060000,60,60,0,1
R002217,471,LTC,LTC-USDT-SWAP,1771869150000,1771869060000,1771869120000,1771865520000,1771869060000,60,60,0,1
R002217,471,BCH,BCH-USDT-SWAP,1771869150000,1771869060000,1771869120000,1771865520000,1771869060000,60,60,0,1
R002217,471,LINK,LINK-USDT-SWAP,1771869150000,1771869060000,1771869120000,1771865520000,1771869060000,60,60,0,1
R002220,472,ETH,ETH-USDT-SWAP,1771895781000,1771895700000,1771895760000,1771892160000,1771895700000,60,60,0,1
R002220,472,SOL,SOL-USDT-SWAP,1771895781000,1771895700000,1771895760000,1771892160000,1771895700000,60,60,0,1
R002220,472,XRP,XRP-USDT-SWAP,1771895781000,1771895700000,1771895760000,1771892160000,1771895700000,60,60,0,1
R002220,472,DOGE,DOGE-USDT-SWAP,1771895781000,1771895700000,1771895760000,1771892160000,1771895700000,60,60,0,1
R002220,472,ADA,ADA-USDT-SWAP,1771895781000,1771895700000,1771895760000,1771892160000,1771895700000,60,60,0,1
R002220,472,LTC,LTC-USDT-SWAP,1771895781000,1771895700000,1771895760000,1771892160000,1771895700000,60,60,0,1
R002220,472,BCH,BCH-USDT-SWAP,1771895781000,1771895700000,1771895760000,1771892160000,1771895700000,60,60,0,1
R002220,472,LINK,LINK-USDT-SWAP,1771895781000,1771895700000,1771895760000,1771892160000,1771895700000,60,60,0,1
R002221,473,ETH,ETH-USDT-SWAP,1771905012000,1771904940000,1771905000000,1771901400000,1771904940000,60,60,0,1
R002221,473,SOL,SOL-USDT-SWAP,1771905012000,1771904940000,1771905000000,1771901400000,1771904940000,60,60,0,1
R002221,473,XRP,XRP-USDT-SWAP,1771905012000,1771904940000,1771905000000,1771901400000,1771904940000,60,60,0,1
R002221,473,DOGE,DOGE-USDT-SWAP,1771905012000,1771904940000,1771905000000,1771901400000,1771904940000,60,60,0,1
R002221,473,ADA,ADA-USDT-SWAP,1771905012000,1771904940000,1771905000000,1771901400000,1771904940000,60,60,0,1
R002221,473,LTC,LTC-USDT-SWAP,1771905012000,1771904940000,1771905000000,1771901400000,1771904940000,60,60,0,1
R002221,473,BCH,BCH-USDT-SWAP,1771905012000,1771904940000,1771905000000,1771901400000,1771904940000,60,60,0,1
R002221,473,LINK,LINK-USDT-SWAP,1771905012000,1771904940000,1771905000000,1771901400000,1771904940000,60,60,0,1
R002222,474,ETH,ETH-USDT-SWAP,1771910652000,1771910580000,1771910640000,1771907040000,1771910580000,60,60,0,1
R002222,474,SOL,SOL-USDT-SWAP,1771910652000,1771910580000,1771910640000,1771907040000,1771910580000,60,60,0,1
R002222,474,XRP,XRP-USDT-SWAP,1771910652000,1771910580000,1771910640000,1771907040000,1771910580000,60,60,0,1
R002222,474,DOGE,DOGE-USDT-SWAP,1771910652000,1771910580000,1771910640000,1771907040000,1771910580000,60,60,0,1
R002222,474,ADA,ADA-USDT-SWAP,1771910652000,1771910580000,1771910640000,1771907040000,1771910580000,60,60,0,1
R002222,474,LTC,LTC-USDT-SWAP,1771910652000,1771910580000,1771910640000,1771907040000,1771910580000,60,60,0,1
R002222,474,BCH,BCH-USDT-SWAP,1771910652000,1771910580000,1771910640000,1771907040000,1771910580000,60,60,0,1
R002222,474,LINK,LINK-USDT-SWAP,1771910652000,1771910580000,1771910640000,1771907040000,1771910580000,60,60,0,1
R002223,475,ETH,ETH-USDT-SWAP,1771939964000,1771939860000,1771939920000,1771936320000,1771939860000,60,60,0,1
R002223,475,SOL,SOL-USDT-SWAP,1771939964000,1771939860000,1771939920000,1771936320000,1771939860000,60,60,0,1
R002223,475,XRP,XRP-USDT-SWAP,1771939964000,1771939860000,1771939920000,1771936320000,1771939860000,60,60,0,1
R002223,475,DOGE,DOGE-USDT-SWAP,1771939964000,1771939860000,1771939920000,1771936320000,1771939860000,60,60,0,1
R002223,475,ADA,ADA-USDT-SWAP,1771939964000,1771939860000,1771939920000,1771936320000,1771939860000,60,60,0,1
R002223,475,LTC,LTC-USDT-SWAP,1771939964000,1771939860000,1771939920000,1771936320000,1771939860000,60,60,0,1
R002223,475,BCH,BCH-USDT-SWAP,1771939964000,1771939860000,1771939920000,1771936320000,1771939860000,60,60,0,1
R002223,475,LINK,LINK-USDT-SWAP,1771939964000,1771939860000,1771939920000,1771936320000,1771939860000,60,60,0,1
R002225,476,ETH,ETH-USDT-SWAP,1771985215000,1771985100000,1771985160000,1771981560000,1771985100000,60,60,0,1
R002225,476,SOL,SOL-USDT-SWAP,1771985215000,1771985100000,1771985160000,1771981560000,1771985100000,60,60,0,1
R002225,476,XRP,XRP-USDT-SWAP,1771985215000,1771985100000,1771985160000,1771981560000,1771985100000,60,60,0,1
R002225,476,DOGE,DOGE-USDT-SWAP,1771985215000,1771985100000,1771985160000,1771981560000,1771985100000,60,60,0,1
R002225,476,ADA,ADA-USDT-SWAP,1771985215000,1771985100000,1771985160000,1771981560000,1771985100000,60,60,0,1
R002225,476,LTC,LTC-USDT-SWAP,1771985215000,1771985100000,1771985160000,1771981560000,1771985100000,60,60,0,1
R002225,476,BCH,BCH-USDT-SWAP,1771985215000,1771985100000,1771985160000,1771981560000,1771985100000,60,60,0,1
R002225,476,LINK,LINK-USDT-SWAP,1771985215000,1771985100000,1771985160000,1771981560000,1771985100000,60,60,0,1
R002227,477,ETH,ETH-USDT-SWAP,1771993163000,1771993080000,1771993140000,1771989540000,1771993080000,60,60,0,1
R002227,477,SOL,SOL-USDT-SWAP,1771993163000,1771993080000,1771993140000,1771989540000,1771993080000,60,60,0,1
R002227,477,XRP,XRP-USDT-SWAP,1771993163000,1771993080000,1771993140000,1771989540000,1771993080000,60,60,0,1
R002227,477,DOGE,DOGE-USDT-SWAP,1771993163000,1771993080000,1771993140000,1771989540000,1771993080000,60,60,0,1
R002227,477,ADA,ADA-USDT-SWAP,1771993163000,1771993080000,1771993140000,1771989540000,1771993080000,60,60,0,1
R002227,477,LTC,LTC-USDT-SWAP,1771993163000,1771993080000,1771993140000,1771989540000,1771993080000,60,60,0,1
R002227,477,BCH,BCH-USDT-SWAP,1771993163000,1771993080000,1771993140000,1771989540000,1771993080000,60,60,0,1
R002227,477,LINK,LINK-USDT-SWAP,1771993163000,1771993080000,1771993140000,1771989540000,1771993080000,60,60,0,1
R002228,478,ETH,ETH-USDT-SWAP,1772017540000,1772017440000,1772017500000,1772013900000,1772017440000,60,60,0,1
R002228,478,SOL,SOL-USDT-SWAP,1772017540000,1772017440000,1772017500000,1772013900000,1772017440000,60,60,0,1
R002228,478,XRP,XRP-USDT-SWAP,1772017540000,1772017440000,1772017500000,1772013900000,1772017440000,60,60,0,1
R002228,478,DOGE,DOGE-USDT-SWAP,1772017540000,1772017440000,1772017500000,1772013900000,1772017440000,60,60,0,1
R002228,478,ADA,ADA-USDT-SWAP,1772017540000,1772017440000,1772017500000,1772013900000,1772017440000,60,60,0,1
R002228,478,LTC,LTC-USDT-SWAP,1772017540000,1772017440000,1772017500000,1772013900000,1772017440000,60,60,0,1
R002228,478,BCH,BCH-USDT-SWAP,1772017540000,1772017440000,1772017500000,1772013900000,1772017440000,60,60,0,1
R002228,478,LINK,LINK-USDT-SWAP,1772017540000,1772017440000,1772017500000,1772013900000,1772017440000,60,60,0,1
R002232,479,ETH,ETH-USDT-SWAP,1772044139000,1772044020000,1772044080000,1772040480000,1772044020000,60,60,0,1
R002232,479,SOL,SOL-USDT-SWAP,1772044139000,1772044020000,1772044080000,1772040480000,1772044020000,60,60,0,1
R002232,479,XRP,XRP-USDT-SWAP,1772044139000,1772044020000,1772044080000,1772040480000,1772044020000,60,60,0,1
R002232,479,DOGE,DOGE-USDT-SWAP,1772044139000,1772044020000,1772044080000,1772040480000,1772044020000,60,60,0,1
R002232,479,ADA,ADA-USDT-SWAP,1772044139000,1772044020000,1772044080000,1772040480000,1772044020000,60,60,0,1
R002232,479,LTC,LTC-USDT-SWAP,1772044139000,1772044020000,1772044080000,1772040480000,1772044020000,60,60,0,1
R002232,479,BCH,BCH-USDT-SWAP,1772044139000,1772044020000,1772044080000,1772040480000,1772044020000,60,60,0,1
R002232,479,LINK,LINK-USDT-SWAP,1772044139000,1772044020000,1772044080000,1772040480000,1772044020000,60,60,0,1
R002235,480,ETH,ETH-USDT-SWAP,1772114792000,1772114700000,1772114760000,1772111160000,1772114700000,60,60,0,1
R002235,480,SOL,SOL-USDT-SWAP,1772114792000,1772114700000,1772114760000,1772111160000,1772114700000,60,60,0,1
R002235,480,XRP,XRP-USDT-SWAP,1772114792000,1772114700000,1772114760000,1772111160000,1772114700000,60,60,0,1
R002235,480,DOGE,DOGE-USDT-SWAP,1772114792000,1772114700000,1772114760000,1772111160000,1772114700000,60,60,0,1
R002235,480,ADA,ADA-USDT-SWAP,1772114792000,1772114700000,1772114760000,1772111160000,1772114700000,60,60,0,1
R002235,480,LTC,LTC-USDT-SWAP,1772114792000,1772114700000,1772114760000,1772111160000,1772114700000,60,60,0,1
R002235,480,BCH,BCH-USDT-SWAP,1772114792000,1772114700000,1772114760000,1772111160000,1772114700000,60,60,0,1
R002235,480,LINK,LINK-USDT-SWAP,1772114792000,1772114700000,1772114760000,1772111160000,1772114700000,60,60,0,1
R002239,481,ETH,ETH-USDT-SWAP,1772135976000,1772135880000,1772135940000,1772132340000,1772135880000,60,60,0,1
R002239,481,SOL,SOL-USDT-SWAP,1772135976000,1772135880000,1772135940000,1772132340000,1772135880000,60,60,0,1
R002239,481,XRP,XRP-USDT-SWAP,1772135976000,1772135880000,1772135940000,1772132340000,1772135880000,60,60,0,1
R002239,481,DOGE,DOGE-USDT-SWAP,1772135976000,1772135880000,1772135940000,1772132340000,1772135880000,60,60,0,1
R002239,481,ADA,ADA-USDT-SWAP,1772135976000,1772135880000,1772135940000,1772132340000,1772135880000,60,60,0,1
R002239,481,LTC,LTC-USDT-SWAP,1772135976000,1772135880000,1772135940000,1772132340000,1772135880000,60,60,0,1
R002239,481,BCH,BCH-USDT-SWAP,1772135976000,1772135880000,1772135940000,1772132340000,1772135880000,60,60,0,1
R002239,481,LINK,LINK-USDT-SWAP,1772135976000,1772135880000,1772135940000,1772132340000,1772135880000,60,60,0,1
R002241,482,ETH,ETH-USDT-SWAP,1772187669000,1772187600000,1772187660000,1772184060000,1772187600000,60,60,0,1
R002241,482,SOL,SOL-USDT-SWAP,1772187669000,1772187600000,1772187660000,1772184060000,1772187600000,60,60,0,1
R002241,482,XRP,XRP-USDT-SWAP,1772187669000,1772187600000,1772187660000,1772184060000,1772187600000,60,60,0,1
R002241,482,DOGE,DOGE-USDT-SWAP,1772187669000,1772187600000,1772187660000,1772184060000,1772187600000,60,60,0,1
R002241,482,ADA,ADA-USDT-SWAP,1772187669000,1772187600000,1772187660000,1772184060000,1772187600000,60,60,0,1
R002241,482,LTC,LTC-USDT-SWAP,1772187669000,1772187600000,1772187660000,1772184060000,1772187600000,60,60,0,1
R002241,482,BCH,BCH-USDT-SWAP,1772187669000,1772187600000,1772187660000,1772184060000,1772187600000,60,60,0,1
R002241,482,LINK,LINK-USDT-SWAP,1772187669000,1772187600000,1772187660000,1772184060000,1772187600000,60,60,0,1
R002245,483,ETH,ETH-USDT-SWAP,1772210829000,1772210760000,1772210820000,1772207220000,1772210760000,60,60,0,1
R002245,483,SOL,SOL-USDT-SWAP,1772210829000,1772210760000,1772210820000,1772207220000,1772210760000,60,60,0,1
R002245,483,XRP,XRP-USDT-SWAP,1772210829000,1772210760000,1772210820000,1772207220000,1772210760000,60,60,0,1
R002245,483,DOGE,DOGE-USDT-SWAP,1772210829000,1772210760000,1772210820000,1772207220000,1772210760000,60,60,0,1
R002245,483,ADA,ADA-USDT-SWAP,1772210829000,1772210760000,1772210820000,1772207220000,1772210760000,60,60,0,1
R002245,483,LTC,LTC-USDT-SWAP,1772210829000,1772210760000,1772210820000,1772207220000,1772210760000,60,60,0,1
R002245,483,BCH,BCH-USDT-SWAP,1772210829000,1772210760000,1772210820000,1772207220000,1772210760000,60,60,0,1
R002245,483,LINK,LINK-USDT-SWAP,1772210829000,1772210760000,1772210820000,1772207220000,1772210760000,60,60,0,1
R002249,484,ETH,ETH-USDT-SWAP,1772260902000,1772260800000,1772260860000,1772257260000,1772260800000,60,60,0,1
R002249,484,SOL,SOL-USDT-SWAP,1772260902000,1772260800000,1772260860000,1772257260000,1772260800000,60,60,0,1
R002249,484,XRP,XRP-USDT-SWAP,1772260902000,1772260800000,1772260860000,1772257260000,1772260800000,60,60,0,1
R002249,484,DOGE,DOGE-USDT-SWAP,1772260902000,1772260800000,1772260860000,1772257260000,1772260800000,60,60,0,1
R002249,484,ADA,ADA-USDT-SWAP,1772260902000,1772260800000,1772260860000,1772257260000,1772260800000,60,60,0,1
R002249,484,LTC,LTC-USDT-SWAP,1772260902000,1772260800000,1772260860000,1772257260000,1772260800000,60,60,0,1
R002249,484,BCH,BCH-USDT-SWAP,1772260902000,1772260800000,1772260860000,1772257260000,1772260800000,60,60,0,1
R002249,484,LINK,LINK-USDT-SWAP,1772260902000,1772260800000,1772260860000,1772257260000,1772260800000,60,60,0,1
R002250,485,ETH,ETH-USDT-SWAP,1772262035000,1772261940000,1772262000000,1772258400000,1772261940000,60,60,0,1
R002250,485,SOL,SOL-USDT-SWAP,1772262035000,1772261940000,1772262000000,1772258400000,1772261940000,60,60,0,1
R002250,485,XRP,XRP-USDT-SWAP,1772262035000,1772261940000,1772262000000,1772258400000,1772261940000,60,60,0,1
R002250,485,DOGE,DOGE-USDT-SWAP,1772262035000,1772261940000,1772262000000,1772258400000,1772261940000,60,60,0,1
R002250,485,ADA,ADA-USDT-SWAP,1772262035000,1772261940000,1772262000000,1772258400000,1772261940000,60,60,0,1
R002250,485,LTC,LTC-USDT-SWAP,1772262035000,1772261940000,1772262000000,1772258400000,1772261940000,60,60,0,1
R002250,485,BCH,BCH-USDT-SWAP,1772262035000,1772261940000,1772262000000,1772258400000,1772261940000,60,60,0,1
R002250,485,LINK,LINK-USDT-SWAP,1772262035000,1772261940000,1772262000000,1772258400000,1772261940000,60,60,0,1
R002253,486,ETH,ETH-USDT-SWAP,1772290588000,1772290500000,1772290560000,1772286960000,1772290500000,60,60,0,1
R002253,486,SOL,SOL-USDT-SWAP,1772290588000,1772290500000,1772290560000,1772286960000,1772290500000,60,60,0,1
R002253,486,XRP,XRP-USDT-SWAP,1772290588000,1772290500000,1772290560000,1772286960000,1772290500000,60,60,0,1
R002253,486,DOGE,DOGE-USDT-SWAP,1772290588000,1772290500000,1772290560000,1772286960000,1772290500000,60,60,0,1
R002253,486,ADA,ADA-USDT-SWAP,1772290588000,1772290500000,1772290560000,1772286960000,1772290500000,60,60,0,1
R002253,486,LTC,LTC-USDT-SWAP,1772290588000,1772290500000,1772290560000,1772286960000,1772290500000,60,60,0,1
R002253,486,BCH,BCH-USDT-SWAP,1772290588000,1772290500000,1772290560000,1772286960000,1772290500000,60,60,0,1
R002253,486,LINK,LINK-USDT-SWAP,1772290588000,1772290500000,1772290560000,1772286960000,1772290500000,60,60,0,1
R002257,487,ETH,ETH-USDT-SWAP,1772307104000,1772307000000,1772307060000,1772303460000,1772307000000,60,60,0,1
R002257,487,SOL,SOL-USDT-SWAP,1772307104000,1772307000000,1772307060000,1772303460000,1772307000000,60,60,0,1
R002257,487,XRP,XRP-USDT-SWAP,1772307104000,1772307000000,1772307060000,1772303460000,1772307000000,60,60,0,1
R002257,487,DOGE,DOGE-USDT-SWAP,1772307104000,1772307000000,1772307060000,1772303460000,1772307000000,60,60,0,1
R002257,487,ADA,ADA-USDT-SWAP,1772307104000,1772307000000,1772307060000,1772303460000,1772307000000,60,60,0,1
R002257,487,LTC,LTC-USDT-SWAP,1772307104000,1772307000000,1772307060000,1772303460000,1772307000000,60,60,0,1
R002257,487,BCH,BCH-USDT-SWAP,1772307104000,1772307000000,1772307060000,1772303460000,1772307000000,60,60,0,1
R002257,487,LINK,LINK-USDT-SWAP,1772307104000,1772307000000,1772307060000,1772303460000,1772307000000,60,60,0,1
R002258,488,ETH,ETH-USDT-SWAP,1772314687000,1772314620000,1772314680000,1772311080000,1772314620000,60,60,0,1
R002258,488,SOL,SOL-USDT-SWAP,1772314687000,1772314620000,1772314680000,1772311080000,1772314620000,60,60,0,1
R002258,488,XRP,XRP-USDT-SWAP,1772314687000,1772314620000,1772314680000,1772311080000,1772314620000,60,60,0,1
R002258,488,DOGE,DOGE-USDT-SWAP,1772314687000,1772314620000,1772314680000,1772311080000,1772314620000,60,60,0,1
R002258,488,ADA,ADA-USDT-SWAP,1772314687000,1772314620000,1772314680000,1772311080000,1772314620000,60,60,0,1
R002258,488,LTC,LTC-USDT-SWAP,1772314687000,1772314620000,1772314680000,1772311080000,1772314620000,60,60,0,1
R002258,488,BCH,BCH-USDT-SWAP,1772314687000,1772314620000,1772314680000,1772311080000,1772314620000,60,60,0,1
R002258,488,LINK,LINK-USDT-SWAP,1772314687000,1772314620000,1772314680000,1772311080000,1772314620000,60,60,0,1
R002260,489,ETH,ETH-USDT-SWAP,1772327463000,1772327400000,1772327460000,1772323860000,1772327400000,60,60,0,1
R002260,489,SOL,SOL-USDT-SWAP,1772327463000,1772327400000,1772327460000,1772323860000,1772327400000,60,60,0,1
R002260,489,XRP,XRP-USDT-SWAP,1772327463000,1772327400000,1772327460000,1772323860000,1772327400000,60,60,0,1
R002260,489,DOGE,DOGE-USDT-SWAP,1772327463000,1772327400000,1772327460000,1772323860000,1772327400000,60,60,0,1
R002260,489,ADA,ADA-USDT-SWAP,1772327463000,1772327400000,1772327460000,1772323860000,1772327400000,60,60,0,1
R002260,489,LTC,LTC-USDT-SWAP,1772327463000,1772327400000,1772327460000,1772323860000,1772327400000,60,60,0,1
R002260,489,BCH,BCH-USDT-SWAP,1772327463000,1772327400000,1772327460000,1772323860000,1772327400000,60,60,0,1
R002260,489,LINK,LINK-USDT-SWAP,1772327463000,1772327400000,1772327460000,1772323860000,1772327400000,60,60,0,1
R002261,490,ETH,ETH-USDT-SWAP,1772329806000,1772329740000,1772329800000,1772326200000,1772329740000,60,60,0,1
R002261,490,SOL,SOL-USDT-SWAP,1772329806000,1772329740000,1772329800000,1772326200000,1772329740000,60,60,0,1
R002261,490,XRP,XRP-USDT-SWAP,1772329806000,1772329740000,1772329800000,1772326200000,1772329740000,60,60,0,1
R002261,490,DOGE,DOGE-USDT-SWAP,1772329806000,1772329740000,1772329800000,1772326200000,1772329740000,60,60,0,1
R002261,490,ADA,ADA-USDT-SWAP,1772329806000,1772329740000,1772329800000,1772326200000,1772329740000,60,60,0,1
R002261,490,LTC,LTC-USDT-SWAP,1772329806000,1772329740000,1772329800000,1772326200000,1772329740000,60,60,0,1
R002261,490,BCH,BCH-USDT-SWAP,1772329806000,1772329740000,1772329800000,1772326200000,1772329740000,60,60,0,1
R002261,490,LINK,LINK-USDT-SWAP,1772329806000,1772329740000,1772329800000,1772326200000,1772329740000,60,60,0,1
R002262,491,ETH,ETH-USDT-SWAP,1772333334000,1772333220000,1772333280000,1772329680000,1772333220000,60,60,0,1
R002262,491,SOL,SOL-USDT-SWAP,1772333334000,1772333220000,1772333280000,1772329680000,1772333220000,60,60,0,1
R002262,491,XRP,XRP-USDT-SWAP,1772333334000,1772333220000,1772333280000,1772329680000,1772333220000,60,60,0,1
R002262,491,DOGE,DOGE-USDT-SWAP,1772333334000,1772333220000,1772333280000,1772329680000,1772333220000,60,60,0,1
R002262,491,ADA,ADA-USDT-SWAP,1772333334000,1772333220000,1772333280000,1772329680000,1772333220000,60,60,0,1
R002262,491,LTC,LTC-USDT-SWAP,1772333334000,1772333220000,1772333280000,1772329680000,1772333220000,60,60,0,1
R002262,491,BCH,BCH-USDT-SWAP,1772333334000,1772333220000,1772333280000,1772329680000,1772333220000,60,60,0,1
R002262,491,LINK,LINK-USDT-SWAP,1772333334000,1772333220000,1772333280000,1772329680000,1772333220000,60,60,0,1
R002263,492,ETH,ETH-USDT-SWAP,1772373079000,1772373000000,1772373060000,1772369460000,1772373000000,60,60,0,1
R002263,492,SOL,SOL-USDT-SWAP,1772373079000,1772373000000,1772373060000,1772369460000,1772373000000,60,60,0,1
R002263,492,XRP,XRP-USDT-SWAP,1772373079000,1772373000000,1772373060000,1772369460000,1772373000000,60,60,0,1
R002263,492,DOGE,DOGE-USDT-SWAP,1772373079000,1772373000000,1772373060000,1772369460000,1772373000000,60,60,0,1
R002263,492,ADA,ADA-USDT-SWAP,1772373079000,1772373000000,1772373060000,1772369460000,1772373000000,60,60,0,1
R002263,492,LTC,LTC-USDT-SWAP,1772373079000,1772373000000,1772373060000,1772369460000,1772373000000,60,60,0,1
R002263,492,BCH,BCH-USDT-SWAP,1772373079000,1772373000000,1772373060000,1772369460000,1772373000000,60,60,0,1
R002263,492,LINK,LINK-USDT-SWAP,1772373079000,1772373000000,1772373060000,1772369460000,1772373000000,60,60,0,1
R002268,493,ETH,ETH-USDT-SWAP,1772404472000,1772404380000,1772404440000,1772400840000,1772404380000,60,60,0,1
R002268,493,SOL,SOL-USDT-SWAP,1772404472000,1772404380000,1772404440000,1772400840000,1772404380000,60,60,0,1
R002268,493,XRP,XRP-USDT-SWAP,1772404472000,1772404380000,1772404440000,1772400840000,1772404380000,60,60,0,1
R002268,493,DOGE,DOGE-USDT-SWAP,1772404472000,1772404380000,1772404440000,1772400840000,1772404380000,60,60,0,1
R002268,493,ADA,ADA-USDT-SWAP,1772404472000,1772404380000,1772404440000,1772400840000,1772404380000,60,60,0,1
R002268,493,LTC,LTC-USDT-SWAP,1772404472000,1772404380000,1772404440000,1772400840000,1772404380000,60,60,0,1
R002268,493,BCH,BCH-USDT-SWAP,1772404472000,1772404380000,1772404440000,1772400840000,1772404380000,60,60,0,1
R002268,493,LINK,LINK-USDT-SWAP,1772404472000,1772404380000,1772404440000,1772400840000,1772404380000,60,60,0,1
R002269,494,ETH,ETH-USDT-SWAP,1772412298000,1772412180000,1772412240000,1772408640000,1772412180000,60,60,0,1
R002269,494,SOL,SOL-USDT-SWAP,1772412298000,1772412180000,1772412240000,1772408640000,1772412180000,60,60,0,1
R002269,494,XRP,XRP-USDT-SWAP,1772412298000,1772412180000,1772412240000,1772408640000,1772412180000,60,60,0,1
R002269,494,DOGE,DOGE-USDT-SWAP,1772412298000,1772412180000,1772412240000,1772408640000,1772412180000,60,60,0,1
R002269,494,ADA,ADA-USDT-SWAP,1772412298000,1772412180000,1772412240000,1772408640000,1772412180000,60,60,0,1
R002269,494,LTC,LTC-USDT-SWAP,1772412298000,1772412180000,1772412240000,1772408640000,1772412180000,60,60,0,1
R002269,494,BCH,BCH-USDT-SWAP,1772412298000,1772412180000,1772412240000,1772408640000,1772412180000,60,60,0,1
R002269,494,LINK,LINK-USDT-SWAP,1772412298000,1772412180000,1772412240000,1772408640000,1772412180000,60,60,0,1
R002272,495,ETH,ETH-USDT-SWAP,1772469817000,1772469720000,1772469780000,1772466180000,1772469720000,60,60,0,1
R002272,495,SOL,SOL-USDT-SWAP,1772469817000,1772469720000,1772469780000,1772466180000,1772469720000,60,60,0,1
R002272,495,XRP,XRP-USDT-SWAP,1772469817000,1772469720000,1772469780000,1772466180000,1772469720000,60,60,0,1
R002272,495,DOGE,DOGE-USDT-SWAP,1772469817000,1772469720000,1772469780000,1772466180000,1772469720000,60,60,0,1
R002272,495,ADA,ADA-USDT-SWAP,1772469817000,1772469720000,1772469780000,1772466180000,1772469720000,60,60,0,1
R002272,495,LTC,LTC-USDT-SWAP,1772469817000,1772469720000,1772469780000,1772466180000,1772469720000,60,60,0,1
R002272,495,BCH,BCH-USDT-SWAP,1772469817000,1772469720000,1772469780000,1772466180000,1772469720000,60,60,0,1
R002272,495,LINK,LINK-USDT-SWAP,1772469817000,1772469720000,1772469780000,1772466180000,1772469720000,60,60,0,1
R002277,496,ETH,ETH-USDT-SWAP,1772549363000,1772549280000,1772549340000,1772545740000,1772549280000,60,60,0,1
R002277,496,SOL,SOL-USDT-SWAP,1772549363000,1772549280000,1772549340000,1772545740000,1772549280000,60,60,0,1
R002277,496,XRP,XRP-USDT-SWAP,1772549363000,1772549280000,1772549340000,1772545740000,1772549280000,60,60,0,1
R002277,496,DOGE,DOGE-USDT-SWAP,1772549363000,1772549280000,1772549340000,1772545740000,1772549280000,60,60,0,1
R002277,496,ADA,ADA-USDT-SWAP,1772549363000,1772549280000,1772549340000,1772545740000,1772549280000,60,60,0,1
R002277,496,LTC,LTC-USDT-SWAP,1772549363000,1772549280000,1772549340000,1772545740000,1772549280000,60,60,0,1
R002277,496,BCH,BCH-USDT-SWAP,1772549363000,1772549280000,1772549340000,1772545740000,1772549280000,60,60,0,1
R002277,496,LINK,LINK-USDT-SWAP,1772549363000,1772549280000,1772549340000,1772545740000,1772549280000,60,60,0,1
R002278,497,ETH,ETH-USDT-SWAP,1772610443000,1772610360000,1772610420000,1772606820000,1772610360000,60,60,0,1
R002278,497,SOL,SOL-USDT-SWAP,1772610443000,1772610360000,1772610420000,1772606820000,1772610360000,60,60,0,1
R002278,497,XRP,XRP-USDT-SWAP,1772610443000,1772610360000,1772610420000,1772606820000,1772610360000,60,60,0,1
R002278,497,DOGE,DOGE-USDT-SWAP,1772610443000,1772610360000,1772610420000,1772606820000,1772610360000,60,60,0,1
R002278,497,ADA,ADA-USDT-SWAP,1772610443000,1772610360000,1772610420000,1772606820000,1772610360000,60,60,0,1
R002278,497,LTC,LTC-USDT-SWAP,1772610443000,1772610360000,1772610420000,1772606820000,1772610360000,60,60,0,1
R002278,497,BCH,BCH-USDT-SWAP,1772610443000,1772610360000,1772610420000,1772606820000,1772610360000,60,60,0,1
R002278,497,LINK,LINK-USDT-SWAP,1772610443000,1772610360000,1772610420000,1772606820000,1772610360000,60,60,0,1
R002279,498,ETH,ETH-USDT-SWAP,1772613971000,1772613900000,1772613960000,1772610360000,1772613900000,60,60,0,1
R002279,498,SOL,SOL-USDT-SWAP,1772613971000,1772613900000,1772613960000,1772610360000,1772613900000,60,60,0,1
R002279,498,XRP,XRP-USDT-SWAP,1772613971000,1772613900000,1772613960000,1772610360000,1772613900000,60,60,0,1
R002279,498,DOGE,DOGE-USDT-SWAP,1772613971000,1772613900000,1772613960000,1772610360000,1772613900000,60,60,0,1
R002279,498,ADA,ADA-USDT-SWAP,1772613971000,1772613900000,1772613960000,1772610360000,1772613900000,60,60,0,1
R002279,498,LTC,LTC-USDT-SWAP,1772613971000,1772613900000,1772613960000,1772610360000,1772613900000,60,60,0,1
R002279,498,BCH,BCH-USDT-SWAP,1772613971000,1772613900000,1772613960000,1772610360000,1772613900000,60,60,0,1
R002279,498,LINK,LINK-USDT-SWAP,1772613971000,1772613900000,1772613960000,1772610360000,1772613900000,60,60,0,1
R002280,499,ETH,ETH-USDT-SWAP,1772615850000,1772615760000,1772615820000,1772612220000,1772615760000,60,60,0,1
R002280,499,SOL,SOL-USDT-SWAP,1772615850000,1772615760000,1772615820000,1772612220000,1772615760000,60,60,0,1
R002280,499,XRP,XRP-USDT-SWAP,1772615850000,1772615760000,1772615820000,1772612220000,1772615760000,60,60,0,1
R002280,499,DOGE,DOGE-USDT-SWAP,1772615850000,1772615760000,1772615820000,1772612220000,1772615760000,60,60,0,1
R002280,499,ADA,ADA-USDT-SWAP,1772615850000,1772615760000,1772615820000,1772612220000,1772615760000,60,60,0,1
R002280,499,LTC,LTC-USDT-SWAP,1772615850000,1772615760000,1772615820000,1772612220000,1772615760000,60,60,0,1
R002280,499,BCH,BCH-USDT-SWAP,1772615850000,1772615760000,1772615820000,1772612220000,1772615760000,60,60,0,1
R002280,499,LINK,LINK-USDT-SWAP,1772615850000,1772615760000,1772615820000,1772612220000,1772615760000,60,60,0,1
R002284,500,ETH,ETH-USDT-SWAP,1772636402000,1772636340000,1772636400000,1772632800000,1772636340000,60,60,0,1
R002284,500,SOL,SOL-USDT-SWAP,1772636402000,1772636340000,1772636400000,1772632800000,1772636340000,60,60,0,1
R002284,500,XRP,XRP-USDT-SWAP,1772636402000,1772636340000,1772636400000,1772632800000,1772636340000,60,60,0,1
R002284,500,DOGE,DOGE-USDT-SWAP,1772636402000,1772636340000,1772636400000,1772632800000,1772636340000,60,60,0,1
R002284,500,ADA,ADA-USDT-SWAP,1772636402000,1772636340000,1772636400000,1772632800000,1772636340000,60,60,0,1
R002284,500,LTC,LTC-USDT-SWAP,1772636402000,1772636340000,1772636400000,1772632800000,1772636340000,60,60,0,1
R002284,500,BCH,BCH-USDT-SWAP,1772636402000,1772636340000,1772636400000,1772632800000,1772636340000,60,60,0,1
R002284,500,LINK,LINK-USDT-SWAP,1772636402000,1772636340000,1772636400000,1772632800000,1772636340000,60,60,0,1
R002285,501,ETH,ETH-USDT-SWAP,1772637986000,1772637900000,1772637960000,1772634360000,1772637900000,60,60,0,1
R002285,501,SOL,SOL-USDT-SWAP,1772637986000,1772637900000,1772637960000,1772634360000,1772637900000,60,60,0,1
R002285,501,XRP,XRP-USDT-SWAP,1772637986000,1772637900000,1772637960000,1772634360000,1772637900000,60,60,0,1
R002285,501,DOGE,DOGE-USDT-SWAP,1772637986000,1772637900000,1772637960000,1772634360000,1772637900000,60,60,0,1
R002285,501,ADA,ADA-USDT-SWAP,1772637986000,1772637900000,1772637960000,1772634360000,1772637900000,60,60,0,1
R002285,501,LTC,LTC-USDT-SWAP,1772637986000,1772637900000,1772637960000,1772634360000,1772637900000,60,60,0,1
R002285,501,BCH,BCH-USDT-SWAP,1772637986000,1772637900000,1772637960000,1772634360000,1772637900000,60,60,0,1
R002285,501,LINK,LINK-USDT-SWAP,1772637986000,1772637900000,1772637960000,1772634360000,1772637900000,60,60,0,1
R002290,502,ETH,ETH-USDT-SWAP,1772697028000,1772696940000,1772697000000,1772693400000,1772696940000,60,60,0,1
R002290,502,SOL,SOL-USDT-SWAP,1772697028000,1772696940000,1772697000000,1772693400000,1772696940000,60,60,0,1
R002290,502,XRP,XRP-USDT-SWAP,1772697028000,1772696940000,1772697000000,1772693400000,1772696940000,60,60,0,1
R002290,502,DOGE,DOGE-USDT-SWAP,1772697028000,1772696940000,1772697000000,1772693400000,1772696940000,60,60,0,1
R002290,502,ADA,ADA-USDT-SWAP,1772697028000,1772696940000,1772697000000,1772693400000,1772696940000,60,60,0,1
R002290,502,LTC,LTC-USDT-SWAP,1772697028000,1772696940000,1772697000000,1772693400000,1772696940000,60,60,0,1
R002290,502,BCH,BCH-USDT-SWAP,1772697028000,1772696940000,1772697000000,1772693400000,1772696940000,60,60,0,1
R002290,502,LINK,LINK-USDT-SWAP,1772697028000,1772696940000,1772697000000,1772693400000,1772696940000,60,60,0,1
R002291,503,ETH,ETH-USDT-SWAP,1772706406000,1772706300000,1772706360000,1772702760000,1772706300000,60,60,0,1
R002291,503,SOL,SOL-USDT-SWAP,1772706406000,1772706300000,1772706360000,1772702760000,1772706300000,60,60,0,1
R002291,503,XRP,XRP-USDT-SWAP,1772706406000,1772706300000,1772706360000,1772702760000,1772706300000,60,60,0,1
R002291,503,DOGE,DOGE-USDT-SWAP,1772706406000,1772706300000,1772706360000,1772702760000,1772706300000,60,60,0,1
R002291,503,ADA,ADA-USDT-SWAP,1772706406000,1772706300000,1772706360000,1772702760000,1772706300000,60,60,0,1
R002291,503,LTC,LTC-USDT-SWAP,1772706406000,1772706300000,1772706360000,1772702760000,1772706300000,60,60,0,1
R002291,503,BCH,BCH-USDT-SWAP,1772706406000,1772706300000,1772706360000,1772702760000,1772706300000,60,60,0,1
R002291,503,LINK,LINK-USDT-SWAP,1772706406000,1772706300000,1772706360000,1772702760000,1772706300000,60,60,0,1
R002293,504,ETH,ETH-USDT-SWAP,1772723488000,1772723400000,1772723460000,1772719860000,1772723400000,60,60,0,1
R002293,504,SOL,SOL-USDT-SWAP,1772723488000,1772723400000,1772723460000,1772719860000,1772723400000,60,60,0,1
R002293,504,XRP,XRP-USDT-SWAP,1772723488000,1772723400000,1772723460000,1772719860000,1772723400000,60,60,0,1
R002293,504,DOGE,DOGE-USDT-SWAP,1772723488000,1772723400000,1772723460000,1772719860000,1772723400000,60,60,0,1
R002293,504,ADA,ADA-USDT-SWAP,1772723488000,1772723400000,1772723460000,1772719860000,1772723400000,60,60,0,1
R002293,504,LTC,LTC-USDT-SWAP,1772723488000,1772723400000,1772723460000,1772719860000,1772723400000,60,60,0,1
R002293,504,BCH,BCH-USDT-SWAP,1772723488000,1772723400000,1772723460000,1772719860000,1772723400000,60,60,0,1
R002293,504,LINK,LINK-USDT-SWAP,1772723488000,1772723400000,1772723460000,1772719860000,1772723400000,60,60,0,1
R002296,505,ETH,ETH-USDT-SWAP,1772805342000,1772805240000,1772805300000,1772801700000,1772805240000,60,60,0,1
R002296,505,SOL,SOL-USDT-SWAP,1772805342000,1772805240000,1772805300000,1772801700000,1772805240000,60,60,0,1
R002296,505,XRP,XRP-USDT-SWAP,1772805342000,1772805240000,1772805300000,1772801700000,1772805240000,60,60,0,1
R002296,505,DOGE,DOGE-USDT-SWAP,1772805342000,1772805240000,1772805300000,1772801700000,1772805240000,60,60,0,1
R002296,505,ADA,ADA-USDT-SWAP,1772805342000,1772805240000,1772805300000,1772801700000,1772805240000,60,60,0,1
R002296,505,LTC,LTC-USDT-SWAP,1772805342000,1772805240000,1772805300000,1772801700000,1772805240000,60,60,0,1
R002296,505,BCH,BCH-USDT-SWAP,1772805342000,1772805240000,1772805300000,1772801700000,1772805240000,60,60,0,1
R002296,505,LINK,LINK-USDT-SWAP,1772805342000,1772805240000,1772805300000,1772801700000,1772805240000,60,60,0,1
R002297,506,ETH,ETH-USDT-SWAP,1772866392000,1772866320000,1772866380000,1772862780000,1772866320000,60,60,0,1
R002297,506,SOL,SOL-USDT-SWAP,1772866392000,1772866320000,1772866380000,1772862780000,1772866320000,60,60,0,1
R002297,506,XRP,XRP-USDT-SWAP,1772866392000,1772866320000,1772866380000,1772862780000,1772866320000,60,60,0,1
R002297,506,DOGE,DOGE-USDT-SWAP,1772866392000,1772866320000,1772866380000,1772862780000,1772866320000,60,60,0,1
R002297,506,ADA,ADA-USDT-SWAP,1772866392000,1772866320000,1772866380000,1772862780000,1772866320000,60,60,0,1
R002297,506,LTC,LTC-USDT-SWAP,1772866392000,1772866320000,1772866380000,1772862780000,1772866320000,60,60,0,1
R002297,506,BCH,BCH-USDT-SWAP,1772866392000,1772866320000,1772866380000,1772862780000,1772866320000,60,60,0,1
R002297,506,LINK,LINK-USDT-SWAP,1772866392000,1772866320000,1772866380000,1772862780000,1772866320000,60,60,0,1
R002301,507,ETH,ETH-USDT-SWAP,1773007391000,1773007320000,1773007380000,1773003780000,1773007320000,60,60,0,1
R002301,507,SOL,SOL-USDT-SWAP,1773007391000,1773007320000,1773007380000,1773003780000,1773007320000,60,60,0,1
R002301,507,XRP,XRP-USDT-SWAP,1773007391000,1773007320000,1773007380000,1773003780000,1773007320000,60,60,0,1
R002301,507,DOGE,DOGE-USDT-SWAP,1773007391000,1773007320000,1773007380000,1773003780000,1773007320000,60,60,0,1
R002301,507,ADA,ADA-USDT-SWAP,1773007391000,1773007320000,1773007380000,1773003780000,1773007320000,60,60,0,1
R002301,507,LTC,LTC-USDT-SWAP,1773007391000,1773007320000,1773007380000,1773003780000,1773007320000,60,60,0,1
R002301,507,BCH,BCH-USDT-SWAP,1773007391000,1773007320000,1773007380000,1773003780000,1773007320000,60,60,0,1
R002301,507,LINK,LINK-USDT-SWAP,1773007391000,1773007320000,1773007380000,1773003780000,1773007320000,60,60,0,1
R002303,508,ETH,ETH-USDT-SWAP,1773059834000,1773059760000,1773059820000,1773056220000,1773059760000,60,60,0,1
R002303,508,SOL,SOL-USDT-SWAP,1773059834000,1773059760000,1773059820000,1773056220000,1773059760000,60,60,0,1
R002303,508,XRP,XRP-USDT-SWAP,1773059834000,1773059760000,1773059820000,1773056220000,1773059760000,60,60,0,1
R002303,508,DOGE,DOGE-USDT-SWAP,1773059834000,1773059760000,1773059820000,1773056220000,1773059760000,60,60,0,1
R002303,508,ADA,ADA-USDT-SWAP,1773059834000,1773059760000,1773059820000,1773056220000,1773059760000,60,60,0,1
R002303,508,LTC,LTC-USDT-SWAP,1773059834000,1773059760000,1773059820000,1773056220000,1773059760000,60,60,0,1
R002303,508,BCH,BCH-USDT-SWAP,1773059834000,1773059760000,1773059820000,1773056220000,1773059760000,60,60,0,1
R002303,508,LINK,LINK-USDT-SWAP,1773059834000,1773059760000,1773059820000,1773056220000,1773059760000,60,60,0,1
R002305,509,ETH,ETH-USDT-SWAP,1773109820000,1773109740000,1773109800000,1773106200000,1773109740000,60,60,0,1
R002305,509,SOL,SOL-USDT-SWAP,1773109820000,1773109740000,1773109800000,1773106200000,1773109740000,60,60,0,1
R002305,509,XRP,XRP-USDT-SWAP,1773109820000,1773109740000,1773109800000,1773106200000,1773109740000,60,60,0,1
R002305,509,DOGE,DOGE-USDT-SWAP,1773109820000,1773109740000,1773109800000,1773106200000,1773109740000,60,60,0,1
R002305,509,ADA,ADA-USDT-SWAP,1773109820000,1773109740000,1773109800000,1773106200000,1773109740000,60,60,0,1
R002305,509,LTC,LTC-USDT-SWAP,1773109820000,1773109740000,1773109800000,1773106200000,1773109740000,60,60,0,1
R002305,509,BCH,BCH-USDT-SWAP,1773109820000,1773109740000,1773109800000,1773106200000,1773109740000,60,60,0,1
R002305,509,LINK,LINK-USDT-SWAP,1773109820000,1773109740000,1773109800000,1773106200000,1773109740000,60,60,0,1
R002306,510,ETH,ETH-USDT-SWAP,1773153607000,1773153540000,1773153600000,1773150000000,1773153540000,60,60,0,1
R002306,510,SOL,SOL-USDT-SWAP,1773153607000,1773153540000,1773153600000,1773150000000,1773153540000,60,60,0,1
R002306,510,XRP,XRP-USDT-SWAP,1773153607000,1773153540000,1773153600000,1773150000000,1773153540000,60,60,0,1
R002306,510,DOGE,DOGE-USDT-SWAP,1773153607000,1773153540000,1773153600000,1773150000000,1773153540000,60,60,0,1
R002306,510,ADA,ADA-USDT-SWAP,1773153607000,1773153540000,1773153600000,1773150000000,1773153540000,60,60,0,1
R002306,510,LTC,LTC-USDT-SWAP,1773153607000,1773153540000,1773153600000,1773150000000,1773153540000,60,60,0,1
R002306,510,BCH,BCH-USDT-SWAP,1773153607000,1773153540000,1773153600000,1773150000000,1773153540000,60,60,0,1
R002306,510,LINK,LINK-USDT-SWAP,1773153607000,1773153540000,1773153600000,1773150000000,1773153540000,60,60,0,1
R002308,511,ETH,ETH-USDT-SWAP,1773178863000,1773178800000,1773178860000,1773175260000,1773178800000,60,60,0,1
R002308,511,SOL,SOL-USDT-SWAP,1773178863000,1773178800000,1773178860000,1773175260000,1773178800000,60,60,0,1
R002308,511,XRP,XRP-USDT-SWAP,1773178863000,1773178800000,1773178860000,1773175260000,1773178800000,60,60,0,1
R002308,511,DOGE,DOGE-USDT-SWAP,1773178863000,1773178800000,1773178860000,1773175260000,1773178800000,60,60,0,1
R002308,511,ADA,ADA-USDT-SWAP,1773178863000,1773178800000,1773178860000,1773175260000,1773178800000,60,60,0,1
R002308,511,LTC,LTC-USDT-SWAP,1773178863000,1773178800000,1773178860000,1773175260000,1773178800000,60,60,0,1
R002308,511,BCH,BCH-USDT-SWAP,1773178863000,1773178800000,1773178860000,1773175260000,1773178800000,60,60,0,1
R002308,511,LINK,LINK-USDT-SWAP,1773178863000,1773178800000,1773178860000,1773175260000,1773178800000,60,60,0,1
R002309,512,ETH,ETH-USDT-SWAP,1773207754000,1773207660000,1773207720000,1773204120000,1773207660000,60,60,0,1
R002309,512,SOL,SOL-USDT-SWAP,1773207754000,1773207660000,1773207720000,1773204120000,1773207660000,60,60,0,1
R002309,512,XRP,XRP-USDT-SWAP,1773207754000,1773207660000,1773207720000,1773204120000,1773207660000,60,60,0,1
R002309,512,DOGE,DOGE-USDT-SWAP,1773207754000,1773207660000,1773207720000,1773204120000,1773207660000,60,60,0,1
R002309,512,ADA,ADA-USDT-SWAP,1773207754000,1773207660000,1773207720000,1773204120000,1773207660000,60,60,0,1
R002309,512,LTC,LTC-USDT-SWAP,1773207754000,1773207660000,1773207720000,1773204120000,1773207660000,60,60,0,1
R002309,512,BCH,BCH-USDT-SWAP,1773207754000,1773207660000,1773207720000,1773204120000,1773207660000,60,60,0,1
R002309,512,LINK,LINK-USDT-SWAP,1773207754000,1773207660000,1773207720000,1773204120000,1773207660000,60,60,0,1
R002313,513,ETH,ETH-USDT-SWAP,1773360939000,1773360840000,1773360900000,1773357300000,1773360840000,60,60,0,1
R002313,513,SOL,SOL-USDT-SWAP,1773360939000,1773360840000,1773360900000,1773357300000,1773360840000,60,60,0,1
R002313,513,XRP,XRP-USDT-SWAP,1773360939000,1773360840000,1773360900000,1773357300000,1773360840000,60,60,0,1
R002313,513,DOGE,DOGE-USDT-SWAP,1773360939000,1773360840000,1773360900000,1773357300000,1773360840000,60,60,0,1
R002313,513,ADA,ADA-USDT-SWAP,1773360939000,1773360840000,1773360900000,1773357300000,1773360840000,60,60,0,1
R002313,513,LTC,LTC-USDT-SWAP,1773360939000,1773360840000,1773360900000,1773357300000,1773360840000,60,60,0,1
R002313,513,BCH,BCH-USDT-SWAP,1773360939000,1773360840000,1773360900000,1773357300000,1773360840000,60,60,0,1
R002313,513,LINK,LINK-USDT-SWAP,1773360939000,1773360840000,1773360900000,1773357300000,1773360840000,60,60,0,1
R002315,514,ETH,ETH-USDT-SWAP,1773391042000,1773390960000,1773391020000,1773387420000,1773390960000,60,60,0,1
R002315,514,SOL,SOL-USDT-SWAP,1773391042000,1773390960000,1773391020000,1773387420000,1773390960000,60,60,0,1
R002315,514,XRP,XRP-USDT-SWAP,1773391042000,1773390960000,1773391020000,1773387420000,1773390960000,60,60,0,1
R002315,514,DOGE,DOGE-USDT-SWAP,1773391042000,1773390960000,1773391020000,1773387420000,1773390960000,60,60,0,1
R002315,514,ADA,ADA-USDT-SWAP,1773391042000,1773390960000,1773391020000,1773387420000,1773390960000,60,60,0,1
R002315,514,LTC,LTC-USDT-SWAP,1773391042000,1773390960000,1773391020000,1773387420000,1773390960000,60,60,0,1
R002315,514,BCH,BCH-USDT-SWAP,1773391042000,1773390960000,1773391020000,1773387420000,1773390960000,60,60,0,1
R002315,514,LINK,LINK-USDT-SWAP,1773391042000,1773390960000,1773391020000,1773387420000,1773390960000,60,60,0,1
R002317,515,ETH,ETH-USDT-SWAP,1773405230000,1773405120000,1773405180000,1773401580000,1773405120000,60,60,0,1
R002317,515,SOL,SOL-USDT-SWAP,1773405230000,1773405120000,1773405180000,1773401580000,1773405120000,60,60,0,1
R002317,515,XRP,XRP-USDT-SWAP,1773405230000,1773405120000,1773405180000,1773401580000,1773405120000,60,60,0,1
R002317,515,DOGE,DOGE-USDT-SWAP,1773405230000,1773405120000,1773405180000,1773401580000,1773405120000,60,60,0,1
R002317,515,ADA,ADA-USDT-SWAP,1773405230000,1773405120000,1773405180000,1773401580000,1773405120000,60,60,0,1
R002317,515,LTC,LTC-USDT-SWAP,1773405230000,1773405120000,1773405180000,1773401580000,1773405120000,60,60,0,1
R002317,515,BCH,BCH-USDT-SWAP,1773405230000,1773405120000,1773405180000,1773401580000,1773405120000,60,60,0,1
R002317,515,LINK,LINK-USDT-SWAP,1773405230000,1773405120000,1773405180000,1773401580000,1773405120000,60,60,0,1
R002320,516,ETH,ETH-USDT-SWAP,1773470432000,1773470340000,1773470400000,1773466800000,1773470340000,60,60,0,1
R002320,516,SOL,SOL-USDT-SWAP,1773470432000,1773470340000,1773470400000,1773466800000,1773470340000,60,60,0,1
R002320,516,XRP,XRP-USDT-SWAP,1773470432000,1773470340000,1773470400000,1773466800000,1773470340000,60,60,0,1
R002320,516,DOGE,DOGE-USDT-SWAP,1773470432000,1773470340000,1773470400000,1773466800000,1773470340000,60,60,0,1
R002320,516,ADA,ADA-USDT-SWAP,1773470432000,1773470340000,1773470400000,1773466800000,1773470340000,60,60,0,1
R002320,516,LTC,LTC-USDT-SWAP,1773470432000,1773470340000,1773470400000,1773466800000,1773470340000,60,60,0,1
R002320,516,BCH,BCH-USDT-SWAP,1773470432000,1773470340000,1773470400000,1773466800000,1773470340000,60,60,0,1
R002320,516,LINK,LINK-USDT-SWAP,1773470432000,1773470340000,1773470400000,1773466800000,1773470340000,60,60,0,1
R002322,517,ETH,ETH-USDT-SWAP,1773610669000,1773610560000,1773610620000,1773607020000,1773610560000,60,60,0,1
R002322,517,SOL,SOL-USDT-SWAP,1773610669000,1773610560000,1773610620000,1773607020000,1773610560000,60,60,0,1
R002322,517,XRP,XRP-USDT-SWAP,1773610669000,1773610560000,1773610620000,1773607020000,1773610560000,60,60,0,1
R002322,517,DOGE,DOGE-USDT-SWAP,1773610669000,1773610560000,1773610620000,1773607020000,1773610560000,60,60,0,1
R002322,517,ADA,ADA-USDT-SWAP,1773610669000,1773610560000,1773610620000,1773607020000,1773610560000,60,60,0,1
R002322,517,LTC,LTC-USDT-SWAP,1773610669000,1773610560000,1773610620000,1773607020000,1773610560000,60,60,0,1
R002322,517,BCH,BCH-USDT-SWAP,1773610669000,1773610560000,1773610620000,1773607020000,1773610560000,60,60,0,1
R002322,517,LINK,LINK-USDT-SWAP,1773610669000,1773610560000,1773610620000,1773607020000,1773610560000,60,60,0,1
R002329,518,ETH,ETH-USDT-SWAP,1773650698000,1773650580000,1773650640000,1773647040000,1773650580000,60,60,0,1
R002329,518,SOL,SOL-USDT-SWAP,1773650698000,1773650580000,1773650640000,1773647040000,1773650580000,60,60,0,1
R002329,518,XRP,XRP-USDT-SWAP,1773650698000,1773650580000,1773650640000,1773647040000,1773650580000,60,60,0,1
R002329,518,DOGE,DOGE-USDT-SWAP,1773650698000,1773650580000,1773650640000,1773647040000,1773650580000,60,60,0,1
R002329,518,ADA,ADA-USDT-SWAP,1773650698000,1773650580000,1773650640000,1773647040000,1773650580000,60,60,0,1
R002329,518,LTC,LTC-USDT-SWAP,1773650698000,1773650580000,1773650640000,1773647040000,1773650580000,60,60,0,1
R002329,518,BCH,BCH-USDT-SWAP,1773650698000,1773650580000,1773650640000,1773647040000,1773650580000,60,60,0,1
R002329,518,LINK,LINK-USDT-SWAP,1773650698000,1773650580000,1773650640000,1773647040000,1773650580000,60,60,0,1
R002333,519,ETH,ETH-USDT-SWAP,1773696975000,1773696900000,1773696960000,1773693360000,1773696900000,60,60,0,1
R002333,519,SOL,SOL-USDT-SWAP,1773696975000,1773696900000,1773696960000,1773693360000,1773696900000,60,60,0,1
R002333,519,XRP,XRP-USDT-SWAP,1773696975000,1773696900000,1773696960000,1773693360000,1773696900000,60,60,0,1
R002333,519,DOGE,DOGE-USDT-SWAP,1773696975000,1773696900000,1773696960000,1773693360000,1773696900000,60,60,0,1
R002333,519,ADA,ADA-USDT-SWAP,1773696975000,1773696900000,1773696960000,1773693360000,1773696900000,60,60,0,1
R002333,519,LTC,LTC-USDT-SWAP,1773696975000,1773696900000,1773696960000,1773693360000,1773696900000,60,60,0,1
R002333,519,BCH,BCH-USDT-SWAP,1773696975000,1773696900000,1773696960000,1773693360000,1773696900000,60,60,0,1
R002333,519,LINK,LINK-USDT-SWAP,1773696975000,1773696900000,1773696960000,1773693360000,1773696900000,60,60,0,1
R002334,520,ETH,ETH-USDT-SWAP,1773709952000,1773709860000,1773709920000,1773706320000,1773709860000,60,60,0,1
R002334,520,SOL,SOL-USDT-SWAP,1773709952000,1773709860000,1773709920000,1773706320000,1773709860000,60,60,0,1
R002334,520,XRP,XRP-USDT-SWAP,1773709952000,1773709860000,1773709920000,1773706320000,1773709860000,60,60,0,1
R002334,520,DOGE,DOGE-USDT-SWAP,1773709952000,1773709860000,1773709920000,1773706320000,1773709860000,60,60,0,1
R002334,520,ADA,ADA-USDT-SWAP,1773709952000,1773709860000,1773709920000,1773706320000,1773709860000,60,60,0,1
R002334,520,LTC,LTC-USDT-SWAP,1773709952000,1773709860000,1773709920000,1773706320000,1773709860000,60,60,0,1
R002334,520,BCH,BCH-USDT-SWAP,1773709952000,1773709860000,1773709920000,1773706320000,1773709860000,60,60,0,1
R002334,520,LINK,LINK-USDT-SWAP,1773709952000,1773709860000,1773709920000,1773706320000,1773709860000,60,60,0,1
R002335,521,ETH,ETH-USDT-SWAP,1773741973000,1773741900000,1773741960000,1773738360000,1773741900000,60,60,0,1
R002335,521,SOL,SOL-USDT-SWAP,1773741973000,1773741900000,1773741960000,1773738360000,1773741900000,60,60,0,1
R002335,521,XRP,XRP-USDT-SWAP,1773741973000,1773741900000,1773741960000,1773738360000,1773741900000,60,60,0,1
R002335,521,DOGE,DOGE-USDT-SWAP,1773741973000,1773741900000,1773741960000,1773738360000,1773741900000,60,60,0,1
R002335,521,ADA,ADA-USDT-SWAP,1773741973000,1773741900000,1773741960000,1773738360000,1773741900000,60,60,0,1
R002335,521,LTC,LTC-USDT-SWAP,1773741973000,1773741900000,1773741960000,1773738360000,1773741900000,60,60,0,1
R002335,521,BCH,BCH-USDT-SWAP,1773741973000,1773741900000,1773741960000,1773738360000,1773741900000,60,60,0,1
R002335,521,LINK,LINK-USDT-SWAP,1773741973000,1773741900000,1773741960000,1773738360000,1773741900000,60,60,0,1
R002344,522,ETH,ETH-USDT-SWAP,1774137121000,1774137060000,1774137120000,1774133520000,1774137060000,60,60,0,1
R002344,522,SOL,SOL-USDT-SWAP,1774137121000,1774137060000,1774137120000,1774133520000,1774137060000,60,60,0,1
R002344,522,XRP,XRP-USDT-SWAP,1774137121000,1774137060000,1774137120000,1774133520000,1774137060000,60,60,0,1
R002344,522,DOGE,DOGE-USDT-SWAP,1774137121000,1774137060000,1774137120000,1774133520000,1774137060000,60,60,0,1
R002344,522,ADA,ADA-USDT-SWAP,1774137121000,1774137060000,1774137120000,1774133520000,1774137060000,60,60,0,1
R002344,522,LTC,LTC-USDT-SWAP,1774137121000,1774137060000,1774137120000,1774133520000,1774137060000,60,60,0,1
R002344,522,BCH,BCH-USDT-SWAP,1774137121000,1774137060000,1774137120000,1774133520000,1774137060000,60,60,0,1
R002344,522,LINK,LINK-USDT-SWAP,1774137121000,1774137060000,1774137120000,1774133520000,1774137060000,60,60,0,1
R002345,523,ETH,ETH-USDT-SWAP,1774180339000,1774180260000,1774180320000,1774176720000,1774180260000,60,60,0,1
R002345,523,SOL,SOL-USDT-SWAP,1774180339000,1774180260000,1774180320000,1774176720000,1774180260000,60,60,0,1
R002345,523,XRP,XRP-USDT-SWAP,1774180339000,1774180260000,1774180320000,1774176720000,1774180260000,60,60,0,1
R002345,523,DOGE,DOGE-USDT-SWAP,1774180339000,1774180260000,1774180320000,1774176720000,1774180260000,60,60,0,1
R002345,523,ADA,ADA-USDT-SWAP,1774180339000,1774180260000,1774180320000,1774176720000,1774180260000,60,60,0,1
R002345,523,LTC,LTC-USDT-SWAP,1774180339000,1774180260000,1774180320000,1774176720000,1774180260000,60,60,0,1
R002345,523,BCH,BCH-USDT-SWAP,1774180339000,1774180260000,1774180320000,1774176720000,1774180260000,60,60,0,1
R002345,523,LINK,LINK-USDT-SWAP,1774180339000,1774180260000,1774180320000,1774176720000,1774180260000,60,60,0,1
R002353,524,ETH,ETH-USDT-SWAP,1774370359000,1774370280000,1774370340000,1774366740000,1774370280000,60,60,0,1
R002353,524,SOL,SOL-USDT-SWAP,1774370359000,1774370280000,1774370340000,1774366740000,1774370280000,60,60,0,1
R002353,524,XRP,XRP-USDT-SWAP,1774370359000,1774370280000,1774370340000,1774366740000,1774370280000,60,60,0,1
R002353,524,DOGE,DOGE-USDT-SWAP,1774370359000,1774370280000,1774370340000,1774366740000,1774370280000,60,60,0,1
R002353,524,ADA,ADA-USDT-SWAP,1774370359000,1774370280000,1774370340000,1774366740000,1774370280000,60,60,0,1
R002353,524,LTC,LTC-USDT-SWAP,1774370359000,1774370280000,1774370340000,1774366740000,1774370280000,60,60,0,1
R002353,524,BCH,BCH-USDT-SWAP,1774370359000,1774370280000,1774370340000,1774366740000,1774370280000,60,60,0,1
R002353,524,LINK,LINK-USDT-SWAP,1774370359000,1774370280000,1774370340000,1774366740000,1774370280000,60,60,0,1
R002356,525,ETH,ETH-USDT-SWAP,1774435672000,1774435560000,1774435620000,1774432020000,1774435560000,60,60,0,1
R002356,525,SOL,SOL-USDT-SWAP,1774435672000,1774435560000,1774435620000,1774432020000,1774435560000,60,60,0,1
R002356,525,XRP,XRP-USDT-SWAP,1774435672000,1774435560000,1774435620000,1774432020000,1774435560000,60,60,0,1
R002356,525,DOGE,DOGE-USDT-SWAP,1774435672000,1774435560000,1774435620000,1774432020000,1774435560000,60,60,0,1
R002356,525,ADA,ADA-USDT-SWAP,1774435672000,1774435560000,1774435620000,1774432020000,1774435560000,60,60,0,1
R002356,525,LTC,LTC-USDT-SWAP,1774435672000,1774435560000,1774435620000,1774432020000,1774435560000,60,60,0,1
R002356,525,BCH,BCH-USDT-SWAP,1774435672000,1774435560000,1774435620000,1774432020000,1774435560000,60,60,0,1
R002356,525,LINK,LINK-USDT-SWAP,1774435672000,1774435560000,1774435620000,1774432020000,1774435560000,60,60,0,1
R002358,526,ETH,ETH-USDT-SWAP,1774455994000,1774455900000,1774455960000,1774452360000,1774455900000,60,60,0,1
R002358,526,SOL,SOL-USDT-SWAP,1774455994000,1774455900000,1774455960000,1774452360000,1774455900000,60,60,0,1
R002358,526,XRP,XRP-USDT-SWAP,1774455994000,1774455900000,1774455960000,1774452360000,1774455900000,60,60,0,1
R002358,526,DOGE,DOGE-USDT-SWAP,1774455994000,1774455900000,1774455960000,1774452360000,1774455900000,60,60,0,1
R002358,526,ADA,ADA-USDT-SWAP,1774455994000,1774455900000,1774455960000,1774452360000,1774455900000,60,60,0,1
R002358,526,LTC,LTC-USDT-SWAP,1774455994000,1774455900000,1774455960000,1774452360000,1774455900000,60,60,0,1
R002358,526,BCH,BCH-USDT-SWAP,1774455994000,1774455900000,1774455960000,1774452360000,1774455900000,60,60,0,1
R002358,526,LINK,LINK-USDT-SWAP,1774455994000,1774455900000,1774455960000,1774452360000,1774455900000,60,60,0,1
R002359,527,ETH,ETH-USDT-SWAP,1774478517000,1774478400000,1774478460000,1774474860000,1774478400000,60,60,0,1
R002359,527,SOL,SOL-USDT-SWAP,1774478517000,1774478400000,1774478460000,1774474860000,1774478400000,60,60,0,1
R002359,527,XRP,XRP-USDT-SWAP,1774478517000,1774478400000,1774478460000,1774474860000,1774478400000,60,60,0,1
R002359,527,DOGE,DOGE-USDT-SWAP,1774478517000,1774478400000,1774478460000,1774474860000,1774478400000,60,60,0,1
R002359,527,ADA,ADA-USDT-SWAP,1774478517000,1774478400000,1774478460000,1774474860000,1774478400000,60,60,0,1
R002359,527,LTC,LTC-USDT-SWAP,1774478517000,1774478400000,1774478460000,1774474860000,1774478400000,60,60,0,1
R002359,527,BCH,BCH-USDT-SWAP,1774478517000,1774478400000,1774478460000,1774474860000,1774478400000,60,60,0,1
R002359,527,LINK,LINK-USDT-SWAP,1774478517000,1774478400000,1774478460000,1774474860000,1774478400000,60,60,0,1
R002362,528,ETH,ETH-USDT-SWAP,1774538120000,1774538040000,1774538100000,1774534500000,1774538040000,60,60,0,1
R002362,528,SOL,SOL-USDT-SWAP,1774538120000,1774538040000,1774538100000,1774534500000,1774538040000,60,60,0,1
R002362,528,XRP,XRP-USDT-SWAP,1774538120000,1774538040000,1774538100000,1774534500000,1774538040000,60,60,0,1
R002362,528,DOGE,DOGE-USDT-SWAP,1774538120000,1774538040000,1774538100000,1774534500000,1774538040000,60,60,0,1
R002362,528,ADA,ADA-USDT-SWAP,1774538120000,1774538040000,1774538100000,1774534500000,1774538040000,60,60,0,1
R002362,528,LTC,LTC-USDT-SWAP,1774538120000,1774538040000,1774538100000,1774534500000,1774538040000,60,60,0,1
R002362,528,BCH,BCH-USDT-SWAP,1774538120000,1774538040000,1774538100000,1774534500000,1774538040000,60,60,0,1
R002362,528,LINK,LINK-USDT-SWAP,1774538120000,1774538040000,1774538100000,1774534500000,1774538040000,60,60,0,1
R002365,529,ETH,ETH-USDT-SWAP,1774600548000,1774600440000,1774600500000,1774596900000,1774600440000,60,60,0,1
R002365,529,SOL,SOL-USDT-SWAP,1774600548000,1774600440000,1774600500000,1774596900000,1774600440000,60,60,0,1
R002365,529,XRP,XRP-USDT-SWAP,1774600548000,1774600440000,1774600500000,1774596900000,1774600440000,60,60,0,1
R002365,529,DOGE,DOGE-USDT-SWAP,1774600548000,1774600440000,1774600500000,1774596900000,1774600440000,60,60,0,1
R002365,529,ADA,ADA-USDT-SWAP,1774600548000,1774600440000,1774600500000,1774596900000,1774600440000,60,60,0,1
R002365,529,LTC,LTC-USDT-SWAP,1774600548000,1774600440000,1774600500000,1774596900000,1774600440000,60,60,0,1
R002365,529,BCH,BCH-USDT-SWAP,1774600548000,1774600440000,1774600500000,1774596900000,1774600440000,60,60,0,1
R002365,529,LINK,LINK-USDT-SWAP,1774600548000,1774600440000,1774600500000,1774596900000,1774600440000,60,60,0,1
R002378,530,ETH,ETH-USDT-SWAP,1774824083000,1774824000000,1774824060000,1774820460000,1774824000000,60,60,0,1
R002378,530,SOL,SOL-USDT-SWAP,1774824083000,1774824000000,1774824060000,1774820460000,1774824000000,60,60,0,1
R002378,530,XRP,XRP-USDT-SWAP,1774824083000,1774824000000,1774824060000,1774820460000,1774824000000,60,60,0,1
R002378,530,DOGE,DOGE-USDT-SWAP,1774824083000,1774824000000,1774824060000,1774820460000,1774824000000,60,60,0,1
R002378,530,ADA,ADA-USDT-SWAP,1774824083000,1774824000000,1774824060000,1774820460000,1774824000000,60,60,0,1
R002378,530,LTC,LTC-USDT-SWAP,1774824083000,1774824000000,1774824060000,1774820460000,1774824000000,60,60,0,1
R002378,530,BCH,BCH-USDT-SWAP,1774824083000,1774824000000,1774824060000,1774820460000,1774824000000,60,60,0,1
R002378,530,LINK,LINK-USDT-SWAP,1774824083000,1774824000000,1774824060000,1774820460000,1774824000000,60,60,0,1
R002379,531,ETH,ETH-USDT-SWAP,1774829955000,1774829880000,1774829940000,1774826340000,1774829880000,60,60,0,1
R002379,531,SOL,SOL-USDT-SWAP,1774829955000,1774829880000,1774829940000,1774826340000,1774829880000,60,60,0,1
R002379,531,XRP,XRP-USDT-SWAP,1774829955000,1774829880000,1774829940000,1774826340000,1774829880000,60,60,0,1
R002379,531,DOGE,DOGE-USDT-SWAP,1774829955000,1774829880000,1774829940000,1774826340000,1774829880000,60,60,0,1
R002379,531,ADA,ADA-USDT-SWAP,1774829955000,1774829880000,1774829940000,1774826340000,1774829880000,60,60,0,1
R002379,531,LTC,LTC-USDT-SWAP,1774829955000,1774829880000,1774829940000,1774826340000,1774829880000,60,60,0,1
R002379,531,BCH,BCH-USDT-SWAP,1774829955000,1774829880000,1774829940000,1774826340000,1774829880000,60,60,0,1
R002379,531,LINK,LINK-USDT-SWAP,1774829955000,1774829880000,1774829940000,1774826340000,1774829880000,60,60,0,1
R002380,532,ETH,ETH-USDT-SWAP,1774838770000,1774838700000,1774838760000,1774835160000,1774838700000,60,60,0,1
R002380,532,SOL,SOL-USDT-SWAP,1774838770000,1774838700000,1774838760000,1774835160000,1774838700000,60,60,0,1
R002380,532,XRP,XRP-USDT-SWAP,1774838770000,1774838700000,1774838760000,1774835160000,1774838700000,60,60,0,1
R002380,532,DOGE,DOGE-USDT-SWAP,1774838770000,1774838700000,1774838760000,1774835160000,1774838700000,60,60,0,1
R002380,532,ADA,ADA-USDT-SWAP,1774838770000,1774838700000,1774838760000,1774835160000,1774838700000,60,60,0,1
R002380,532,LTC,LTC-USDT-SWAP,1774838770000,1774838700000,1774838760000,1774835160000,1774838700000,60,60,0,1
R002380,532,BCH,BCH-USDT-SWAP,1774838770000,1774838700000,1774838760000,1774835160000,1774838700000,60,60,0,1
R002380,532,LINK,LINK-USDT-SWAP,1774838770000,1774838700000,1774838760000,1774835160000,1774838700000,60,60,0,1
R002383,533,ETH,ETH-USDT-SWAP,1774870009000,1774869900000,1774869960000,1774866360000,1774869900000,60,60,0,1
R002383,533,SOL,SOL-USDT-SWAP,1774870009000,1774869900000,1774869960000,1774866360000,1774869900000,60,60,0,1
R002383,533,XRP,XRP-USDT-SWAP,1774870009000,1774869900000,1774869960000,1774866360000,1774869900000,60,60,0,1
R002383,533,DOGE,DOGE-USDT-SWAP,1774870009000,1774869900000,1774869960000,1774866360000,1774869900000,60,60,0,1
R002383,533,ADA,ADA-USDT-SWAP,1774870009000,1774869900000,1774869960000,1774866360000,1774869900000,60,60,0,1
R002383,533,LTC,LTC-USDT-SWAP,1774870009000,1774869900000,1774869960000,1774866360000,1774869900000,60,60,0,1
R002383,533,BCH,BCH-USDT-SWAP,1774870009000,1774869900000,1774869960000,1774866360000,1774869900000,60,60,0,1
R002383,533,LINK,LINK-USDT-SWAP,1774870009000,1774869900000,1774869960000,1774866360000,1774869900000,60,60,0,1
R002386,534,ETH,ETH-USDT-SWAP,1774920845000,1774920780000,1774920840000,1774917240000,1774920780000,60,60,0,1
R002386,534,SOL,SOL-USDT-SWAP,1774920845000,1774920780000,1774920840000,1774917240000,1774920780000,60,60,0,1
R002386,534,XRP,XRP-USDT-SWAP,1774920845000,1774920780000,1774920840000,1774917240000,1774920780000,60,60,0,1
R002386,534,DOGE,DOGE-USDT-SWAP,1774920845000,1774920780000,1774920840000,1774917240000,1774920780000,60,60,0,1
R002386,534,ADA,ADA-USDT-SWAP,1774920845000,1774920780000,1774920840000,1774917240000,1774920780000,60,60,0,1
R002386,534,LTC,LTC-USDT-SWAP,1774920845000,1774920780000,1774920840000,1774917240000,1774920780000,60,60,0,1
R002386,534,BCH,BCH-USDT-SWAP,1774920845000,1774920780000,1774920840000,1774917240000,1774920780000,60,60,0,1
R002386,534,LINK,LINK-USDT-SWAP,1774920845000,1774920780000,1774920840000,1774917240000,1774920780000,60,60,0,1
