event_id,asset,decision_ts_utc,feature_end_ts_utc,source_start_minute_utc,source_end_minute_utc,valid_pair_count,longest_missing_run_min,correlation,feature_known,missing_reason
R000001,BTC,2024-10-01T01:13:02+00:00,2024-10-01T01:09:00+00:00,2024-09-30T01:05:00+00:00,2024-10-01T01:09:00+00:00,288,0,0.84284163581804128,True,
R000002,ETH,2024-10-01T15:04:46+00:00,2024-10-01T14:59:00+00:00,2024-09-30T14:55:00+00:00,2024-10-01T14:59:00+00:00,288,0,0.85977090928603017,True,
R000003,ETH,2024-10-01T15:31:06+00:00,2024-10-01T15:29:00+00:00,2024-09-30T15:25:00+00:00,2024-10-01T15:29:00+00:00,288,0,0.86714420917046342,True,
R000004,BTC,2024-10-01T16:27:57+00:00,2024-10-01T16:24:00+00:00,2024-09-30T16:20:00+00:00,2024-10-01T16:24:00+00:00,288,0,0.87239595954045956,True,
R000005,BTC,2024-10-01T16:56:32+00:00,2024-10-01T16:54:00+00:00,2024-09-30T16:50:00+00:00,2024-10-01T16:54:00+00:00,288,0,0.87567296528810279,True,
R000006,ETH,2024-10-01T17:20:13+00:00,2024-10-01T17:19:00+00:00,2024-09-30T17:15:00+00:00,2024-10-01T17:19:00+00:00,288,0,0.88515246175348639,True,
R000007,ETH,2024-10-01T17:45:31+00:00,2024-10-01T17:44:00+00:00,2024-09-30T17:40:00+00:00,2024-10-01T17:44:00+00:00,288,0,0.88509642801466037,True,
R000010,ETH,2024-10-01T20:07:09+00:00,2024-10-01T20:04:00+00:00,2024-09-30T20:00:00+00:00,2024-10-01T20:04:00+00:00,288,0,0.88101909259068478,True,
R000012,ETH,2024-10-02T12:54:32+00:00,2024-10-02T12:49:00+00:00,2024-10-01T12:45:00+00:00,2024-10-02T12:49:00+00:00,288,0,0.90158819408439161,True,
R000024,BTC,2024-10-04T12:30:02+00:00,2024-10-04T12:29:00+00:00,2024-10-03T12:25:00+00:00,2024-10-04T12:29:00+00:00,288,0,0.90296023157716632,True,
R000025,BTC,2024-10-04T12:46:10+00:00,2024-10-04T12:44:00+00:00,2024-10-03T12:40:00+00:00,2024-10-04T12:44:00+00:00,288,0,0.90701381519835655,True,
R000027,ETH,2024-10-07T03:32:57+00:00,2024-10-07T03:29:00+00:00,2024-10-06T03:25:00+00:00,2024-10-07T03:29:00+00:00,288,0,0.83477914389404473,True,
R000028,ETH,2024-10-07T11:57:13+00:00,2024-10-07T11:54:00+00:00,2024-10-06T11:50:00+00:00,2024-10-07T11:54:00+00:00,288,0,0.83965195616235411,True,
R000030,ETH,2024-10-07T22:54:30+00:00,2024-10-07T22:49:00+00:00,2024-10-06T22:45:00+00:00,2024-10-07T22:49:00+00:00,288,0,0.87268823858881128,True,
R000031,BTC,2024-10-08T01:31:49+00:00,2024-10-08T01:29:00+00:00,2024-10-07T01:25:00+00:00,2024-10-08T01:29:00+00:00,288,0,0.88877918711406623,True,
R000037,BTC,2024-10-10T12:30:02+00:00,2024-10-10T12:29:00+00:00,2024-10-09T12:25:00+00:00,2024-10-10T12:29:00+00:00,288,0,0.82496950326774321,True,
R000040,BTC,2024-10-10T18:34:32+00:00,2024-10-10T18:29:00+00:00,2024-10-09T18:25:00+00:00,2024-10-10T18:29:00+00:00,288,0,0.86293344398097938,True,
R000041,ETH,2024-10-10T20:17:56+00:00,2024-10-10T20:14:00+00:00,2024-10-09T20:10:00+00:00,2024-10-10T20:14:00+00:00,288,0,0.87559378369187768,True,
R000042,BTC,2024-10-11T12:30:02+00:00,2024-10-11T12:29:00+00:00,2024-10-10T12:25:00+00:00,2024-10-11T12:29:00+00:00,288,0,0.88430306635851597,True,
R000043,ETH,2024-10-12T14:42:49+00:00,2024-10-12T14:39:00+00:00,2024-10-11T14:35:00+00:00,2024-10-12T14:39:00+00:00,288,0,0.83171551240823582,True,
R000046,ETH,2024-10-14T14:41:25+00:00,2024-10-14T14:39:00+00:00,2024-10-13T14:35:00+00:00,2024-10-14T14:39:00+00:00,288,0,0.839827005163166,True,
R000050,BTC,2024-10-14T19:22:47+00:00,2024-10-14T19:19:00+00:00,2024-10-13T19:15:00+00:00,2024-10-14T19:19:00+00:00,288,0,0.819168605247378,True,
R000051,BTC,2024-10-14T22:17:14+00:00,2024-10-14T22:14:00+00:00,2024-10-13T22:10:00+00:00,2024-10-14T22:14:00+00:00,288,0,0.81599024540189125,True,
R000052,BTC,2024-10-14T22:58:24+00:00,2024-10-14T22:54:00+00:00,2024-10-13T22:50:00+00:00,2024-10-14T22:54:00+00:00,288,0,0.81622465986841908,True,
R000063,BTC,2024-10-17T14:29:29+00:00,2024-10-17T14:24:00+00:00,2024-10-16T14:20:00+00:00,2024-10-17T14:24:00+00:00,288,0,0.86325262917637757,True,
R000064,BTC,2024-10-17T18:29:14+00:00,2024-10-17T18:24:00+00:00,2024-10-16T18:20:00+00:00,2024-10-17T18:24:00+00:00,288,0,0.85689727529536397,True,
R000075,ETH,2024-10-20T21:31:22+00:00,2024-10-20T21:29:00+00:00,2024-10-19T21:25:00+00:00,2024-10-20T21:29:00+00:00,288,0,0.77278048657635223,True,
R000079,BTC,2024-10-21T13:17:28+00:00,2024-10-21T13:14:00+00:00,2024-10-20T13:10:00+00:00,2024-10-21T13:14:00+00:00,288,0,0.83292207135970076,True,
R000083,BTC,2024-10-21T23:01:03+00:00,2024-10-21T22:59:00+00:00,2024-10-20T22:55:00+00:00,2024-10-21T22:59:00+00:00,288,0,0.88447572306693312,True,
R000084,ETH,2024-10-22T00:31:07+00:00,2024-10-22T00:29:00+00:00,2024-10-21T00:25:00+00:00,2024-10-22T00:29:00+00:00,288,0,0.88140732437703162,True,
R000087,ETH,2024-10-22T14:34:53+00:00,2024-10-22T14:29:00+00:00,2024-10-21T14:25:00+00:00,2024-10-22T14:29:00+00:00,288,0,0.85024354679517389,True,
R000088,BTC,2024-10-22T15:18:57+00:00,2024-10-22T15:14:00+00:00,2024-10-21T15:10:00+00:00,2024-10-22T15:14:00+00:00,288,0,0.85826615694286956,True,
R000090,ETH,2024-10-23T12:27:53+00:00,2024-10-23T12:24:00+00:00,2024-10-22T12:20:00+00:00,2024-10-23T12:24:00+00:00,288,0,0.90616239799621012,True,
R000091,ETH,2024-10-23T18:04:02+00:00,2024-10-23T17:59:00+00:00,2024-10-22T17:55:00+00:00,2024-10-23T17:59:00+00:00,288,0,0.84936381965395169,True,
R000096,ETH,2024-10-25T07:14:14+00:00,2024-10-25T07:09:00+00:00,2024-10-24T07:05:00+00:00,2024-10-25T07:09:00+00:00,288,0,0.85768471462737639,True,
R000100,ETH,2024-10-25T22:52:53+00:00,2024-10-25T22:49:00+00:00,2024-10-24T22:45:00+00:00,2024-10-25T22:49:00+00:00,288,0,0.87524030330575298,True,
R000106,BTC,2024-10-28T13:01:05+00:00,2024-10-28T12:59:00+00:00,2024-10-27T12:55:00+00:00,2024-10-28T12:59:00+00:00,288,0,0.83034163026283925,True,
R000113,ETH,2024-10-28T21:44:15+00:00,2024-10-28T21:39:00+00:00,2024-10-27T21:35:00+00:00,2024-10-28T21:39:00+00:00,288,0,0.81330731521498556,True,
R000126,BTC,2024-10-30T20:04:04+00:00,2024-10-30T19:59:00+00:00,2024-10-29T19:55:00+00:00,2024-10-30T19:59:00+00:00,288,0,0.77516937955026022,True,
R000129,ETH,2024-10-31T16:03:00+00:00,2024-10-31T15:59:00+00:00,2024-10-30T15:55:00+00:00,2024-10-31T15:59:00+00:00,288,0,0.84016702764987949,True,
R000131,ETH,2024-10-31T17:32:56+00:00,2024-10-31T17:29:00+00:00,2024-10-30T17:25:00+00:00,2024-10-31T17:29:00+00:00,288,0,0.83353449155246362,True,
R000133,ETH,2024-11-01T01:33:03+00:00,2024-11-01T01:29:00+00:00,2024-10-31T01:25:00+00:00,2024-11-01T01:29:00+00:00,288,0,0.83252275008609478,True,
R000134,ETH,2024-11-01T02:03:33+00:00,2024-11-01T01:59:00+00:00,2024-10-31T01:55:00+00:00,2024-11-01T01:59:00+00:00,288,0,0.83497893539635049,True,
R000139,ETH,2024-11-03T02:11:40+00:00,2024-11-03T02:09:00+00:00,2024-11-02T02:05:00+00:00,2024-11-03T02:09:00+00:00,288,0,0.8060041846024405,True,
R000149,ETH,2024-11-04T21:24:11+00:00,2024-11-04T21:19:00+00:00,2024-11-03T21:15:00+00:00,2024-11-04T21:19:00+00:00,288,0,0.87231176698768953,True,
R000153,ETH,2024-11-05T01:16:07+00:00,2024-11-05T01:14:00+00:00,2024-11-04T01:10:00+00:00,2024-11-05T01:14:00+00:00,288,0,0.86674593416702528,True,
R000155,ETH,2024-11-05T07:42:41+00:00,2024-11-05T07:39:00+00:00,2024-11-04T07:35:00+00:00,2024-11-05T07:39:00+00:00,288,0,0.86427055113762863,True,
R000157,BTC,2024-11-05T09:00:49+00:00,2024-11-05T08:59:00+00:00,2024-11-04T08:55:00+00:00,2024-11-05T08:59:00+00:00,288,0,0.86533316746404032,True,
R000162,BTC,2024-11-05T19:50:13+00:00,2024-11-05T19:49:00+00:00,2024-11-04T19:45:00+00:00,2024-11-05T19:49:00+00:00,288,0,0.86438032705890233,True,
R000163,BTC,2024-11-05T22:33:45+00:00,2024-11-05T22:29:00+00:00,2024-11-04T22:25:00+00:00,2024-11-05T22:29:00+00:00,288,0,0.87935707485553138,True,
R000169,ETH,2024-11-06T04:59:55+00:00,2024-11-06T04:54:00+00:00,2024-11-05T04:50:00+00:00,2024-11-06T04:54:00+00:00,288,0,0.89168015082935015,True,
R000172,BTC,2024-11-06T08:30:23+00:00,2024-11-06T08:29:00+00:00,2024-11-05T08:25:00+00:00,2024-11-06T08:29:00+00:00,288,0,0.87057587098274081,True,
R000174,BTC,2024-11-06T10:38:33+00:00,2024-11-06T10:34:00+00:00,2024-11-05T10:30:00+00:00,2024-11-06T10:34:00+00:00,288,0,0.8655240570260625,True,
R000179,BTC,2024-11-06T14:44:33+00:00,2024-11-06T14:39:00+00:00,2024-11-05T14:35:00+00:00,2024-11-06T14:39:00+00:00,288,0,0.85744917017530953,True,
R000188,ETH,2024-11-06T22:48:32+00:00,2024-11-06T22:44:00+00:00,2024-11-05T22:40:00+00:00,2024-11-06T22:44:00+00:00,288,0,0.82490181909646088,True,
R000190,BTC,2024-11-07T01:30:18+00:00,2024-11-07T01:29:00+00:00,2024-11-06T01:25:00+00:00,2024-11-07T01:29:00+00:00,288,0,0.78518481714301636,True,
R000191,ETH,2024-11-07T03:17:39+00:00,2024-11-07T03:14:00+00:00,2024-11-06T03:10:00+00:00,2024-11-07T03:14:00+00:00,288,0,0.73765420555075911,True,
R000192,ETH,2024-11-07T03:38:14+00:00,2024-11-07T03:34:00+00:00,2024-11-06T03:30:00+00:00,2024-11-07T03:34:00+00:00,288,0,0.7213994276375002,True,
R000200,ETH,2024-11-07T14:48:33+00:00,2024-11-07T14:44:00+00:00,2024-11-06T14:40:00+00:00,2024-11-07T14:44:00+00:00,288,0,0.69658575012054047,True,
R000206,ETH,2024-11-08T01:37:23+00:00,2024-11-08T01:34:00+00:00,2024-11-07T01:30:00+00:00,2024-11-08T01:34:00+00:00,288,0,0.731641290296145,True,
R000210,ETH,2024-11-08T15:47:03+00:00,2024-11-08T15:44:00+00:00,2024-11-07T15:40:00+00:00,2024-11-08T15:44:00+00:00,288,0,0.75014756244002589,True,
R000211,ETH,2024-11-08T16:13:54+00:00,2024-11-08T16:09:00+00:00,2024-11-07T16:05:00+00:00,2024-11-08T16:09:00+00:00,288,0,0.75348793632439548,True,
R000213,ETH,2024-11-08T17:34:12+00:00,2024-11-08T17:29:00+00:00,2024-11-07T17:25:00+00:00,2024-11-08T17:29:00+00:00,288,0,0.76707389390494962,True,
R000215,BTC,2024-11-08T20:12:44+00:00,2024-11-08T20:09:00+00:00,2024-11-07T20:05:00+00:00,2024-11-08T20:09:00+00:00,288,0,0.74610942935146962,True,
R000221,ETH,2024-11-09T05:26:08+00:00,2024-11-09T05:24:00+00:00,2024-11-08T05:20:00+00:00,2024-11-09T05:24:00+00:00,288,0,0.75291503111763491,True,
R000223,ETH,2024-11-09T06:36:53+00:00,2024-11-09T06:34:00+00:00,2024-11-08T06:30:00+00:00,2024-11-09T06:34:00+00:00,288,0,0.72525040688776954,True,
R000224,ETH,2024-11-09T09:20:27+00:00,2024-11-09T09:19:00+00:00,2024-11-08T09:15:00+00:00,2024-11-09T09:19:00+00:00,288,0,0.71811862342918176,True,
R000226,ETH,2024-11-09T19:01:42+00:00,2024-11-09T18:59:00+00:00,2024-11-08T18:55:00+00:00,2024-11-09T18:59:00+00:00,288,0,0.62090743931725645,True,
R000229,ETH,2024-11-09T22:46:15+00:00,2024-11-09T22:44:00+00:00,2024-11-08T22:40:00+00:00,2024-11-09T22:44:00+00:00,288,0,0.67854014761124348,True,
R000230,ETH,2024-11-09T23:01:20+00:00,2024-11-09T22:59:00+00:00,2024-11-08T22:55:00+00:00,2024-11-09T22:59:00+00:00,288,0,0.64595046561313751,True,
R000231,ETH,2024-11-09T23:52:04+00:00,2024-11-09T23:49:00+00:00,2024-11-08T23:45:00+00:00,2024-11-09T23:49:00+00:00,288,0,0.63388113972636928,True,
R000235,ETH,2024-11-10T02:57:20+00:00,2024-11-10T02:54:00+00:00,2024-11-09T02:50:00+00:00,2024-11-10T02:54:00+00:00,288,0,0.65683434249660666,True,
R000237,ETH,2024-11-10T04:33:11+00:00,2024-11-10T04:29:00+00:00,2024-11-09T04:25:00+00:00,2024-11-10T04:29:00+00:00,288,0,0.67755274533604348,True,
R000238,ETH,2024-11-10T05:25:44+00:00,2024-11-10T05:24:00+00:00,2024-11-09T05:20:00+00:00,2024-11-10T05:24:00+00:00,288,0,0.61815618255203897,True,
R000243,ETH,2024-11-10T10:40:47+00:00,2024-11-10T10:39:00+00:00,2024-11-09T10:35:00+00:00,2024-11-10T10:39:00+00:00,288,0,0.67509001423925652,True,
R000245,ETH,2024-11-10T11:48:29+00:00,2024-11-10T11:44:00+00:00,2024-11-09T11:40:00+00:00,2024-11-10T11:44:00+00:00,288,0,0.68010096476113391,True,
R000246,BTC,2024-11-10T12:08:54+00:00,2024-11-10T12:04:00+00:00,2024-11-09T12:00:00+00:00,2024-11-10T12:04:00+00:00,288,0,0.67185616454917974,True,
R000256,ETH,2024-11-10T20:01:46+00:00,2024-11-10T19:59:00+00:00,2024-11-09T19:55:00+00:00,2024-11-10T19:59:00+00:00,288,0,0.72101448254308032,True,
R000260,BTC,2024-11-10T22:16:50+00:00,2024-11-10T22:14:00+00:00,2024-11-09T22:10:00+00:00,2024-11-10T22:14:00+00:00,288,0,0.73241985472163273,True,
R000267,ETH,2024-11-11T05:17:08+00:00,2024-11-11T05:14:00+00:00,2024-11-10T05:10:00+00:00,2024-11-11T05:14:00+00:00,288,0,0.80655936182186538,True,
R000270,ETH,2024-11-11T09:18:00+00:00,2024-11-11T09:14:00+00:00,2024-11-10T09:10:00+00:00,2024-11-11T09:14:00+00:00,288,0,0.81965532386704654,True,
R000274,BTC,2024-11-11T13:11:41+00:00,2024-11-11T13:09:00+00:00,2024-11-10T13:05:00+00:00,2024-11-11T13:09:00+00:00,288,0,0.82630383427294352,True,
R000275,BTC,2024-11-11T14:33:55+00:00,2024-11-11T14:29:00+00:00,2024-11-10T14:25:00+00:00,2024-11-11T14:29:00+00:00,288,0,0.82819127192612696,True,
R000277,BTC,2024-11-11T16:05:14+00:00,2024-11-11T16:04:00+00:00,2024-11-10T16:00:00+00:00,2024-11-11T16:04:00+00:00,288,0,0.81589693113192807,True,
R000279,ETH,2024-11-11T17:56:16+00:00,2024-11-11T17:54:00+00:00,2024-11-10T17:50:00+00:00,2024-11-11T17:54:00+00:00,288,0,0.76798614334368953,True,
R000280,BTC,2024-11-11T18:39:12+00:00,2024-11-11T18:34:00+00:00,2024-11-10T18:30:00+00:00,2024-11-11T18:34:00+00:00,288,0,0.77116519388098437,True,
R000281,BTC,2024-11-11T19:03:01+00:00,2024-11-11T18:59:00+00:00,2024-11-10T18:55:00+00:00,2024-11-11T18:59:00+00:00,288,0,0.76870571701722212,True,
R000282,BTC,2024-11-11T19:52:45+00:00,2024-11-11T19:49:00+00:00,2024-11-10T19:45:00+00:00,2024-11-11T19:49:00+00:00,288,0,0.75737944524720779,True,
R000285,BTC,2024-11-11T23:01:34+00:00,2024-11-11T22:59:00+00:00,2024-11-10T22:55:00+00:00,2024-11-11T22:59:00+00:00,288,0,0.71536052397797556,True,
R000292,BTC,2024-11-12T05:07:55+00:00,2024-11-12T05:04:00+00:00,2024-11-11T05:00:00+00:00,2024-11-12T05:04:00+00:00,288,0,0.73286936163743055,True,
R000303,BTC,2024-11-12T13:36:50+00:00,2024-11-12T13:34:00+00:00,2024-11-11T13:30:00+00:00,2024-11-12T13:34:00+00:00,288,0,0.75735856309141902,True,
R000304,ETH,2024-11-12T14:33:55+00:00,2024-11-12T14:29:00+00:00,2024-11-11T14:25:00+00:00,2024-11-12T14:29:00+00:00,288,0,0.76816538124021327,True,
R000308,BTC,2024-11-12T17:21:16+00:00,2024-11-12T17:19:00+00:00,2024-11-11T17:15:00+00:00,2024-11-12T17:19:00+00:00,288,0,0.79877188988038994,True,
R000321,BTC,2024-11-13T01:24:11+00:00,2024-11-13T01:19:00+00:00,2024-11-12T01:15:00+00:00,2024-11-13T01:19:00+00:00,288,0,0.82944166095320004,True,
R000335,ETH,2024-11-13T13:30:21+00:00,2024-11-13T13:29:00+00:00,2024-11-12T13:25:00+00:00,2024-11-13T13:29:00+00:00,288,0,0.86772031574258268,True,
R000341,BTC,2024-11-13T18:17:56+00:00,2024-11-13T18:14:00+00:00,2024-11-12T18:10:00+00:00,2024-11-13T18:14:00+00:00,288,0,0.87984021110500643,True,
R000345,ETH,2024-11-13T21:04:37+00:00,2024-11-13T20:59:00+00:00,2024-11-12T20:55:00+00:00,2024-11-13T20:59:00+00:00,288,0,0.89739422307051298,True,
R000346,ETH,2024-11-13T21:28:07+00:00,2024-11-13T21:24:00+00:00,2024-11-12T21:20:00+00:00,2024-11-13T21:24:00+00:00,288,0,0.89855371082288837,True,
R000348,BTC,2024-11-13T23:29:08+00:00,2024-11-13T23:24:00+00:00,2024-11-12T23:20:00+00:00,2024-11-13T23:24:00+00:00,288,0,0.89537766841586164,True,
R000363,BTC,2024-11-14T15:49:07+00:00,2024-11-14T15:44:00+00:00,2024-11-13T15:40:00+00:00,2024-11-14T15:44:00+00:00,288,0,0.85709477995537764,True,
R000365,ETH,2024-11-14T16:41:02+00:00,2024-11-14T16:39:00+00:00,2024-11-13T16:35:00+00:00,2024-11-14T16:39:00+00:00,288,0,0.84996993095249718,True,
R000381,ETH,2024-11-15T07:01:19+00:00,2024-11-15T06:59:00+00:00,2024-11-14T06:55:00+00:00,2024-11-15T06:59:00+00:00,288,0,0.84446509480046639,True,
R000383,BTC,2024-11-15T09:06:52+00:00,2024-11-15T09:04:00+00:00,2024-11-14T09:00:00+00:00,2024-11-15T09:04:00+00:00,288,0,0.84497322144312426,True,
R000394,ETH,2024-11-15T19:38:38+00:00,2024-11-15T19:34:00+00:00,2024-11-14T19:30:00+00:00,2024-11-15T19:34:00+00:00,288,0,0.89236132501154086,True,
R000460,BTC,2024-11-18T14:55:54+00:00,2024-11-18T14:54:00+00:00,2024-11-17T14:50:00+00:00,2024-11-18T14:54:00+00:00,288,0,0.78048226216213634,True,
R000464,BTC,2024-11-18T17:50:25+00:00,2024-11-18T17:49:00+00:00,2024-11-17T17:45:00+00:00,2024-11-18T17:49:00+00:00,288,0,0.78675755716897944,True,
R000465,BTC,2024-11-18T18:22:36+00:00,2024-11-18T18:19:00+00:00,2024-11-17T18:15:00+00:00,2024-11-18T18:19:00+00:00,288,0,0.78565836740201656,True,
R000466,BTC,2024-11-18T18:52:40+00:00,2024-11-18T18:49:00+00:00,2024-11-17T18:45:00+00:00,2024-11-18T18:49:00+00:00,288,0,0.7789031484690494,True,
R000467,ETH,2024-11-18T19:11:00+00:00,2024-11-18T19:09:00+00:00,2024-11-17T19:05:00+00:00,2024-11-18T19:09:00+00:00,288,0,0.77998384359234885,True,
R000469,ETH,2024-11-18T20:24:03+00:00,2024-11-18T20:19:00+00:00,2024-11-17T20:15:00+00:00,2024-11-18T20:19:00+00:00,288,0,0.78534410917218578,True,
R000470,BTC,2024-11-18T21:02:42+00:00,2024-11-18T20:59:00+00:00,2024-11-17T20:55:00+00:00,2024-11-18T20:59:00+00:00,288,0,0.79920733101281505,True,
R000472,BTC,2024-11-19T00:52:47+00:00,2024-11-19T00:49:00+00:00,2024-11-18T00:45:00+00:00,2024-11-19T00:49:00+00:00,288,0,0.72894726168054025,True,
R000478,ETH,2024-11-19T18:17:39+00:00,2024-11-19T18:14:00+00:00,2024-11-18T18:10:00+00:00,2024-11-19T18:14:00+00:00,288,0,0.68525241999453168,True,
R000479,BTC,2024-11-19T19:01:52+00:00,2024-11-19T18:59:00+00:00,2024-11-18T18:55:00+00:00,2024-11-19T18:59:00+00:00,288,0,0.69730460966109509,True,
R000485,ETH,2024-11-20T01:04:57+00:00,2024-11-20T00:59:00+00:00,2024-11-19T00:55:00+00:00,2024-11-20T00:59:00+00:00,288,0,0.7627811840123282,True,
R000487,BTC,2024-11-20T03:02:56+00:00,2024-11-20T02:59:00+00:00,2024-11-19T02:55:00+00:00,2024-11-20T02:59:00+00:00,288,0,0.7646143961374553,True,
R000494,ETH,2024-11-20T18:38:51+00:00,2024-11-20T18:34:00+00:00,2024-11-19T18:30:00+00:00,2024-11-20T18:34:00+00:00,288,0,0.76220801406044292,True,
R000501,BTC,2024-11-21T06:23:49+00:00,2024-11-21T06:19:00+00:00,2024-11-20T06:15:00+00:00,2024-11-21T06:19:00+00:00,288,0,0.67677863282566608,True,
R000505,BTC,2024-11-21T09:10:31+00:00,2024-11-21T09:09:00+00:00,2024-11-20T09:05:00+00:00,2024-11-21T09:09:00+00:00,288,0,0.64680613301306367,True,
R000506,BTC,2024-11-21T11:07:01+00:00,2024-11-21T11:04:00+00:00,2024-11-20T11:00:00+00:00,2024-11-21T11:04:00+00:00,288,0,0.61710548238725305,True,
R000508,ETH,2024-11-21T14:46:30+00:00,2024-11-21T14:44:00+00:00,2024-11-20T14:40:00+00:00,2024-11-21T14:44:00+00:00,288,0,0.47785653243248666,True,
R000520,ETH,2024-11-22T07:30:05+00:00,2024-11-22T07:29:00+00:00,2024-11-21T07:25:00+00:00,2024-11-22T07:29:00+00:00,288,0,0.46323727027381045,True,
R000521,ETH,2024-11-22T10:21:16+00:00,2024-11-22T10:19:00+00:00,2024-11-21T10:15:00+00:00,2024-11-22T10:19:00+00:00,288,0,0.48482740903493732,True,
R000525,ETH,2024-11-22T13:24:22+00:00,2024-11-22T13:19:00+00:00,2024-11-21T13:15:00+00:00,2024-11-22T13:19:00+00:00,288,0,0.57276027380365679,True,
R000529,BTC,2024-11-22T21:09:06+00:00,2024-11-22T21:04:00+00:00,2024-11-21T21:00:00+00:00,2024-11-22T21:04:00+00:00,288,0,0.60975112671139919,True,
R000530,ETH,2024-11-22T21:49:37+00:00,2024-11-22T21:44:00+00:00,2024-11-21T21:40:00+00:00,2024-11-22T21:44:00+00:00,288,0,0.60983392711950368,True,
R000553,ETH,2024-11-24T14:05:06+00:00,2024-11-24T14:04:00+00:00,2024-11-23T14:00:00+00:00,2024-11-24T14:04:00+00:00,288,0,0.73789636154298122,True,
R000554,BTC,2024-11-24T14:36:50+00:00,2024-11-24T14:34:00+00:00,2024-11-23T14:30:00+00:00,2024-11-24T14:34:00+00:00,288,0,0.760744639170014,True,
R000574,BTC,2024-11-25T19:23:42+00:00,2024-11-25T19:19:00+00:00,2024-11-24T19:15:00+00:00,2024-11-25T19:19:00+00:00,288,0,0.65148507014079593,True,
R000586,ETH,2024-11-26T18:29:56+00:00,2024-11-26T18:24:00+00:00,2024-11-25T18:20:00+00:00,2024-11-26T18:24:00+00:00,288,0,0.83815730733782179,True,
R000590,ETH,2024-11-27T14:37:58+00:00,2024-11-27T14:34:00+00:00,2024-11-26T14:30:00+00:00,2024-11-27T14:34:00+00:00,288,0,0.70864556141024859,True,
R000592,ETH,2024-11-27T15:45:42+00:00,2024-11-27T15:44:00+00:00,2024-11-26T15:40:00+00:00,2024-11-27T15:44:00+00:00,288,0,0.67715017509324849,True,
R000601,BTC,2024-11-30T06:14:50+00:00,2024-11-30T06:09:00+00:00,2024-11-29T06:05:00+00:00,2024-11-30T06:09:00+00:00,288,0,0.60836951673266615,True,
R000604,ETH,2024-11-30T21:51:20+00:00,2024-11-30T21:49:00+00:00,2024-11-29T21:45:00+00:00,2024-11-30T21:49:00+00:00,288,0,0.52163424194209573,True,
R000606,BTC,2024-12-01T02:10:42+00:00,2024-12-01T02:09:00+00:00,2024-11-30T02:05:00+00:00,2024-12-01T02:09:00+00:00,288,0,0.54625168411982417,True,
R000607,BTC,2024-12-01T08:26:29+00:00,2024-12-01T08:24:00+00:00,2024-11-30T08:20:00+00:00,2024-12-01T08:24:00+00:00,288,0,0.65188657077581391,True,
R000652,BTC,2024-12-04T20:52:10+00:00,2024-12-04T20:49:00+00:00,2024-12-03T20:45:00+00:00,2024-12-04T20:49:00+00:00,288,0,0.53760058407384881,True,
R000657,BTC,2024-12-05T03:06:44+00:00,2024-12-05T03:04:00+00:00,2024-12-04T03:00:00+00:00,2024-12-05T03:04:00+00:00,288,0,0.625541674830563,True,
R000660,BTC,2024-12-05T12:55:23+00:00,2024-12-05T12:54:00+00:00,2024-12-04T12:50:00+00:00,2024-12-05T12:54:00+00:00,288,0,0.5171387753825718,True,
R000663,BTC,2024-12-05T15:01:10+00:00,2024-12-05T14:59:00+00:00,2024-12-04T14:55:00+00:00,2024-12-05T14:59:00+00:00,288,0,0.52114477656275093,True,
R000664,BTC,2024-12-05T15:23:07+00:00,2024-12-05T15:19:00+00:00,2024-12-04T15:15:00+00:00,2024-12-05T15:19:00+00:00,288,0,0.52737452530381179,True,
R000665,BTC,2024-12-05T18:16:48+00:00,2024-12-05T18:14:00+00:00,2024-12-04T18:10:00+00:00,2024-12-05T18:14:00+00:00,288,0,0.56453915001504884,True,
R000666,BTC,2024-12-05T20:10:30+00:00,2024-12-05T20:09:00+00:00,2024-12-04T20:05:00+00:00,2024-12-05T20:09:00+00:00,288,0,0.60299193074746804,True,
R000667,BTC,2024-12-05T22:26:45+00:00,2024-12-05T22:24:00+00:00,2024-12-04T22:20:00+00:00,2024-12-05T22:24:00+00:00,288,0,0.6287876566135493,True,
R000668,BTC,2024-12-05T23:12:26+00:00,2024-12-05T23:09:00+00:00,2024-12-04T23:05:00+00:00,2024-12-05T23:09:00+00:00,288,0,0.71459732636597428,True,
R000670,BTC,2024-12-06T00:41:38+00:00,2024-12-06T00:39:00+00:00,2024-12-05T00:35:00+00:00,2024-12-06T00:39:00+00:00,288,0,0.73500793216567062,True,
R000672,ETH,2024-12-06T02:01:05+00:00,2024-12-06T01:59:00+00:00,2024-12-05T01:55:00+00:00,2024-12-06T01:59:00+00:00,288,0,0.74094016350975767,True,
R000673,BTC,2024-12-06T02:34:20+00:00,2024-12-06T02:29:00+00:00,2024-12-05T02:25:00+00:00,2024-12-06T02:29:00+00:00,288,0,0.74126352331625955,True,
R000675,BTC,2024-12-06T09:51:57+00:00,2024-12-06T09:49:00+00:00,2024-12-05T09:45:00+00:00,2024-12-06T09:49:00+00:00,288,0,0.78269688090310241,True,
R000678,ETH,2024-12-06T15:52:46+00:00,2024-12-06T15:49:00+00:00,2024-12-05T15:45:00+00:00,2024-12-06T15:49:00+00:00,288,0,0.76156010595190249,True,
R000680,BTC,2024-12-06T17:43:01+00:00,2024-12-06T17:39:00+00:00,2024-12-05T17:35:00+00:00,2024-12-06T17:39:00+00:00,288,0,0.74687105657037556,True,
R000683,BTC,2024-12-06T23:21:48+00:00,2024-12-06T23:19:00+00:00,2024-12-05T23:15:00+00:00,2024-12-06T23:19:00+00:00,288,0,0.51931784925226954,True,
R000684,BTC,2024-12-07T00:22:35+00:00,2024-12-07T00:19:00+00:00,2024-12-06T00:15:00+00:00,2024-12-07T00:19:00+00:00,288,0,0.50432901269777797,True,
R000691,BTC,2024-12-08T23:49:59+00:00,2024-12-08T23:44:00+00:00,2024-12-07T23:40:00+00:00,2024-12-08T23:44:00+00:00,288,0,0.76789922264826926,True,
R000692,BTC,2024-12-09T00:34:20+00:00,2024-12-09T00:29:00+00:00,2024-12-08T00:25:00+00:00,2024-12-09T00:29:00+00:00,288,0,0.76740059778333702,True,
R000693,BTC,2024-12-09T03:54:16+00:00,2024-12-09T03:49:00+00:00,2024-12-08T03:45:00+00:00,2024-12-09T03:49:00+00:00,288,0,0.7967749332372992,True,
R000699,ETH,2024-12-09T19:52:14+00:00,2024-12-09T19:49:00+00:00,2024-12-08T19:45:00+00:00,2024-12-09T19:49:00+00:00,288,0,0.833372157638259,True,
R000701,ETH,2024-12-09T21:03:20+00:00,2024-12-09T20:59:00+00:00,2024-12-08T20:55:00+00:00,2024-12-09T20:59:00+00:00,288,0,0.83589089642792147,True,
R000702,ETH,2024-12-09T22:21:36+00:00,2024-12-09T22:19:00+00:00,2024-12-08T22:15:00+00:00,2024-12-09T22:19:00+00:00,288,0,0.84083151248817833,True,
R000703,BTC,2024-12-10T04:02:24+00:00,2024-12-10T03:59:00+00:00,2024-12-09T03:55:00+00:00,2024-12-10T03:59:00+00:00,288,0,0.85936500580990116,True,
R000705,BTC,2024-12-10T04:46:13+00:00,2024-12-10T04:44:00+00:00,2024-12-09T04:40:00+00:00,2024-12-10T04:44:00+00:00,288,0,0.8597660721925332,True,
R000706,ETH,2024-12-10T15:30:27+00:00,2024-12-10T15:29:00+00:00,2024-12-09T15:25:00+00:00,2024-12-10T15:29:00+00:00,288,0,0.87304408231505815,True,
R000709,BTC,2024-12-10T17:06:12+00:00,2024-12-10T17:04:00+00:00,2024-12-09T17:00:00+00:00,2024-12-10T17:04:00+00:00,288,0,0.87222738465187721,True,
R000714,BTC,2024-12-11T13:30:09+00:00,2024-12-11T13:29:00+00:00,2024-12-10T13:25:00+00:00,2024-12-11T13:29:00+00:00,288,0,0.88501248752703587,True,
R000716,ETH,2024-12-12T05:30:17+00:00,2024-12-12T05:29:00+00:00,2024-12-11T05:25:00+00:00,2024-12-12T05:29:00+00:00,288,0,0.76225612114664898,True,
R000718,ETH,2024-12-12T13:32:23+00:00,2024-12-12T13:29:00+00:00,2024-12-11T13:25:00+00:00,2024-12-12T13:29:00+00:00,288,0,0.73075419730435642,True,
R000720,BTC,2024-12-12T22:57:17+00:00,2024-12-12T22:54:00+00:00,2024-12-11T22:50:00+00:00,2024-12-12T22:54:00+00:00,288,0,0.77368822406795423,True,
R000722,BTC,2024-12-13T16:33:54+00:00,2024-12-13T16:29:00+00:00,2024-12-12T16:25:00+00:00,2024-12-13T16:29:00+00:00,288,0,0.76779466289630338,True,
R000725,ETH,2024-12-15T22:24:13+00:00,2024-12-15T22:19:00+00:00,2024-12-14T22:15:00+00:00,2024-12-15T22:19:00+00:00,288,0,0.75968196219135675,True,
R000726,BTC,2024-12-15T23:20:37+00:00,2024-12-15T23:19:00+00:00,2024-12-14T23:15:00+00:00,2024-12-15T23:19:00+00:00,288,0,0.770591788255516,True,
R000727,ETH,2024-12-15T23:57:00+00:00,2024-12-15T23:54:00+00:00,2024-12-14T23:50:00+00:00,2024-12-15T23:54:00+00:00,288,0,0.78097794944777621,True,
R000728,BTC,2024-12-16T00:34:04+00:00,2024-12-16T00:29:00+00:00,2024-12-15T00:25:00+00:00,2024-12-16T00:29:00+00:00,288,0,0.77219525659637145,True,
R000729,BTC,2024-12-16T00:55:04+00:00,2024-12-16T00:54:00+00:00,2024-12-15T00:50:00+00:00,2024-12-16T00:54:00+00:00,288,0,0.6948265122393098,True,
R000732,BTC,2024-12-17T03:43:04+00:00,2024-12-17T03:39:00+00:00,2024-12-16T03:35:00+00:00,2024-12-17T03:39:00+00:00,288,0,0.68368990905259497,True,
R000735,BTC,2024-12-17T20:34:46+00:00,2024-12-17T20:29:00+00:00,2024-12-16T20:25:00+00:00,2024-12-17T20:29:00+00:00,288,0,0.74564885076619347,True,
R000736,ETH,2024-12-17T22:24:50+00:00,2024-12-17T22:19:00+00:00,2024-12-16T22:15:00+00:00,2024-12-17T22:19:00+00:00,288,0,0.75992843391374998,True,
R000737,BTC,2024-12-18T02:08:20+00:00,2024-12-18T02:04:00+00:00,2024-12-17T02:00:00+00:00,2024-12-18T02:04:00+00:00,288,0,0.78427143372505181,True,
R000738,BTC,2024-12-18T03:08:28+00:00,2024-12-18T03:04:00+00:00,2024-12-17T03:00:00+00:00,2024-12-18T03:04:00+00:00,288,0,0.77960763258891352,True,
R000739,BTC,2024-12-18T05:42:52+00:00,2024-12-18T05:39:00+00:00,2024-12-17T05:35:00+00:00,2024-12-18T05:39:00+00:00,288,0,0.77802843239337882,True,
R000741,ETH,2024-12-18T20:49:57+00:00,2024-12-18T20:44:00+00:00,2024-12-17T20:40:00+00:00,2024-12-18T20:44:00+00:00,288,0,0.80567640865566981,True,
R000742,ETH,2024-12-18T23:05:46+00:00,2024-12-18T23:04:00+00:00,2024-12-17T23:00:00+00:00,2024-12-18T23:04:00+00:00,288,0,0.83512269128691241,True,
R000745,ETH,2024-12-19T17:31:16+00:00,2024-12-19T17:29:00+00:00,2024-12-18T17:25:00+00:00,2024-12-19T17:29:00+00:00,288,0,0.84924018098299969,True,
R000748,ETH,2024-12-19T20:11:01+00:00,2024-12-19T20:09:00+00:00,2024-12-18T20:05:00+00:00,2024-12-19T20:09:00+00:00,288,0,0.88238314087548075,True,
R000749,ETH,2024-12-19T20:35:48+00:00,2024-12-19T20:34:00+00:00,2024-12-18T20:30:00+00:00,2024-12-19T20:34:00+00:00,288,0,0.88375530294962878,True,
R000750,ETH,2024-12-19T21:46:40+00:00,2024-12-19T21:44:00+00:00,2024-12-18T21:40:00+00:00,2024-12-19T21:44:00+00:00,288,0,0.88449943196289393,True,
R000751,ETH,2024-12-19T22:20:24+00:00,2024-12-19T22:19:00+00:00,2024-12-18T22:15:00+00:00,2024-12-19T22:19:00+00:00,288,0,0.88526001496578777,True,
R000757,ETH,2024-12-20T10:14:55+00:00,2024-12-20T10:09:00+00:00,2024-12-19T10:05:00+00:00,2024-12-20T10:09:00+00:00,288,0,0.87469752964532521,True,
R000761,BTC,2024-12-20T14:31:49+00:00,2024-12-20T14:29:00+00:00,2024-12-19T14:25:00+00:00,2024-12-20T14:29:00+00:00,288,0,0.81449927799284749,True,
R000767,BTC,2024-12-22T18:28:11+00:00,2024-12-22T18:24:00+00:00,2024-12-21T18:20:00+00:00,2024-12-22T18:24:00+00:00,288,0,0.86299264123161568,True,
R000770,BTC,2024-12-25T12:44:15+00:00,2024-12-25T12:39:00+00:00,2024-12-24T12:35:00+00:00,2024-12-25T12:39:00+00:00,288,0,0.76160546419761743,True,
R000771,BTC,2024-12-26T08:01:56+00:00,2024-12-26T07:59:00+00:00,2024-12-25T07:55:00+00:00,2024-12-26T07:59:00+00:00,288,0,0.82943360967508495,True,
R000773,ETH,2024-12-27T07:39:27+00:00,2024-12-27T07:34:00+00:00,2024-12-26T07:30:00+00:00,2024-12-27T07:34:00+00:00,288,0,0.84198385651726393,True,
R000774,BTC,2024-12-27T09:05:46+00:00,2024-12-27T09:04:00+00:00,2024-12-26T09:00:00+00:00,2024-12-27T09:04:00+00:00,288,0,0.85949619969124391,True,
R000775,BTC,2024-12-29T14:30:47+00:00,2024-12-29T14:29:00+00:00,2024-12-28T14:25:00+00:00,2024-12-29T14:29:00+00:00,288,0,0.78075809481298264,True,
R000776,BTC,2024-12-30T14:35:31+00:00,2024-12-30T14:34:00+00:00,2024-12-29T14:30:00+00:00,2024-12-30T14:34:00+00:00,288,0,0.78193128872233164,True,
R000777,ETH,2024-12-30T21:40:22+00:00,2024-12-30T21:39:00+00:00,2024-12-29T21:35:00+00:00,2024-12-30T21:39:00+00:00,288,0,0.78583473600091613,True,
R000778,ETH,2024-12-31T00:03:33+00:00,2024-12-30T23:59:00+00:00,2024-12-29T23:55:00+00:00,2024-12-30T23:59:00+00:00,288,0,0.77707895600122689,True,
R000780,ETH,2025-01-03T15:46:18+00:00,2025-01-03T15:44:00+00:00,2025-01-02T15:40:00+00:00,2025-01-03T15:44:00+00:00,288,0,0.77215121834879175,True,
R000781,ETH,2025-01-07T14:59:14+00:00,2025-01-07T14:54:00+00:00,2025-01-06T14:50:00+00:00,2025-01-07T14:54:00+00:00,288,0,0.75575775566562287,True,
R000783,ETH,2025-01-07T17:46:45+00:00,2025-01-07T17:44:00+00:00,2025-01-06T17:40:00+00:00,2025-01-07T17:44:00+00:00,288,0,0.71258477369339657,True,
R000784,ETH,2025-01-07T19:40:47+00:00,2025-01-07T19:39:00+00:00,2025-01-06T19:35:00+00:00,2025-01-07T19:39:00+00:00,288,0,0.72860000052059359,True,
R000785,ETH,2025-01-07T21:54:53+00:00,2025-01-07T21:49:00+00:00,2025-01-06T21:45:00+00:00,2025-01-07T21:49:00+00:00,288,0,0.72999281030471275,True,
R000786,ETH,2025-01-08T06:40:10+00:00,2025-01-08T06:39:00+00:00,2025-01-07T06:35:00+00:00,2025-01-08T06:39:00+00:00,288,0,0.76469095294789446,True,
R000787,ETH,2025-01-08T17:03:41+00:00,2025-01-08T16:59:00+00:00,2025-01-07T16:55:00+00:00,2025-01-08T16:59:00+00:00,288,0,0.81777939363681273,True,
R000788,ETH,2025-01-09T08:08:07+00:00,2025-01-09T08:04:00+00:00,2025-01-08T08:00:00+00:00,2025-01-09T08:04:00+00:00,288,0,0.87538774618933102,True,
R000789,BTC,2025-01-09T13:37:20+00:00,2025-01-09T13:34:00+00:00,2025-01-08T13:30:00+00:00,2025-01-09T13:34:00+00:00,288,0,0.86705191104740764,True,
R000790,ETH,2025-01-09T13:54:04+00:00,2025-01-09T13:49:00+00:00,2025-01-08T13:45:00+00:00,2025-01-09T13:49:00+00:00,288,0,0.86864027526726229,True,
R000791,ETH,2025-01-09T19:59:14+00:00,2025-01-09T19:54:00+00:00,2025-01-08T19:50:00+00:00,2025-01-09T19:54:00+00:00,288,0,0.87844577933160184,True,
R000792,BTC,2025-01-09T20:21:47+00:00,2025-01-09T20:19:00+00:00,2025-01-08T20:15:00+00:00,2025-01-09T20:19:00+00:00,288,0,0.86791919402558437,True,
R000793,ETH,2025-01-10T13:30:02+00:00,2025-01-10T13:29:00+00:00,2025-01-09T13:25:00+00:00,2025-01-10T13:29:00+00:00,288,0,0.86272965768717214,True,
R000794,BTC,2025-01-10T17:56:34+00:00,2025-01-10T17:54:00+00:00,2025-01-09T17:50:00+00:00,2025-01-10T17:54:00+00:00,288,0,0.90221088630112389,True,
R000796,ETH,2025-01-13T09:33:21+00:00,2025-01-13T09:29:00+00:00,2025-01-12T09:25:00+00:00,2025-01-13T09:29:00+00:00,288,0,0.87945788632893707,True,
R000797,ETH,2025-01-13T11:32:56+00:00,2025-01-13T11:29:00+00:00,2025-01-12T11:25:00+00:00,2025-01-13T11:29:00+00:00,288,0,0.86282885636088247,True,
R000798,ETH,2025-01-13T14:33:12+00:00,2025-01-13T14:29:00+00:00,2025-01-12T14:25:00+00:00,2025-01-13T14:29:00+00:00,288,0,0.88231509173056633,True,
R000799,ETH,2025-01-13T20:51:54+00:00,2025-01-13T20:49:00+00:00,2025-01-12T20:45:00+00:00,2025-01-13T20:49:00+00:00,288,0,0.87810934061621126,True,
R000800,ETH,2025-01-14T13:30:02+00:00,2025-01-14T13:29:00+00:00,2025-01-13T13:25:00+00:00,2025-01-14T13:29:00+00:00,288,0,0.84073627364526715,True,
R000802,BTC,2025-01-15T13:30:02+00:00,2025-01-15T13:29:00+00:00,2025-01-14T13:25:00+00:00,2025-01-15T13:29:00+00:00,288,0,0.8638564164382565,True,
R000810,ETH,2025-01-16T13:29:57+00:00,2025-01-16T13:24:00+00:00,2025-01-15T13:20:00+00:00,2025-01-16T13:24:00+00:00,288,0,0.83789410605383829,True,
R000811,ETH,2025-01-16T14:43:03+00:00,2025-01-16T14:39:00+00:00,2025-01-15T14:35:00+00:00,2025-01-16T14:39:00+00:00,288,0,0.78661781416720156,True,
R000812,ETH,2025-01-17T10:12:45+00:00,2025-01-17T10:09:00+00:00,2025-01-16T10:05:00+00:00,2025-01-17T10:09:00+00:00,288,0,0.81250398778011412,True,
R000821,ETH,2025-01-18T10:13:59+00:00,2025-01-18T10:09:00+00:00,2025-01-17T10:05:00+00:00,2025-01-18T10:09:00+00:00,288,0,0.65153878018148348,True,
R000822,ETH,2025-01-18T11:41:29+00:00,2025-01-18T11:39:00+00:00,2025-01-17T11:35:00+00:00,2025-01-18T11:39:00+00:00,288,0,0.68061447926824648,True,
R000840,ETH,2025-01-19T15:24:00+00:00,2025-01-19T15:19:00+00:00,2025-01-18T15:15:00+00:00,2025-01-19T15:19:00+00:00,288,0,0.43145239107754102,True,
R000843,ETH,2025-01-19T20:50:26+00:00,2025-01-19T20:49:00+00:00,2025-01-18T20:45:00+00:00,2025-01-19T20:49:00+00:00,288,0,0.31550456420695117,True,
R000853,BTC,2025-01-20T09:06:05+00:00,2025-01-20T09:04:00+00:00,2025-01-19T09:00:00+00:00,2025-01-20T09:04:00+00:00,288,0,0.65020357794139017,True,
R000854,BTC,2025-01-20T09:21:47+00:00,2025-01-20T09:19:00+00:00,2025-01-19T09:15:00+00:00,2025-01-20T09:19:00+00:00,288,0,0.65265494403306867,True,
R000855,BTC,2025-01-20T12:13:58+00:00,2025-01-20T12:09:00+00:00,2025-01-19T12:05:00+00:00,2025-01-20T12:09:00+00:00,288,0,0.64178538800065599,True,
R000856,BTC,2025-01-20T15:56:47+00:00,2025-01-20T15:54:00+00:00,2025-01-19T15:50:00+00:00,2025-01-20T15:54:00+00:00,288,0,0.74097022004779745,True,
R000857,BTC,2025-01-20T17:04:25+00:00,2025-01-20T16:59:00+00:00,2025-01-19T16:55:00+00:00,2025-01-20T16:59:00+00:00,288,0,0.74421044154215898,True,
R000858,BTC,2025-01-20T23:07:22+00:00,2025-01-20T23:04:00+00:00,2025-01-19T23:00:00+00:00,2025-01-20T23:04:00+00:00,288,0,0.82251295811121761,True,
R000860,BTC,2025-01-21T00:17:46+00:00,2025-01-21T00:14:00+00:00,2025-01-20T00:10:00+00:00,2025-01-21T00:14:00+00:00,288,0,0.83337365614241476,True,
R000866,BTC,2025-01-21T16:10:49+00:00,2025-01-21T16:09:00+00:00,2025-01-20T16:05:00+00:00,2025-01-21T16:09:00+00:00,288,0,0.88816543824141936,True,
R000869,ETH,2025-01-22T07:21:43+00:00,2025-01-22T07:19:00+00:00,2025-01-21T07:15:00+00:00,2025-01-22T07:19:00+00:00,288,0,0.74728846444584729,True,
R000875,ETH,2025-01-23T04:38:39+00:00,2025-01-23T04:34:00+00:00,2025-01-22T04:30:00+00:00,2025-01-23T04:34:00+00:00,288,0,0.75849333274307185,True,
R000876,BTC,2025-01-23T15:07:46+00:00,2025-01-23T15:04:00+00:00,2025-01-22T15:00:00+00:00,2025-01-23T15:04:00+00:00,288,0,0.79219645250656257,True,
R000877,BTC,2025-01-23T20:11:12+00:00,2025-01-23T20:09:00+00:00,2025-01-22T20:05:00+00:00,2025-01-23T20:09:00+00:00,288,0,0.81421629377149374,True,
R000878,BTC,2025-01-23T20:58:31+00:00,2025-01-23T20:54:00+00:00,2025-01-22T20:50:00+00:00,2025-01-23T20:54:00+00:00,288,0,0.79085049859007173,True,
R000888,BTC,2025-01-27T14:31:26+00:00,2025-01-27T14:29:00+00:00,2025-01-26T14:25:00+00:00,2025-01-27T14:29:00+00:00,288,0,0.84285747364231178,True,
R000894,ETH,2025-02-02T17:32:05+00:00,2025-02-02T17:29:00+00:00,2025-02-01T17:25:00+00:00,2025-02-02T17:29:00+00:00,288,0,0.81433317603705557,True,
R000896,ETH,2025-02-02T22:31:40+00:00,2025-02-02T22:29:00+00:00,2025-02-01T22:25:00+00:00,2025-02-02T22:29:00+00:00,288,0,0.82405861353944743,True,
R000898,BTC,2025-02-03T00:25:07+00:00,2025-02-03T00:24:00+00:00,2025-02-02T00:20:00+00:00,2025-02-03T00:24:00+00:00,288,0,0.82725139555801885,True,
R000900,ETH,2025-02-03T02:36:41+00:00,2025-02-03T02:34:00+00:00,2025-02-02T02:30:00+00:00,2025-02-03T02:34:00+00:00,288,0,0.58263463095961476,True,
R000904,BTC,2025-02-03T05:26:13+00:00,2025-02-03T05:24:00+00:00,2025-02-02T05:20:00+00:00,2025-02-03T05:24:00+00:00,288,0,0.58669113711689103,True,
R000905,BTC,2025-02-03T09:27:04+00:00,2025-02-03T09:24:00+00:00,2025-02-02T09:20:00+00:00,2025-02-03T09:24:00+00:00,288,0,0.60403676829963537,True,
R000906,ETH,2025-02-03T10:18:24+00:00,2025-02-03T10:14:00+00:00,2025-02-02T10:10:00+00:00,2025-02-03T10:14:00+00:00,288,0,0.6029305510412023,True,
R000907,ETH,2025-02-03T14:35:00+00:00,2025-02-03T14:34:00+00:00,2025-02-02T14:30:00+00:00,2025-02-03T14:34:00+00:00,288,0,0.62817832370469806,True,
R000910,ETH,2025-02-03T16:51:18+00:00,2025-02-03T16:49:00+00:00,2025-02-02T16:45:00+00:00,2025-02-03T16:49:00+00:00,288,0,0.6396964113831245,True,
R000911,BTC,2025-02-03T17:49:48+00:00,2025-02-03T17:44:00+00:00,2025-02-02T17:40:00+00:00,2025-02-03T17:44:00+00:00,288,0,0.64032194529295705,True,
R000912,ETH,2025-02-03T22:02:41+00:00,2025-02-03T21:59:00+00:00,2025-02-02T21:55:00+00:00,2025-02-03T21:59:00+00:00,288,0,0.63387017391486966,True,
R000913,ETH,2025-02-03T22:27:29+00:00,2025-02-03T22:24:00+00:00,2025-02-02T22:20:00+00:00,2025-02-03T22:24:00+00:00,288,0,0.63468583548726687,True,
R000914,ETH,2025-02-04T16:13:24+00:00,2025-02-04T16:09:00+00:00,2025-02-03T16:05:00+00:00,2025-02-04T16:09:00+00:00,288,0,0.77507595719401889,True,
R000915,ETH,2025-02-04T17:14:21+00:00,2025-02-04T17:09:00+00:00,2025-02-03T17:05:00+00:00,2025-02-04T17:09:00+00:00,288,0,0.77577750112796628,True,
R000916,ETH,2025-02-04T23:12:08+00:00,2025-02-04T23:09:00+00:00,2025-02-03T23:05:00+00:00,2025-02-04T23:09:00+00:00,288,0,0.82544606861225545,True,
R000917,ETH,2025-02-05T01:03:50+00:00,2025-02-05T00:59:00+00:00,2025-02-04T00:55:00+00:00,2025-02-05T00:59:00+00:00,288,0,0.82768486066124747,True,
R000920,BTC,2025-02-07T13:30:02+00:00,2025-02-07T13:29:00+00:00,2025-02-06T13:25:00+00:00,2025-02-07T13:29:00+00:00,288,0,0.74831790628585648,True,
R000921,ETH,2025-02-09T03:44:28+00:00,2025-02-09T03:39:00+00:00,2025-02-08T03:35:00+00:00,2025-02-09T03:39:00+00:00,288,0,0.73595474032023067,True,
R000922,BTC,2025-02-09T21:37:23+00:00,2025-02-09T21:34:00+00:00,2025-02-08T21:30:00+00:00,2025-02-09T21:34:00+00:00,288,0,0.76604499334695708,True,
R000923,BTC,2025-02-09T22:41:06+00:00,2025-02-09T22:39:00+00:00,2025-02-08T22:35:00+00:00,2025-02-09T22:39:00+00:00,288,0,0.80237867042129307,True,
R000924,ETH,2025-02-10T01:41:42+00:00,2025-02-10T01:39:00+00:00,2025-02-09T01:35:00+00:00,2025-02-10T01:39:00+00:00,288,0,0.83659322658669655,True,
R000926,ETH,2025-02-11T00:37:32+00:00,2025-02-11T00:34:00+00:00,2025-02-10T00:30:00+00:00,2025-02-11T00:34:00+00:00,288,0,0.82260895951395008,True,
R000928,ETH,2025-02-11T22:57:57+00:00,2025-02-11T22:54:00+00:00,2025-02-10T22:50:00+00:00,2025-02-11T22:54:00+00:00,288,0,0.79006111280063851,True,
R000929,BTC,2025-02-12T13:30:03+00:00,2025-02-12T13:29:00+00:00,2025-02-11T13:25:00+00:00,2025-02-12T13:29:00+00:00,288,0,0.83734100657689547,True,
R000931,ETH,2025-02-12T22:20:15+00:00,2025-02-12T22:19:00+00:00,2025-02-11T22:15:00+00:00,2025-02-12T22:19:00+00:00,288,0,0.87616239139477203,True,
R000932,ETH,2025-02-13T13:30:02+00:00,2025-02-13T13:29:00+00:00,2025-02-12T13:25:00+00:00,2025-02-13T13:29:00+00:00,288,0,0.83291982448627533,True,
R000935,ETH,2025-02-15T14:36:38+00:00,2025-02-15T14:34:00+00:00,2025-02-14T14:30:00+00:00,2025-02-15T14:34:00+00:00,288,0,0.80902006382286806,True,
R000937,ETH,2025-02-16T23:00:42+00:00,2025-02-16T22:59:00+00:00,2025-02-15T22:55:00+00:00,2025-02-16T22:59:00+00:00,288,0,0.77447559823380696,True,
R000939,ETH,2025-02-17T14:10:21+00:00,2025-02-17T14:09:00+00:00,2025-02-16T14:05:00+00:00,2025-02-17T14:09:00+00:00,288,0,0.71083447458478055,True,
R000940,BTC,2025-02-17T15:48:00+00:00,2025-02-17T15:44:00+00:00,2025-02-16T15:40:00+00:00,2025-02-17T15:44:00+00:00,288,0,0.72937528958186715,True,
R000942,BTC,2025-02-18T08:48:33+00:00,2025-02-18T08:44:00+00:00,2025-02-17T08:40:00+00:00,2025-02-18T08:44:00+00:00,288,0,0.74241454917798821,True,
R000943,ETH,2025-02-18T18:51:17+00:00,2025-02-18T18:49:00+00:00,2025-02-17T18:45:00+00:00,2025-02-18T18:49:00+00:00,288,0,0.81503924454471144,True,
R000945,ETH,2025-02-21T09:16:48+00:00,2025-02-21T09:14:00+00:00,2025-02-20T09:10:00+00:00,2025-02-21T09:14:00+00:00,288,0,0.71971084605910274,True,
R000946,ETH,2025-02-21T15:33:29+00:00,2025-02-21T15:29:00+00:00,2025-02-20T15:25:00+00:00,2025-02-21T15:29:00+00:00,288,0,0.78301980884636513,True,
R000948,ETH,2025-02-23T07:19:13+00:00,2025-02-23T07:14:00+00:00,2025-02-22T07:10:00+00:00,2025-02-23T07:14:00+00:00,288,0,0.52070285833981822,True,
R000949,ETH,2025-02-23T23:15:04+00:00,2025-02-23T23:14:00+00:00,2025-02-22T23:10:00+00:00,2025-02-23T23:14:00+00:00,288,0,0.58903767165883847,True,
R000956,ETH,2025-02-25T07:06:52+00:00,2025-02-25T07:04:00+00:00,2025-02-24T07:00:00+00:00,2025-02-25T07:04:00+00:00,288,0,0.827608255334778,True,
R000958,ETH,2025-02-25T11:48:47+00:00,2025-02-25T11:44:00+00:00,2025-02-24T11:40:00+00:00,2025-02-25T11:44:00+00:00,288,0,0.80000489017329346,True,
R000959,ETH,2025-02-25T14:33:39+00:00,2025-02-25T14:29:00+00:00,2025-02-24T14:25:00+00:00,2025-02-25T14:29:00+00:00,288,0,0.80127003333561952,True,
R000960,BTC,2025-02-25T15:00:44+00:00,2025-02-25T14:59:00+00:00,2025-02-24T14:55:00+00:00,2025-02-25T14:59:00+00:00,288,0,0.79389606915802535,True,
R000965,BTC,2025-02-26T15:00:06+00:00,2025-02-26T14:59:00+00:00,2025-02-25T14:55:00+00:00,2025-02-26T14:59:00+00:00,288,0,0.85749424779739314,True,
R000966,ETH,2025-02-26T18:29:36+00:00,2025-02-26T18:24:00+00:00,2025-02-25T18:20:00+00:00,2025-02-26T18:24:00+00:00,288,0,0.85821287166559623,True,
R000967,ETH,2025-02-28T01:30:47+00:00,2025-02-28T01:29:00+00:00,2025-02-27T01:25:00+00:00,2025-02-28T01:29:00+00:00,288,0,0.79846851972110411,True,
R000968,BTC,2025-02-28T02:33:10+00:00,2025-02-28T02:29:00+00:00,2025-02-27T02:25:00+00:00,2025-02-28T02:29:00+00:00,288,0,0.85963330244288749,True,
R000969,ETH,2025-02-28T04:05:01+00:00,2025-02-28T04:04:00+00:00,2025-02-27T04:00:00+00:00,2025-02-28T04:04:00+00:00,288,0,0.89630604356728039,True,
R000970,ETH,2025-02-28T06:46:52+00:00,2025-02-28T06:44:00+00:00,2025-02-27T06:40:00+00:00,2025-02-28T06:44:00+00:00,288,0,0.9013034821561855,True,
R000974,ETH,2025-02-28T13:30:25+00:00,2025-02-28T13:29:00+00:00,2025-02-27T13:25:00+00:00,2025-02-28T13:29:00+00:00,288,0,0.89608316596691129,True,
R000977,BTC,2025-03-01T21:57:19+00:00,2025-03-01T21:54:00+00:00,2025-02-28T21:50:00+00:00,2025-03-01T21:54:00+00:00,288,0,0.77318494062296972,True,
R000980,ETH,2025-03-02T17:43:39+00:00,2025-03-02T17:39:00+00:00,2025-03-01T17:35:00+00:00,2025-03-02T17:39:00+00:00,288,0,0.79589346185326437,True,
R000981,ETH,2025-03-02T18:25:12+00:00,2025-03-02T18:24:00+00:00,2025-03-01T18:20:00+00:00,2025-03-02T18:24:00+00:00,288,0,0.80865713480717982,True,
R000983,BTC,2025-03-02T23:18:15+00:00,2025-03-02T23:14:00+00:00,2025-03-01T23:10:00+00:00,2025-03-02T23:14:00+00:00,288,0,0.79967954772974503,True,
R000984,ETH,2025-03-03T06:40:17+00:00,2025-03-03T06:39:00+00:00,2025-03-02T06:35:00+00:00,2025-03-03T06:39:00+00:00,288,0,0.80316792934109538,True,
R000986,BTC,2025-03-03T14:53:08+00:00,2025-03-03T14:49:00+00:00,2025-03-02T14:45:00+00:00,2025-03-03T14:49:00+00:00,288,0,0.81105430759637032,True,
R000988,BTC,2025-03-03T18:48:05+00:00,2025-03-03T18:44:00+00:00,2025-03-02T18:40:00+00:00,2025-03-03T18:44:00+00:00,288,0,0.86545868909578427,True,
R000992,BTC,2025-03-04T01:38:22+00:00,2025-03-04T01:34:00+00:00,2025-03-03T01:30:00+00:00,2025-03-04T01:34:00+00:00,288,0,0.86984375116123491,True,
R000995,BTC,2025-03-04T15:20:26+00:00,2025-03-04T15:19:00+00:00,2025-03-03T15:15:00+00:00,2025-03-04T15:19:00+00:00,288,0,0.88504736519590066,True,
R000997,ETH,2025-03-04T17:20:00+00:00,2025-03-04T17:19:00+00:00,2025-03-03T17:15:00+00:00,2025-03-04T17:19:00+00:00,288,0,0.87718073511938,True,
R001001,BTC,2025-03-05T15:00:01+00:00,2025-03-05T14:59:00+00:00,2025-03-04T14:55:00+00:00,2025-03-05T14:59:00+00:00,288,0,0.79857267586615932,True,
R001007,BTC,2025-03-07T00:15:30+00:00,2025-03-07T00:14:00+00:00,2025-03-06T00:10:00+00:00,2025-03-07T00:14:00+00:00,288,0,0.85403510220493917,True,
R001008,BTC,2025-03-07T01:40:40+00:00,2025-03-07T01:39:00+00:00,2025-03-06T01:35:00+00:00,2025-03-07T01:39:00+00:00,288,0,0.89056059797583986,True,
R001009,BTC,2025-03-07T09:21:42+00:00,2025-03-07T09:19:00+00:00,2025-03-06T09:15:00+00:00,2025-03-07T09:19:00+00:00,288,0,0.89003422654631192,True,
R001011,BTC,2025-03-07T13:30:01+00:00,2025-03-07T13:29:00+00:00,2025-03-06T13:25:00+00:00,2025-03-07T13:29:00+00:00,288,0,0.88182327483708745,True,
R001014,BTC,2025-03-07T20:56:49+00:00,2025-03-07T20:54:00+00:00,2025-03-06T20:50:00+00:00,2025-03-07T20:54:00+00:00,288,0,0.89604254791166382,True,
R001015,BTC,2025-03-08T01:33:36+00:00,2025-03-08T01:29:00+00:00,2025-03-07T01:25:00+00:00,2025-03-08T01:29:00+00:00,288,0,0.88544507774993542,True,
R001016,BTC,2025-03-09T12:06:12+00:00,2025-03-09T12:04:00+00:00,2025-03-08T12:00:00+00:00,2025-03-09T12:04:00+00:00,288,0,0.68355955567261806,True,
R001017,BTC,2025-03-09T13:59:48+00:00,2025-03-09T13:54:00+00:00,2025-03-08T13:50:00+00:00,2025-03-09T13:54:00+00:00,288,0,0.64615592982635695,True,
R001018,ETH,2025-03-09T15:46:09+00:00,2025-03-09T15:44:00+00:00,2025-03-08T15:40:00+00:00,2025-03-09T15:44:00+00:00,288,0,0.69794917050021488,True,
R001021,BTC,2025-03-09T21:23:21+00:00,2025-03-09T21:19:00+00:00,2025-03-08T21:15:00+00:00,2025-03-09T21:19:00+00:00,288,0,0.79577514656820159,True,
R001022,BTC,2025-03-09T22:55:36+00:00,2025-03-09T22:54:00+00:00,2025-03-08T22:50:00+00:00,2025-03-09T22:54:00+00:00,288,0,0.7852365366102485,True,
R001023,ETH,2025-03-10T14:03:52+00:00,2025-03-10T13:59:00+00:00,2025-03-09T13:55:00+00:00,2025-03-10T13:59:00+00:00,288,0,0.85394967404726863,True,
R001024,ETH,2025-03-10T17:03:48+00:00,2025-03-10T16:59:00+00:00,2025-03-09T16:55:00+00:00,2025-03-10T16:59:00+00:00,288,0,0.8720707213751111,True,
R001027,BTC,2025-03-10T20:56:21+00:00,2025-03-10T20:54:00+00:00,2025-03-09T20:50:00+00:00,2025-03-10T20:54:00+00:00,288,0,0.83860529071282153,True,
R001028,ETH,2025-03-11T00:51:09+00:00,2025-03-11T00:49:00+00:00,2025-03-10T00:45:00+00:00,2025-03-11T00:49:00+00:00,288,0,0.84992804373212616,True,
R001031,ETH,2025-03-11T13:27:14+00:00,2025-03-11T13:24:00+00:00,2025-03-10T13:20:00+00:00,2025-03-11T13:24:00+00:00,288,0,0.83721109314610775,True,
R001032,ETH,2025-03-11T14:08:43+00:00,2025-03-11T14:04:00+00:00,2025-03-10T14:00:00+00:00,2025-03-11T14:04:00+00:00,288,0,0.8266419431494213,True,
R001035,ETH,2025-03-11T18:21:53+00:00,2025-03-11T18:19:00+00:00,2025-03-10T18:15:00+00:00,2025-03-11T18:19:00+00:00,288,0,0.85144995867299245,True,
R001036,ETH,2025-03-12T08:16:51+00:00,2025-03-12T08:14:00+00:00,2025-03-11T08:10:00+00:00,2025-03-12T08:14:00+00:00,288,0,0.86138847598744939,True,
R001037,ETH,2025-03-12T09:08:26+00:00,2025-03-12T09:04:00+00:00,2025-03-11T09:00:00+00:00,2025-03-12T09:04:00+00:00,288,0,0.84111230400239967,True,
R001039,BTC,2025-03-12T12:30:02+00:00,2025-03-12T12:29:00+00:00,2025-03-11T12:25:00+00:00,2025-03-12T12:29:00+00:00,288,0,0.82243410972968145,True,
R001040,BTC,2025-03-12T13:52:28+00:00,2025-03-12T13:49:00+00:00,2025-03-11T13:45:00+00:00,2025-03-12T13:49:00+00:00,288,0,0.82292455867725089,True,
R001041,BTC,2025-03-12T14:32:35+00:00,2025-03-12T14:29:00+00:00,2025-03-11T14:25:00+00:00,2025-03-12T14:29:00+00:00,288,0,0.79105067666576001,True,
R001042,BTC,2025-03-12T15:23:55+00:00,2025-03-12T15:19:00+00:00,2025-03-11T15:15:00+00:00,2025-03-12T15:19:00+00:00,288,0,0.75201279963718504,True,
R001047,BTC,2025-03-13T12:30:02+00:00,2025-03-13T12:29:00+00:00,2025-03-12T12:25:00+00:00,2025-03-13T12:29:00+00:00,288,0,0.78582838428028745,True,
R001048,ETH,2025-03-14T14:00:05+00:00,2025-03-14T13:59:00+00:00,2025-03-13T13:55:00+00:00,2025-03-14T13:59:00+00:00,288,0,0.800715043772949,True,
R001051,ETH,2025-03-14T15:53:32+00:00,2025-03-14T15:49:00+00:00,2025-03-13T15:45:00+00:00,2025-03-14T15:49:00+00:00,288,0,0.7765658107028367,True,
R001053,ETH,2025-03-16T11:17:57+00:00,2025-03-16T11:14:00+00:00,2025-03-15T11:10:00+00:00,2025-03-16T11:14:00+00:00,288,0,0.75320058951603974,True,
R001054,BTC,2025-03-16T16:08:33+00:00,2025-03-16T16:04:00+00:00,2025-03-15T16:00:00+00:00,2025-03-16T16:04:00+00:00,288,0,0.80328728363757385,True,
R001055,ETH,2025-03-17T12:30:16+00:00,2025-03-17T12:29:00+00:00,2025-03-16T12:25:00+00:00,2025-03-17T12:29:00+00:00,288,0,0.83724174456987643,True,
R001057,ETH,2025-03-19T10:31:03+00:00,2025-03-19T10:29:00+00:00,2025-03-18T10:25:00+00:00,2025-03-19T10:29:00+00:00,288,0,0.82322986626511663,True,
R001058,ETH,2025-03-19T11:10:27+00:00,2025-03-19T11:09:00+00:00,2025-03-18T11:05:00+00:00,2025-03-19T11:09:00+00:00,288,0,0.69665445931613901,True,
R001060,ETH,2025-03-19T14:09:34+00:00,2025-03-19T14:04:00+00:00,2025-03-18T14:00:00+00:00,2025-03-19T14:04:00+00:00,288,0,0.63612460245316826,True,
R001062,ETH,2025-03-19T18:00:01+00:00,2025-03-19T17:59:00+00:00,2025-03-18T17:55:00+00:00,2025-03-19T17:59:00+00:00,288,0,0.62954012399018933,True,
R001063,BTC,2025-03-19T18:53:58+00:00,2025-03-19T18:49:00+00:00,2025-03-18T18:45:00+00:00,2025-03-19T18:49:00+00:00,288,0,0.63819250649196513,True,
R001065,BTC,2025-03-20T00:04:07+00:00,2025-03-19T23:59:00+00:00,2025-03-18T23:55:00+00:00,2025-03-19T23:59:00+00:00,288,0,0.66944416938481532,True,
R001066,ETH,2025-03-21T12:41:22+00:00,2025-03-21T12:39:00+00:00,2025-03-20T12:35:00+00:00,2025-03-21T12:39:00+00:00,288,0,0.83392199367463782,True,
R001068,ETH,2025-03-24T06:08:01+00:00,2025-03-24T06:04:00+00:00,2025-03-23T06:00:00+00:00,2025-03-24T06:04:00+00:00,288,0,0.71454417534559089,True,
R001069,ETH,2025-03-24T08:19:39+00:00,2025-03-24T08:14:00+00:00,2025-03-23T08:10:00+00:00,2025-03-24T08:14:00+00:00,288,0,0.70094944704244022,True,
R001072,BTC,2025-03-25T20:06:31+00:00,2025-03-25T20:04:00+00:00,2025-03-24T20:00:00+00:00,2025-03-25T20:04:00+00:00,288,0,0.82622068070854804,True,
R001075,ETH,2025-03-26T05:42:38+00:00,2025-03-26T05:39:00+00:00,2025-03-25T05:35:00+00:00,2025-03-26T05:39:00+00:00,288,0,0.7986728629833777,True,
R001079,ETH,2025-03-28T04:39:39+00:00,2025-03-28T04:34:00+00:00,2025-03-27T04:30:00+00:00,2025-03-28T04:34:00+00:00,288,0,0.82820808640459853,True,
R001080,ETH,2025-03-28T11:25:14+00:00,2025-03-28T11:24:00+00:00,2025-03-27T11:20:00+00:00,2025-03-28T11:24:00+00:00,288,0,0.71306398814681138,True,
R001085,ETH,2025-03-29T11:23:21+00:00,2025-03-29T11:19:00+00:00,2025-03-28T11:15:00+00:00,2025-03-29T11:19:00+00:00,288,0,0.78581566083751575,True,
R001086,ETH,2025-03-29T16:46:39+00:00,2025-03-29T16:44:00+00:00,2025-03-28T16:40:00+00:00,2025-03-29T16:44:00+00:00,288,0,0.79901451987237726,True,
R001087,ETH,2025-03-29T17:15:09+00:00,2025-03-29T17:14:00+00:00,2025-03-28T17:10:00+00:00,2025-03-29T17:14:00+00:00,288,0,0.78759844778840993,True,
R001088,ETH,2025-03-30T13:32:15+00:00,2025-03-30T13:29:00+00:00,2025-03-29T13:25:00+00:00,2025-03-30T13:29:00+00:00,288,0,0.82894700692783685,True,
R001089,ETH,2025-03-30T16:37:24+00:00,2025-03-30T16:34:00+00:00,2025-03-29T16:30:00+00:00,2025-03-30T16:34:00+00:00,288,0,0.81687690009755132,True,
R001090,ETH,2025-03-30T22:07:42+00:00,2025-03-30T22:04:00+00:00,2025-03-29T22:00:00+00:00,2025-03-30T22:04:00+00:00,288,0,0.81625134246886755,True,
R001092,ETH,2025-03-31T12:51:28+00:00,2025-03-31T12:49:00+00:00,2025-03-30T12:45:00+00:00,2025-03-31T12:49:00+00:00,288,0,0.85412793988412805,True,
R001093,ETH,2025-04-01T00:52:09+00:00,2025-04-01T00:49:00+00:00,2025-03-31T00:45:00+00:00,2025-04-01T00:49:00+00:00,288,0,0.83501475798212077,True,
R001098,BTC,2025-04-02T20:08:37+00:00,2025-04-02T20:04:00+00:00,2025-04-01T20:00:00+00:00,2025-04-02T20:04:00+00:00,288,0,0.83998024391906667,True,
R001103,ETH,2025-04-03T12:43:39+00:00,2025-04-03T12:39:00+00:00,2025-04-02T12:35:00+00:00,2025-04-03T12:39:00+00:00,288,0,0.8698108656108432,True,
R001104,BTC,2025-04-03T14:00:01+00:00,2025-04-03T13:59:00+00:00,2025-04-02T13:55:00+00:00,2025-04-03T13:59:00+00:00,288,0,0.86140673938556644,True,
R001108,ETH,2025-04-06T13:46:04+00:00,2025-04-06T13:44:00+00:00,2025-04-05T13:40:00+00:00,2025-04-06T13:44:00+00:00,288,0,0.78849091676520611,True,
R001109,ETH,2025-04-06T16:59:15+00:00,2025-04-06T16:54:00+00:00,2025-04-05T16:50:00+00:00,2025-04-06T16:54:00+00:00,288,0,0.78356332816547924,True,
R001110,ETH,2025-04-06T17:27:14+00:00,2025-04-06T17:24:00+00:00,2025-04-05T17:20:00+00:00,2025-04-06T17:24:00+00:00,288,0,0.79235740142955469,True,
R001112,ETH,2025-04-06T20:34:33+00:00,2025-04-06T20:29:00+00:00,2025-04-05T20:25:00+00:00,2025-04-06T20:29:00+00:00,288,0,0.79501487217595079,True,
R001114,ETH,2025-04-07T06:34:33+00:00,2025-04-07T06:29:00+00:00,2025-04-06T06:25:00+00:00,2025-04-07T06:29:00+00:00,288,0,0.79966081694177327,True,
R001115,ETH,2025-04-07T08:54:27+00:00,2025-04-07T08:49:00+00:00,2025-04-06T08:45:00+00:00,2025-04-07T08:49:00+00:00,288,0,0.79126448581498343,True,
R001120,BTC,2025-04-07T17:00:17+00:00,2025-04-07T16:59:00+00:00,2025-04-06T16:55:00+00:00,2025-04-07T16:59:00+00:00,288,0,0.85463667745056615,True,
R001121,BTC,2025-04-08T18:30:06+00:00,2025-04-08T18:29:00+00:00,2025-04-07T18:25:00+00:00,2025-04-08T18:29:00+00:00,288,0,0.85476027433696744,True,
R001122,ETH,2025-04-08T22:21:00+00:00,2025-04-08T22:19:00+00:00,2025-04-07T22:15:00+00:00,2025-04-08T22:19:00+00:00,288,0,0.85469777520514301,True,
R001123,ETH,2025-04-09T01:11:54+00:00,2025-04-09T01:09:00+00:00,2025-04-08T01:05:00+00:00,2025-04-09T01:09:00+00:00,288,0,0.85963906787557354,True,
R001124,BTC,2025-04-09T07:03:14+00:00,2025-04-09T06:59:00+00:00,2025-04-08T06:55:00+00:00,2025-04-09T06:59:00+00:00,288,0,0.86767053669457228,True,
R001125,BTC,2025-04-09T10:59:54+00:00,2025-04-09T10:54:00+00:00,2025-04-08T10:50:00+00:00,2025-04-09T10:54:00+00:00,288,0,0.87510735538240647,True,
R001127,BTC,2025-04-09T17:18:44+00:00,2025-04-09T17:14:00+00:00,2025-04-08T17:10:00+00:00,2025-04-09T17:14:00+00:00,288,0,0.89469834671016668,True,
R001128,ETH,2025-04-09T18:14:21+00:00,2025-04-09T18:09:00+00:00,2025-04-08T18:05:00+00:00,2025-04-09T18:09:00+00:00,288,0,0.92343832027499417,True,
R001129,ETH,2025-04-10T07:30:27+00:00,2025-04-10T07:29:00+00:00,2025-04-09T07:25:00+00:00,2025-04-10T07:29:00+00:00,288,0,0.88026353613637709,True,
R001130,ETH,2025-04-10T12:04:12+00:00,2025-04-10T11:59:00+00:00,2025-04-09T11:55:00+00:00,2025-04-10T11:59:00+00:00,288,0,0.86954560473986198,True,
R001131,ETH,2025-04-10T12:29:34+00:00,2025-04-10T12:24:00+00:00,2025-04-09T12:20:00+00:00,2025-04-10T12:24:00+00:00,288,0,0.86583173166565119,True,
R001132,ETH,2025-04-10T13:31:50+00:00,2025-04-10T13:29:00+00:00,2025-04-09T13:25:00+00:00,2025-04-10T13:29:00+00:00,288,0,0.86427899463861357,True,
R001133,ETH,2025-04-10T16:21:17+00:00,2025-04-10T16:19:00+00:00,2025-04-09T16:15:00+00:00,2025-04-10T16:19:00+00:00,288,0,0.87204448419280789,True,
R001134,ETH,2025-04-11T00:56:09+00:00,2025-04-11T00:54:00+00:00,2025-04-10T00:50:00+00:00,2025-04-11T00:54:00+00:00,288,0,0.86574373882062983,True,
R001135,ETH,2025-04-11T10:33:58+00:00,2025-04-11T10:29:00+00:00,2025-04-10T10:25:00+00:00,2025-04-11T10:29:00+00:00,288,0,0.86763642630733728,True,
R001136,BTC,2025-04-11T12:30:02+00:00,2025-04-11T12:29:00+00:00,2025-04-10T12:25:00+00:00,2025-04-11T12:29:00+00:00,288,0,0.87187661324252796,True,
R001137,BTC,2025-04-11T14:00:01+00:00,2025-04-11T13:59:00+00:00,2025-04-10T13:55:00+00:00,2025-04-11T13:59:00+00:00,288,0,0.87609682391140009,True,
R001138,ETH,2025-04-12T12:39:55+00:00,2025-04-12T12:34:00+00:00,2025-04-11T12:30:00+00:00,2025-04-12T12:34:00+00:00,288,0,0.83027309958800299,True,
R001139,ETH,2025-04-13T11:16:23+00:00,2025-04-13T11:14:00+00:00,2025-04-12T11:10:00+00:00,2025-04-13T11:14:00+00:00,288,0,0.78824883554959313,True,
R001141,ETH,2025-04-13T17:19:57+00:00,2025-04-13T17:14:00+00:00,2025-04-12T17:10:00+00:00,2025-04-13T17:14:00+00:00,288,0,0.80956519515661973,True,
R001142,ETH,2025-04-13T19:37:55+00:00,2025-04-13T19:34:00+00:00,2025-04-12T19:30:00+00:00,2025-04-13T19:34:00+00:00,288,0,0.78290331760346865,True,
R001143,BTC,2025-04-14T00:22:09+00:00,2025-04-14T00:19:00+00:00,2025-04-13T00:15:00+00:00,2025-04-14T00:19:00+00:00,288,0,0.83695416235260323,True,
R001144,ETH,2025-04-14T10:21:11+00:00,2025-04-14T10:19:00+00:00,2025-04-13T10:15:00+00:00,2025-04-14T10:19:00+00:00,288,0,0.83214972022012523,True,
R001145,ETH,2025-04-14T15:37:57+00:00,2025-04-14T15:34:00+00:00,2025-04-13T15:30:00+00:00,2025-04-14T15:34:00+00:00,288,0,0.81881751890540966,True,
R001146,ETH,2025-04-14T21:37:41+00:00,2025-04-14T21:34:00+00:00,2025-04-13T21:30:00+00:00,2025-04-14T21:34:00+00:00,288,0,0.83961350403337842,True,
R001147,ETH,2025-04-15T13:55:15+00:00,2025-04-15T13:54:00+00:00,2025-04-14T13:50:00+00:00,2025-04-15T13:54:00+00:00,288,0,0.86122193838630401,True,
R001148,ETH,2025-04-16T05:24:27+00:00,2025-04-16T05:19:00+00:00,2025-04-15T05:15:00+00:00,2025-04-16T05:19:00+00:00,288,0,0.83915480667403242,True,
R001149,ETH,2025-04-20T07:19:11+00:00,2025-04-20T07:14:00+00:00,2025-04-19T07:10:00+00:00,2025-04-20T07:14:00+00:00,288,0,0.69362409712916551,True,
R001150,BTC,2025-04-21T14:20:01+00:00,2025-04-21T14:19:00+00:00,2025-04-20T14:15:00+00:00,2025-04-21T14:19:00+00:00,288,0,0.79644929887354254,True,
R001152,ETH,2025-04-22T00:36:00+00:00,2025-04-22T00:34:00+00:00,2025-04-21T00:30:00+00:00,2025-04-22T00:34:00+00:00,288,0,0.80017765325714652,True,
R001154,ETH,2025-04-22T15:04:20+00:00,2025-04-22T14:59:00+00:00,2025-04-21T14:55:00+00:00,2025-04-22T14:59:00+00:00,288,0,0.65229448526350897,True,
R001157,ETH,2025-04-22T21:22:11+00:00,2025-04-22T21:19:00+00:00,2025-04-21T21:15:00+00:00,2025-04-22T21:19:00+00:00,288,0,0.65468144516427818,True,
R001158,BTC,2025-04-22T21:49:23+00:00,2025-04-22T21:44:00+00:00,2025-04-21T21:40:00+00:00,2025-04-22T21:44:00+00:00,288,0,0.63865810156509772,True,
R001159,BTC,2025-04-23T04:47:06+00:00,2025-04-23T04:44:00+00:00,2025-04-22T04:40:00+00:00,2025-04-23T04:44:00+00:00,288,0,0.73799572566739735,True,
R001160,ETH,2025-04-23T12:12:32+00:00,2025-04-23T12:09:00+00:00,2025-04-22T12:05:00+00:00,2025-04-23T12:09:00+00:00,288,0,0.7378979290851837,True,
R001162,BTC,2025-04-23T13:38:04+00:00,2025-04-23T13:34:00+00:00,2025-04-22T13:30:00+00:00,2025-04-23T13:34:00+00:00,288,0,0.74147072508007839,True,
R001164,ETH,2025-04-24T04:09:40+00:00,2025-04-24T04:04:00+00:00,2025-04-23T04:00:00+00:00,2025-04-24T04:04:00+00:00,288,0,0.77459210387531441,True,
R001168,ETH,2025-04-27T13:07:33+00:00,2025-04-27T13:04:00+00:00,2025-04-26T13:00:00+00:00,2025-04-27T13:04:00+00:00,288,0,0.84626859167239099,True,
R001169,ETH,2025-04-28T00:07:13+00:00,2025-04-28T00:04:00+00:00,2025-04-27T00:00:00+00:00,2025-04-28T00:04:00+00:00,288,0,0.86581777720889119,True,
R001173,ETH,2025-04-29T13:16:28+00:00,2025-04-29T13:14:00+00:00,2025-04-28T13:10:00+00:00,2025-04-29T13:14:00+00:00,288,0,0.82037778681175744,True,
R001174,ETH,2025-05-01T14:00:06+00:00,2025-05-01T13:59:00+00:00,2025-04-30T13:55:00+00:00,2025-05-01T13:59:00+00:00,288,0,0.81598330638313532,True,
R001175,ETH,2025-05-01T15:10:53+00:00,2025-05-01T15:09:00+00:00,2025-04-30T15:05:00+00:00,2025-05-01T15:09:00+00:00,288,0,0.80298760502372146,True,
R001176,ETH,2025-05-02T12:30:02+00:00,2025-05-02T12:29:00+00:00,2025-05-01T12:25:00+00:00,2025-05-02T12:29:00+00:00,288,0,0.82331921994901414,True,
R001177,ETH,2025-05-05T01:30:56+00:00,2025-05-05T01:29:00+00:00,2025-05-04T01:25:00+00:00,2025-05-05T01:29:00+00:00,288,0,0.84098452243031874,True,
R001178,ETH,2025-05-08T07:33:44+00:00,2025-05-08T07:29:00+00:00,2025-05-07T07:25:00+00:00,2025-05-08T07:29:00+00:00,288,0,0.82234233481250107,True,
R001179,ETH,2025-05-08T10:49:49+00:00,2025-05-08T10:44:00+00:00,2025-05-07T10:40:00+00:00,2025-05-08T10:44:00+00:00,288,0,0.75585919229651088,True,
R001180,ETH,2025-05-08T15:24:25+00:00,2025-05-08T15:19:00+00:00,2025-05-07T15:15:00+00:00,2025-05-08T15:19:00+00:00,288,0,0.74265045939600804,True,
R001182,ETH,2025-05-08T19:21:03+00:00,2025-05-08T19:19:00+00:00,2025-05-07T19:15:00+00:00,2025-05-08T19:19:00+00:00,288,0,0.73114763203599997,True,
R001183,ETH,2025-05-08T19:52:45+00:00,2025-05-08T19:49:00+00:00,2025-05-07T19:45:00+00:00,2025-05-08T19:49:00+00:00,288,0,0.71370632944106371,True,
R001184,BTC,2025-05-08T21:18:15+00:00,2025-05-08T21:14:00+00:00,2025-05-07T21:10:00+00:00,2025-05-08T21:14:00+00:00,288,0,0.62190698672793243,True,
R001185,ETH,2025-05-08T21:41:18+00:00,2025-05-08T21:39:00+00:00,2025-05-07T21:35:00+00:00,2025-05-08T21:39:00+00:00,288,0,0.63784979960291244,True,
R001187,ETH,2025-05-09T07:42:48+00:00,2025-05-09T07:39:00+00:00,2025-05-08T07:35:00+00:00,2025-05-09T07:39:00+00:00,288,0,0.64045327664840479,True,
R001188,ETH,2025-05-09T08:27:35+00:00,2025-05-09T08:24:00+00:00,2025-05-08T08:20:00+00:00,2025-05-09T08:24:00+00:00,288,0,0.61336017415306854,True,
R001189,ETH,2025-05-09T09:11:07+00:00,2025-05-09T09:09:00+00:00,2025-05-08T09:05:00+00:00,2025-05-09T09:09:00+00:00,288,0,0.59416736694585037,True,
R001190,ETH,2025-05-09T09:27:09+00:00,2025-05-09T09:24:00+00:00,2025-05-08T09:20:00+00:00,2025-05-09T09:24:00+00:00,288,0,0.59236895000069323,True,
R001192,ETH,2025-05-09T11:26:43+00:00,2025-05-09T11:24:00+00:00,2025-05-08T11:20:00+00:00,2025-05-09T11:24:00+00:00,288,0,0.60297698518685816,True,
R001193,ETH,2025-05-09T14:37:48+00:00,2025-05-09T14:34:00+00:00,2025-05-08T14:30:00+00:00,2025-05-09T14:34:00+00:00,288,0,0.62493822745049121,True,
R001195,ETH,2025-05-10T07:53:45+00:00,2025-05-10T07:49:00+00:00,2025-05-09T07:45:00+00:00,2025-05-10T07:49:00+00:00,288,0,0.71261442524209551,True,
R001196,ETH,2025-05-10T08:50:43+00:00,2025-05-10T08:49:00+00:00,2025-05-09T08:45:00+00:00,2025-05-10T08:49:00+00:00,288,0,0.7642199521369003,True,
R001197,ETH,2025-05-10T13:48:14+00:00,2025-05-10T13:44:00+00:00,2025-05-09T13:40:00+00:00,2025-05-10T13:44:00+00:00,288,0,0.78171730873938261,True,
R001198,ETH,2025-05-10T17:48:02+00:00,2025-05-10T17:44:00+00:00,2025-05-09T17:40:00+00:00,2025-05-10T17:44:00+00:00,288,0,0.67358196756251731,True,
R001199,ETH,2025-05-10T22:38:04+00:00,2025-05-10T22:34:00+00:00,2025-05-09T22:30:00+00:00,2025-05-10T22:34:00+00:00,288,0,0.64400784561546642,True,
R001202,ETH,2025-05-11T07:05:15+00:00,2025-05-11T07:04:00+00:00,2025-05-10T07:00:00+00:00,2025-05-11T07:04:00+00:00,288,0,0.6401882423456482,True,
R001203,ETH,2025-05-11T15:54:45+00:00,2025-05-11T15:49:00+00:00,2025-05-10T15:45:00+00:00,2025-05-11T15:49:00+00:00,288,0,0.65631972910788361,True,
R001207,ETH,2025-05-12T07:40:45+00:00,2025-05-12T07:39:00+00:00,2025-05-11T07:35:00+00:00,2025-05-12T07:39:00+00:00,288,0,0.77486249652997286,True,
R001211,BTC,2025-05-12T14:29:03+00:00,2025-05-12T14:24:00+00:00,2025-05-11T14:20:00+00:00,2025-05-12T14:24:00+00:00,288,0,0.78994534245548287,True,
R001212,ETH,2025-05-12T15:04:52+00:00,2025-05-12T14:59:00+00:00,2025-05-11T14:55:00+00:00,2025-05-12T14:59:00+00:00,288,0,0.80498474138397702,True,
R001215,BTC,2025-05-12T18:07:55+00:00,2025-05-12T18:04:00+00:00,2025-05-11T18:00:00+00:00,2025-05-12T18:04:00+00:00,288,0,0.81148040586358539,True,
R001218,ETH,2025-05-13T12:30:02+00:00,2025-05-13T12:29:00+00:00,2025-05-12T12:25:00+00:00,2025-05-13T12:29:00+00:00,288,0,0.85419058259564073,True,
R001219,ETH,2025-05-13T19:51:25+00:00,2025-05-13T19:49:00+00:00,2025-05-12T19:45:00+00:00,2025-05-13T19:49:00+00:00,288,0,0.73537002905693061,True,
R001220,ETH,2025-05-14T01:49:25+00:00,2025-05-14T01:44:00+00:00,2025-05-13T01:40:00+00:00,2025-05-14T01:44:00+00:00,288,0,0.67330295997740119,True,
R001222,ETH,2025-05-14T21:13:59+00:00,2025-05-14T21:09:00+00:00,2025-05-13T21:05:00+00:00,2025-05-14T21:09:00+00:00,288,0,0.72460728585585354,True,
R001225,ETH,2025-05-15T12:30:02+00:00,2025-05-15T12:29:00+00:00,2025-05-14T12:25:00+00:00,2025-05-15T12:29:00+00:00,288,0,0.81652695336656578,True,
R001234,ETH,2025-05-17T20:54:45+00:00,2025-05-17T20:49:00+00:00,2025-05-16T20:45:00+00:00,2025-05-17T20:49:00+00:00,288,0,0.72965758923046431,True,
R001237,ETH,2025-05-18T17:27:28+00:00,2025-05-18T17:24:00+00:00,2025-05-17T17:20:00+00:00,2025-05-18T17:24:00+00:00,288,0,0.75851853669949088,True,
R001238,ETH,2025-05-18T19:31:21+00:00,2025-05-18T19:29:00+00:00,2025-05-17T19:25:00+00:00,2025-05-18T19:29:00+00:00,288,0,0.80380235666299993,True,
R001239,ETH,2025-05-18T20:00:15+00:00,2025-05-18T19:59:00+00:00,2025-05-17T19:55:00+00:00,2025-05-18T19:59:00+00:00,288,0,0.79827128313746587,True,
R001240,ETH,2025-05-18T21:52:20+00:00,2025-05-18T21:49:00+00:00,2025-05-17T21:45:00+00:00,2025-05-18T21:49:00+00:00,288,0,0.79240700056386049,True,
R001241,ETH,2025-05-19T18:30:39+00:00,2025-05-19T18:29:00+00:00,2025-05-18T18:25:00+00:00,2025-05-19T18:29:00+00:00,288,0,0.77530941356126803,True,
R001242,ETH,2025-05-19T19:33:54+00:00,2025-05-19T19:29:00+00:00,2025-05-18T19:25:00+00:00,2025-05-19T19:29:00+00:00,288,0,0.78064732130136827,True,
R001243,ETH,2025-05-20T07:06:12+00:00,2025-05-20T07:04:00+00:00,2025-05-19T07:00:00+00:00,2025-05-20T07:04:00+00:00,288,0,0.74152908235132686,True,
R001244,ETH,2025-05-20T13:35:09+00:00,2025-05-20T13:34:00+00:00,2025-05-19T13:30:00+00:00,2025-05-20T13:34:00+00:00,288,0,0.75561075177832782,True,
R001245,ETH,2025-05-20T14:14:38+00:00,2025-05-20T14:09:00+00:00,2025-05-19T14:05:00+00:00,2025-05-20T14:09:00+00:00,288,0,0.75997777479365836,True,
R001247,BTC,2025-05-22T06:28:24+00:00,2025-05-22T06:24:00+00:00,2025-05-21T06:20:00+00:00,2025-05-22T06:24:00+00:00,288,0,0.81658827370989195,True,
R001248,ETH,2025-05-22T13:35:08+00:00,2025-05-22T13:34:00+00:00,2025-05-21T13:30:00+00:00,2025-05-22T13:34:00+00:00,288,0,0.78833734960333457,True,
R001250,ETH,2025-05-23T11:47:25+00:00,2025-05-23T11:44:00+00:00,2025-05-22T11:40:00+00:00,2025-05-23T11:44:00+00:00,288,0,0.71335383364876859,True,
R001251,ETH,2025-05-24T21:21:03+00:00,2025-05-24T21:19:00+00:00,2025-05-23T21:15:00+00:00,2025-05-24T21:19:00+00:00,288,0,0.75516778655883976,True,
R001252,ETH,2025-05-25T00:42:20+00:00,2025-05-25T00:39:00+00:00,2025-05-24T00:35:00+00:00,2025-05-25T00:39:00+00:00,288,0,0.77037063892842972,True,
R001253,ETH,2025-05-27T13:08:40+00:00,2025-05-27T13:04:00+00:00,2025-05-26T13:00:00+00:00,2025-05-27T13:04:00+00:00,288,0,0.74725278726075761,True,
R001255,ETH,2025-05-29T12:42:06+00:00,2025-05-29T12:39:00+00:00,2025-05-28T12:35:00+00:00,2025-05-29T12:39:00+00:00,288,0,0.69514510273170071,True,
R001259,ETH,2025-05-30T16:32:37+00:00,2025-05-30T16:29:00+00:00,2025-05-29T16:25:00+00:00,2025-05-30T16:29:00+00:00,288,0,0.7601866606220351,True,
R001261,ETH,2025-06-01T01:54:37+00:00,2025-06-01T01:49:00+00:00,2025-05-31T01:45:00+00:00,2025-06-01T01:49:00+00:00,288,0,0.827819011937314,True,
R001262,ETH,2025-06-01T12:35:31+00:00,2025-06-01T12:34:00+00:00,2025-05-31T12:30:00+00:00,2025-06-01T12:34:00+00:00,288,0,0.82450426806510302,True,
R001263,BTC,2025-06-01T18:55:39+00:00,2025-06-01T18:54:00+00:00,2025-05-31T18:50:00+00:00,2025-06-01T18:54:00+00:00,288,0,0.83369759332851967,True,
R001264,ETH,2025-06-02T15:25:04+00:00,2025-06-02T15:24:00+00:00,2025-06-01T15:20:00+00:00,2025-06-02T15:24:00+00:00,288,0,0.81125912977016823,True,
R001265,ETH,2025-06-02T22:00:39+00:00,2025-06-02T21:59:00+00:00,2025-06-01T21:55:00+00:00,2025-06-02T21:59:00+00:00,288,0,0.81540390630523252,True,
R001267,ETH,2025-06-05T10:38:52+00:00,2025-06-05T10:34:00+00:00,2025-06-04T10:30:00+00:00,2025-06-05T10:34:00+00:00,288,0,0.76681968209817442,True,
R001268,ETH,2025-06-05T14:18:43+00:00,2025-06-05T14:14:00+00:00,2025-06-04T14:10:00+00:00,2025-06-05T14:14:00+00:00,288,0,0.76686994940198994,True,
R001273,ETH,2025-06-05T21:42:04+00:00,2025-06-05T21:39:00+00:00,2025-06-04T21:35:00+00:00,2025-06-05T21:39:00+00:00,288,0,0.84141633313071662,True,
R001274,ETH,2025-06-06T00:22:16+00:00,2025-06-06T00:19:00+00:00,2025-06-05T00:15:00+00:00,2025-06-06T00:19:00+00:00,288,0,0.83287001024066154,True,
R001275,BTC,2025-06-07T12:41:25+00:00,2025-06-07T12:39:00+00:00,2025-06-06T12:35:00+00:00,2025-06-07T12:39:00+00:00,288,0,0.78723934466161272,True,
R001276,ETH,2025-06-08T09:27:20+00:00,2025-06-08T09:24:00+00:00,2025-06-07T09:20:00+00:00,2025-06-08T09:24:00+00:00,288,0,0.71441951218371003,True,
R001278,BTC,2025-06-08T13:48:17+00:00,2025-06-08T13:44:00+00:00,2025-06-07T13:40:00+00:00,2025-06-08T13:44:00+00:00,288,0,0.70720695362631403,True,
R001279,BTC,2025-06-09T21:10:06+00:00,2025-06-09T21:09:00+00:00,2025-06-08T21:05:00+00:00,2025-06-09T21:09:00+00:00,288,0,0.75876389909317188,True,
R001280,BTC,2025-06-09T21:26:54+00:00,2025-06-09T21:24:00+00:00,2025-06-08T21:20:00+00:00,2025-06-09T21:24:00+00:00,288,0,0.74368280260293418,True,
R001281,ETH,2025-06-10T11:16:32+00:00,2025-06-10T11:14:00+00:00,2025-06-09T11:10:00+00:00,2025-06-10T11:14:00+00:00,288,0,0.68350068109632967,True,
R001284,ETH,2025-06-10T15:33:23+00:00,2025-06-10T15:29:00+00:00,2025-06-09T15:25:00+00:00,2025-06-10T15:29:00+00:00,288,0,0.62392956501158547,True,
R001286,ETH,2025-06-10T21:37:30+00:00,2025-06-10T21:34:00+00:00,2025-06-09T21:30:00+00:00,2025-06-10T21:34:00+00:00,288,0,0.70721912549970656,True,
R001290,BTC,2025-06-11T12:30:02+00:00,2025-06-11T12:29:00+00:00,2025-06-10T12:25:00+00:00,2025-06-11T12:29:00+00:00,288,0,0.74209393203797858,True,
R001291,ETH,2025-06-12T07:40:35+00:00,2025-06-12T07:39:00+00:00,2025-06-11T07:35:00+00:00,2025-06-12T07:39:00+00:00,288,0,0.81341041041727835,True,
R001292,ETH,2025-06-12T11:29:43+00:00,2025-06-12T11:24:00+00:00,2025-06-11T11:20:00+00:00,2025-06-12T11:24:00+00:00,288,0,0.81715475022190698,True,
R001293,ETH,2025-06-12T12:09:31+00:00,2025-06-12T12:04:00+00:00,2025-06-11T12:00:00+00:00,2025-06-12T12:04:00+00:00,288,0,0.81526325460159887,True,
R001294,BTC,2025-06-12T16:29:07+00:00,2025-06-12T16:24:00+00:00,2025-06-11T16:20:00+00:00,2025-06-12T16:24:00+00:00,288,0,0.77880576684957081,True,
R001295,BTC,2025-06-12T20:43:42+00:00,2025-06-12T20:39:00+00:00,2025-06-11T20:35:00+00:00,2025-06-12T20:39:00+00:00,288,0,0.81298028690859159,True,
R001296,BTC,2025-06-13T00:02:33+00:00,2025-06-12T23:59:00+00:00,2025-06-11T23:55:00+00:00,2025-06-12T23:59:00+00:00,288,0,0.79752215183034414,True,
R001297,BTC,2025-06-13T00:28:02+00:00,2025-06-13T00:24:00+00:00,2025-06-12T00:20:00+00:00,2025-06-13T00:24:00+00:00,288,0,0.80773240254613776,True,
R001298,ETH,2025-06-13T01:11:30+00:00,2025-06-13T01:09:00+00:00,2025-06-12T01:05:00+00:00,2025-06-13T01:09:00+00:00,288,0,0.81028358239645071,True,
R001299,ETH,2025-06-13T02:43:46+00:00,2025-06-13T02:39:00+00:00,2025-06-12T02:35:00+00:00,2025-06-13T02:39:00+00:00,288,0,0.81575463659242797,True,
R001300,BTC,2025-06-13T10:39:24+00:00,2025-06-13T10:34:00+00:00,2025-06-12T10:30:00+00:00,2025-06-13T10:34:00+00:00,288,0,0.83365129293231721,True,
R001303,ETH,2025-06-14T16:46:42+00:00,2025-06-14T16:44:00+00:00,2025-06-13T16:40:00+00:00,2025-06-14T16:44:00+00:00,288,0,0.87601889346006234,True,
R001305,ETH,2025-06-16T01:08:33+00:00,2025-06-16T01:04:00+00:00,2025-06-15T01:00:00+00:00,2025-06-16T01:04:00+00:00,288,0,0.79341860872690684,True,
R001306,ETH,2025-06-16T05:31:48+00:00,2025-06-16T05:29:00+00:00,2025-06-15T05:25:00+00:00,2025-06-16T05:29:00+00:00,288,0,0.77725019800410933,True,
R001307,ETH,2025-06-16T07:01:57+00:00,2025-06-16T06:59:00+00:00,2025-06-15T06:55:00+00:00,2025-06-16T06:59:00+00:00,288,0,0.74907001808226237,True,
R001308,ETH,2025-06-16T22:36:39+00:00,2025-06-16T22:34:00+00:00,2025-06-15T22:30:00+00:00,2025-06-16T22:34:00+00:00,288,0,0.69890749576413136,True,
R001309,ETH,2025-06-17T14:59:47+00:00,2025-06-17T14:54:00+00:00,2025-06-16T14:50:00+00:00,2025-06-17T14:54:00+00:00,288,0,0.83616515356866339,True,
R001310,BTC,2025-06-17T16:49:05+00:00,2025-06-17T16:44:00+00:00,2025-06-16T16:40:00+00:00,2025-06-17T16:44:00+00:00,288,0,0.83168610488697159,True,
R001313,ETH,2025-06-21T21:24:45+00:00,2025-06-21T21:19:00+00:00,2025-06-20T21:15:00+00:00,2025-06-21T21:19:00+00:00,288,0,0.80990294841637744,True,
R001314,ETH,2025-06-21T23:34:50+00:00,2025-06-21T23:29:00+00:00,2025-06-20T23:25:00+00:00,2025-06-21T23:29:00+00:00,288,0,0.87266571993895692,True,
R001315,ETH,2025-06-22T02:40:07+00:00,2025-06-22T02:39:00+00:00,2025-06-21T02:35:00+00:00,2025-06-22T02:39:00+00:00,288,0,0.85221531166562114,True,
R001316,ETH,2025-06-22T09:53:43+00:00,2025-06-22T09:49:00+00:00,2025-06-21T09:45:00+00:00,2025-06-22T09:49:00+00:00,288,0,0.84696361164903922,True,
R001317,ETH,2025-06-22T13:27:50+00:00,2025-06-22T13:24:00+00:00,2025-06-21T13:20:00+00:00,2025-06-22T13:24:00+00:00,288,0,0.84879763242103135,True,
R001318,ETH,2025-06-22T20:09:30+00:00,2025-06-22T20:04:00+00:00,2025-06-21T20:00:00+00:00,2025-06-22T20:04:00+00:00,288,0,0.81919741804543544,True,
R001319,ETH,2025-06-22T20:31:43+00:00,2025-06-22T20:29:00+00:00,2025-06-21T20:25:00+00:00,2025-06-22T20:29:00+00:00,288,0,0.81590139143967566,True,
R001320,ETH,2025-06-22T22:05:24+00:00,2025-06-22T22:04:00+00:00,2025-06-21T22:00:00+00:00,2025-06-22T22:04:00+00:00,288,0,0.8224542560212148,True,
R001321,BTC,2025-06-23T00:48:55+00:00,2025-06-23T00:44:00+00:00,2025-06-22T00:40:00+00:00,2025-06-23T00:44:00+00:00,288,0,0.83230624030071498,True,
R001322,ETH,2025-06-23T07:05:04+00:00,2025-06-23T07:04:00+00:00,2025-06-22T07:00:00+00:00,2025-06-23T07:04:00+00:00,288,0,0.80468386482246357,True,
R001324,ETH,2025-06-23T22:24:26+00:00,2025-06-23T22:19:00+00:00,2025-06-22T22:15:00+00:00,2025-06-23T22:19:00+00:00,288,0,0.85113166790081929,True,
R001325,ETH,2025-06-24T09:28:28+00:00,2025-06-24T09:24:00+00:00,2025-06-23T09:20:00+00:00,2025-06-24T09:24:00+00:00,288,0,0.85388939421982057,True,
R001326,ETH,2025-06-24T16:43:43+00:00,2025-06-24T16:39:00+00:00,2025-06-23T16:35:00+00:00,2025-06-24T16:39:00+00:00,288,0,0.82318310575501052,True,
R001328,ETH,2025-06-26T02:53:45+00:00,2025-06-26T02:49:00+00:00,2025-06-25T02:45:00+00:00,2025-06-26T02:49:00+00:00,288,0,0.81153511453268268,True,
R001329,ETH,2025-06-26T21:34:23+00:00,2025-06-26T21:29:00+00:00,2025-06-25T21:25:00+00:00,2025-06-26T21:29:00+00:00,288,0,0.82116404888670302,True,
R001330,ETH,2025-06-27T01:09:34+00:00,2025-06-27T01:04:00+00:00,2025-06-26T01:00:00+00:00,2025-06-27T01:04:00+00:00,288,0,0.83252779837276358,True,
R001331,BTC,2025-06-27T16:33:50+00:00,2025-06-27T16:29:00+00:00,2025-06-26T16:25:00+00:00,2025-06-27T16:29:00+00:00,288,0,0.83205665423064912,True,
R001334,ETH,2025-06-29T21:04:26+00:00,2025-06-29T20:59:00+00:00,2025-06-28T20:55:00+00:00,2025-06-29T20:59:00+00:00,288,0,0.76703018848817739,True,
R001336,ETH,2025-06-30T01:06:20+00:00,2025-06-30T01:04:00+00:00,2025-06-29T01:00:00+00:00,2025-06-30T01:04:00+00:00,288,0,0.73704798451313402,True,
R001337,ETH,2025-06-30T14:57:57+00:00,2025-06-30T14:54:00+00:00,2025-06-29T14:50:00+00:00,2025-06-30T14:54:00+00:00,288,0,0.7533152305591363,True,
R001341,BTC,2025-06-30T21:54:00+00:00,2025-06-30T21:49:00+00:00,2025-06-29T21:45:00+00:00,2025-06-30T21:49:00+00:00,288,0,0.77653758906770765,True,
R001344,ETH,2025-07-01T18:58:45+00:00,2025-07-01T18:54:00+00:00,2025-06-30T18:50:00+00:00,2025-07-01T18:54:00+00:00,288,0,0.81778773640280789,True,
R001345,ETH,2025-07-02T01:17:40+00:00,2025-07-02T01:14:00+00:00,2025-07-01T01:10:00+00:00,2025-07-02T01:14:00+00:00,288,0,0.80666757010819179,True,
R001347,BTC,2025-07-02T17:38:09+00:00,2025-07-02T17:34:00+00:00,2025-07-01T17:30:00+00:00,2025-07-02T17:34:00+00:00,288,0,0.73669534953774063,True,
R001349,ETH,2025-07-03T12:30:02+00:00,2025-07-03T12:29:00+00:00,2025-07-02T12:25:00+00:00,2025-07-03T12:29:00+00:00,288,0,0.78410047073936684,True,
R001350,ETH,2025-07-03T13:37:20+00:00,2025-07-03T13:34:00+00:00,2025-07-02T13:30:00+00:00,2025-07-03T13:34:00+00:00,288,0,0.80319706790916512,True,
R001351,ETH,2025-07-05T16:37:17+00:00,2025-07-05T16:34:00+00:00,2025-07-04T16:30:00+00:00,2025-07-05T16:34:00+00:00,288,0,0.85280813069515504,True,
R001353,ETH,2025-07-06T21:30:31+00:00,2025-07-06T21:29:00+00:00,2025-07-05T21:25:00+00:00,2025-07-06T21:29:00+00:00,288,0,0.77317415758158714,True,
R001354,BTC,2025-07-06T21:46:29+00:00,2025-07-06T21:44:00+00:00,2025-07-05T21:40:00+00:00,2025-07-06T21:44:00+00:00,288,0,0.73164456638177267,True,
R001362,ETH,2025-07-09T18:08:58+00:00,2025-07-09T18:04:00+00:00,2025-07-08T18:00:00+00:00,2025-07-09T18:04:00+00:00,288,0,0.78658913408397846,True,
R001363,BTC,2025-07-09T19:24:04+00:00,2025-07-09T19:19:00+00:00,2025-07-08T19:15:00+00:00,2025-07-09T19:19:00+00:00,288,0,0.77720375032960853,True,
R001365,ETH,2025-07-10T02:10:51+00:00,2025-07-10T02:09:00+00:00,2025-07-09T02:05:00+00:00,2025-07-10T02:09:00+00:00,288,0,0.7122505863979659,True,
R001366,BTC,2025-07-10T15:41:43+00:00,2025-07-10T15:39:00+00:00,2025-07-09T15:35:00+00:00,2025-07-10T15:39:00+00:00,288,0,0.70932757637765986,True,
R001367,BTC,2025-07-10T16:24:28+00:00,2025-07-10T16:19:00+00:00,2025-07-09T16:15:00+00:00,2025-07-10T16:19:00+00:00,288,0,0.7030561675375514,True,
R001369,BTC,2025-07-10T21:17:00+00:00,2025-07-10T21:14:00+00:00,2025-07-09T21:10:00+00:00,2025-07-10T21:14:00+00:00,288,0,0.72904425680709284,True,
R001370,ETH,2025-07-11T04:33:30+00:00,2025-07-11T04:29:00+00:00,2025-07-10T04:25:00+00:00,2025-07-11T04:29:00+00:00,288,0,0.61562977462190727,True,
R001371,ETH,2025-07-11T05:30:49+00:00,2025-07-11T05:29:00+00:00,2025-07-10T05:25:00+00:00,2025-07-11T05:29:00+00:00,288,0,0.61765308073474545,True,
R001379,ETH,2025-07-11T17:20:08+00:00,2025-07-11T17:19:00+00:00,2025-07-10T17:15:00+00:00,2025-07-11T17:19:00+00:00,288,0,0.64385451274441408,True,
R001383,ETH,2025-07-11T22:33:58+00:00,2025-07-11T22:29:00+00:00,2025-07-10T22:25:00+00:00,2025-07-11T22:29:00+00:00,288,0,0.78193613018160468,True,
R001393,BTC,2025-07-13T12:54:30+00:00,2025-07-13T12:49:00+00:00,2025-07-12T12:45:00+00:00,2025-07-13T12:49:00+00:00,288,0,0.77716657275270629,True,
R001394,BTC,2025-07-13T14:18:30+00:00,2025-07-13T14:14:00+00:00,2025-07-12T14:10:00+00:00,2025-07-13T14:14:00+00:00,288,0,0.80399991349289934,True,
R001397,BTC,2025-07-13T23:47:10+00:00,2025-07-13T23:44:00+00:00,2025-07-12T23:40:00+00:00,2025-07-13T23:44:00+00:00,288,0,0.82357153892420276,True,
R001399,ETH,2025-07-14T02:36:19+00:00,2025-07-14T02:34:00+00:00,2025-07-13T02:30:00+00:00,2025-07-14T02:34:00+00:00,288,0,0.8258443424637909,True,
R001400,BTC,2025-07-14T03:42:19+00:00,2025-07-14T03:39:00+00:00,2025-07-13T03:35:00+00:00,2025-07-14T03:39:00+00:00,288,0,0.82236389896386575,True,
R001401,BTC,2025-07-14T05:22:36+00:00,2025-07-14T05:19:00+00:00,2025-07-13T05:15:00+00:00,2025-07-14T05:19:00+00:00,288,0,0.79027820263919457,True,
R001403,BTC,2025-07-14T07:38:22+00:00,2025-07-14T07:34:00+00:00,2025-07-13T07:30:00+00:00,2025-07-14T07:34:00+00:00,288,0,0.77123382795531514,True,
R001406,ETH,2025-07-14T09:43:40+00:00,2025-07-14T09:39:00+00:00,2025-07-13T09:35:00+00:00,2025-07-14T09:39:00+00:00,288,0,0.76308738753061822,True,
R001411,BTC,2025-07-15T04:09:47+00:00,2025-07-15T04:04:00+00:00,2025-07-14T04:00:00+00:00,2025-07-15T04:04:00+00:00,288,0,0.70387600984585519,True,
R001412,BTC,2025-07-15T06:02:48+00:00,2025-07-15T05:59:00+00:00,2025-07-14T05:55:00+00:00,2025-07-15T05:59:00+00:00,288,0,0.71316768668359731,True,
R001413,BTC,2025-07-15T12:30:02+00:00,2025-07-15T12:29:00+00:00,2025-07-14T12:25:00+00:00,2025-07-15T12:29:00+00:00,288,0,0.74183891584136907,True,
R001414,BTC,2025-07-15T14:56:33+00:00,2025-07-15T14:54:00+00:00,2025-07-14T14:50:00+00:00,2025-07-15T14:54:00+00:00,288,0,0.75168674473436459,True,
R001415,ETH,2025-07-15T17:44:16+00:00,2025-07-15T17:39:00+00:00,2025-07-14T17:35:00+00:00,2025-07-15T17:39:00+00:00,288,0,0.76571565647800632,True,
R001419,BTC,2025-07-16T14:08:55+00:00,2025-07-16T14:04:00+00:00,2025-07-15T14:00:00+00:00,2025-07-16T14:04:00+00:00,288,0,0.69531967820636753,True,
R001420,ETH,2025-07-16T14:30:55+00:00,2025-07-16T14:29:00+00:00,2025-07-15T14:25:00+00:00,2025-07-16T14:29:00+00:00,288,0,0.69605583508313174,True,
R001421,ETH,2025-07-16T17:53:14+00:00,2025-07-16T17:49:00+00:00,2025-07-15T17:45:00+00:00,2025-07-16T17:49:00+00:00,288,0,0.56439085666172384,True,
R001422,ETH,2025-07-16T18:50:02+00:00,2025-07-16T18:49:00+00:00,2025-07-15T18:45:00+00:00,2025-07-16T18:49:00+00:00,288,0,0.49326986523658495,True,
R001430,BTC,2025-07-17T17:48:14+00:00,2025-07-17T17:44:00+00:00,2025-07-16T17:40:00+00:00,2025-07-17T17:44:00+00:00,288,0,0.60987865492654469,True,
R001439,BTC,2025-07-18T05:09:55+00:00,2025-07-18T05:04:00+00:00,2025-07-17T05:00:00+00:00,2025-07-18T05:04:00+00:00,288,0,0.64062031963544019,True,
R001440,BTC,2025-07-18T08:23:08+00:00,2025-07-18T08:19:00+00:00,2025-07-17T08:15:00+00:00,2025-07-18T08:19:00+00:00,288,0,0.60643064983888373,True,
R001445,ETH,2025-07-18T20:07:11+00:00,2025-07-18T20:04:00+00:00,2025-07-17T20:00:00+00:00,2025-07-18T20:04:00+00:00,288,0,0.6502903406467605,True,
R001454,ETH,2025-07-20T03:35:31+00:00,2025-07-20T03:34:00+00:00,2025-07-19T03:30:00+00:00,2025-07-20T03:34:00+00:00,288,0,0.71226172736249904,True,
R001458,BTC,2025-07-20T22:09:11+00:00,2025-07-20T22:04:00+00:00,2025-07-19T22:00:00+00:00,2025-07-20T22:04:00+00:00,288,0,0.61174507159403435,True,
R001466,BTC,2025-07-21T18:22:09+00:00,2025-07-21T18:19:00+00:00,2025-07-20T18:15:00+00:00,2025-07-21T18:19:00+00:00,288,0,0.69674613703448951,True,
R001469,ETH,2025-07-22T01:05:31+00:00,2025-07-22T01:04:00+00:00,2025-07-21T01:00:00+00:00,2025-07-22T01:04:00+00:00,288,0,0.72044743411788836,True,
R001470,BTC,2025-07-22T01:40:32+00:00,2025-07-22T01:39:00+00:00,2025-07-21T01:35:00+00:00,2025-07-22T01:39:00+00:00,288,0,0.71890525246351422,True,
R001471,BTC,2025-07-22T02:42:51+00:00,2025-07-22T02:39:00+00:00,2025-07-21T02:35:00+00:00,2025-07-22T02:39:00+00:00,288,0,0.71994824777051858,True,
R001477,BTC,2025-07-22T18:53:29+00:00,2025-07-22T18:49:00+00:00,2025-07-21T18:45:00+00:00,2025-07-22T18:49:00+00:00,288,0,0.78581852745262348,True,
R001478,BTC,2025-07-22T20:04:58+00:00,2025-07-22T19:59:00+00:00,2025-07-21T19:55:00+00:00,2025-07-22T19:59:00+00:00,288,0,0.7781152959235158,True,
R001479,BTC,2025-07-23T02:03:17+00:00,2025-07-23T01:59:00+00:00,2025-07-22T01:55:00+00:00,2025-07-23T01:59:00+00:00,288,0,0.7755510398676676,True,
R001485,ETH,2025-07-23T20:28:03+00:00,2025-07-23T20:24:00+00:00,2025-07-22T20:20:00+00:00,2025-07-23T20:24:00+00:00,288,0,0.77338279884190375,True,
R001491,BTC,2025-07-24T09:49:14+00:00,2025-07-24T09:44:00+00:00,2025-07-23T09:40:00+00:00,2025-07-24T09:44:00+00:00,288,0,0.81853280864943578,True,
R001494,BTC,2025-07-25T03:30:40+00:00,2025-07-25T03:29:00+00:00,2025-07-24T03:25:00+00:00,2025-07-25T03:29:00+00:00,288,0,0.77539823666240015,True,
R001496,ETH,2025-07-26T02:22:49+00:00,2025-07-26T02:19:00+00:00,2025-07-25T02:15:00+00:00,2025-07-26T02:19:00+00:00,288,0,0.81094278919204255,True,
R001498,BTC,2025-07-27T02:53:35+00:00,2025-07-27T02:49:00+00:00,2025-07-26T02:45:00+00:00,2025-07-27T02:49:00+00:00,288,0,0.68271632272611293,True,
R001499,BTC,2025-07-27T16:12:10+00:00,2025-07-27T16:09:00+00:00,2025-07-26T16:05:00+00:00,2025-07-27T16:09:00+00:00,288,0,0.58833898911768734,True,
R001501,BTC,2025-07-28T19:03:44+00:00,2025-07-28T18:59:00+00:00,2025-07-27T18:55:00+00:00,2025-07-28T18:59:00+00:00,288,0,0.78663288746702942,True,
R001502,BTC,2025-07-29T00:16:26+00:00,2025-07-29T00:14:00+00:00,2025-07-28T00:10:00+00:00,2025-07-29T00:14:00+00:00,288,0,0.82814415738433855,True,
R001503,BTC,2025-07-29T00:34:42+00:00,2025-07-29T00:29:00+00:00,2025-07-28T00:25:00+00:00,2025-07-29T00:29:00+00:00,288,0,0.8298542966322161,True,
R001504,BTC,2025-07-29T19:15:52+00:00,2025-07-29T19:14:00+00:00,2025-07-28T19:10:00+00:00,2025-07-29T19:14:00+00:00,288,0,0.83247686390834641,True,
R001505,BTC,2025-07-29T20:19:14+00:00,2025-07-29T20:14:00+00:00,2025-07-28T20:10:00+00:00,2025-07-29T20:14:00+00:00,288,0,0.83100826733566358,True,
R001509,BTC,2025-07-30T18:47:35+00:00,2025-07-30T18:44:00+00:00,2025-07-29T18:40:00+00:00,2025-07-30T18:44:00+00:00,288,0,0.84344789167370426,True,
R001512,BTC,2025-08-01T00:51:21+00:00,2025-08-01T00:49:00+00:00,2025-07-31T00:45:00+00:00,2025-08-01T00:49:00+00:00,288,0,0.83869563040002693,True,
R001513,BTC,2025-08-01T09:01:52+00:00,2025-08-01T08:59:00+00:00,2025-07-31T08:55:00+00:00,2025-08-01T08:59:00+00:00,288,0,0.85678935740605777,True,
R001514,BTC,2025-08-01T12:30:02+00:00,2025-08-01T12:29:00+00:00,2025-07-31T12:25:00+00:00,2025-08-01T12:29:00+00:00,288,0,0.86781865201649655,True,
R001515,BTC,2025-08-01T14:03:18+00:00,2025-08-01T13:59:00+00:00,2025-07-31T13:55:00+00:00,2025-08-01T13:59:00+00:00,288,0,0.86415604673651103,True,
R001516,BTC,2025-08-01T20:01:56+00:00,2025-08-01T19:59:00+00:00,2025-07-31T19:55:00+00:00,2025-08-01T19:59:00+00:00,288,0,0.88439379911580596,True,
R001523,ETH,2025-08-08T13:46:55+00:00,2025-08-08T13:44:00+00:00,2025-08-07T13:40:00+00:00,2025-08-08T13:44:00+00:00,288,0,0.7415689736575628,True,
R001524,ETH,2025-08-09T05:05:51+00:00,2025-08-09T05:04:00+00:00,2025-08-08T05:00:00+00:00,2025-08-09T05:04:00+00:00,288,0,0.6128832975340549,True,
R001525,ETH,2025-08-09T09:47:27+00:00,2025-08-09T09:44:00+00:00,2025-08-08T09:40:00+00:00,2025-08-09T09:44:00+00:00,288,0,0.55669239424422801,True,
R001527,BTC,2025-08-09T20:40:36+00:00,2025-08-09T20:39:00+00:00,2025-08-08T20:35:00+00:00,2025-08-09T20:39:00+00:00,288,0,0.59303823111764153,True,
R001528,ETH,2025-08-09T22:25:15+00:00,2025-08-09T22:24:00+00:00,2025-08-08T22:20:00+00:00,2025-08-09T22:24:00+00:00,288,0,0.60794716528353043,True,
R001529,ETH,2025-08-10T02:25:48+00:00,2025-08-10T02:24:00+00:00,2025-08-09T02:20:00+00:00,2025-08-10T02:24:00+00:00,288,0,0.57029323228523654,True,
R001530,BTC,2025-08-10T03:26:17+00:00,2025-08-10T03:24:00+00:00,2025-08-09T03:20:00+00:00,2025-08-10T03:24:00+00:00,288,0,0.43376977970422681,True,
R001532,BTC,2025-08-10T20:18:52+00:00,2025-08-10T20:14:00+00:00,2025-08-09T20:10:00+00:00,2025-08-10T20:14:00+00:00,288,0,0.44711133450554563,True,
R001533,BTC,2025-08-11T01:59:58+00:00,2025-08-11T01:54:00+00:00,2025-08-10T01:50:00+00:00,2025-08-11T01:54:00+00:00,288,0,0.55856905575272198,True,
R001534,BTC,2025-08-11T02:21:34+00:00,2025-08-11T02:19:00+00:00,2025-08-10T02:15:00+00:00,2025-08-11T02:19:00+00:00,288,0,0.55522040704528874,True,
R001535,BTC,2025-08-11T04:51:51+00:00,2025-08-11T04:49:00+00:00,2025-08-10T04:45:00+00:00,2025-08-11T04:49:00+00:00,288,0,0.62827941071998961,True,
R001536,BTC,2025-08-11T19:52:25+00:00,2025-08-11T19:49:00+00:00,2025-08-10T19:45:00+00:00,2025-08-11T19:49:00+00:00,288,0,0.62591260852982999,True,
R001538,BTC,2025-08-11T21:53:51+00:00,2025-08-11T21:49:00+00:00,2025-08-10T21:45:00+00:00,2025-08-11T21:49:00+00:00,288,0,0.63462037898191281,True,
R001540,ETH,2025-08-12T15:54:30+00:00,2025-08-12T15:49:00+00:00,2025-08-11T15:45:00+00:00,2025-08-12T15:49:00+00:00,288,0,0.74959457679168162,True,
R001541,BTC,2025-08-12T17:29:15+00:00,2025-08-12T17:24:00+00:00,2025-08-11T17:20:00+00:00,2025-08-12T17:24:00+00:00,288,0,0.77939075705693983,True,
R001543,BTC,2025-08-14T00:38:15+00:00,2025-08-14T00:34:00+00:00,2025-08-13T00:30:00+00:00,2025-08-14T00:34:00+00:00,288,0,0.51449493048382322,True,
R001544,BTC,2025-08-14T12:30:02+00:00,2025-08-14T12:29:00+00:00,2025-08-13T12:25:00+00:00,2025-08-14T12:29:00+00:00,288,0,0.53496210574696801,True,
R001549,ETH,2025-08-17T18:55:19+00:00,2025-08-17T18:54:00+00:00,2025-08-16T18:50:00+00:00,2025-08-17T18:54:00+00:00,288,0,0.68541073521862628,True,
R001551,BTC,2025-08-18T06:22:37+00:00,2025-08-18T06:19:00+00:00,2025-08-17T06:15:00+00:00,2025-08-18T06:19:00+00:00,288,0,0.73911359082917782,True,
R001552,ETH,2025-08-18T09:35:09+00:00,2025-08-18T09:34:00+00:00,2025-08-17T09:30:00+00:00,2025-08-18T09:34:00+00:00,288,0,0.73605461550021978,True,
R001553,ETH,2025-08-19T03:38:14+00:00,2025-08-19T03:34:00+00:00,2025-08-18T03:30:00+00:00,2025-08-19T03:34:00+00:00,288,0,0.77450869894597729,True,
R001554,BTC,2025-08-19T15:14:21+00:00,2025-08-19T15:09:00+00:00,2025-08-18T15:05:00+00:00,2025-08-19T15:09:00+00:00,288,0,0.83936698944708443,True,
R001555,BTC,2025-08-20T15:16:49+00:00,2025-08-20T15:14:00+00:00,2025-08-19T15:10:00+00:00,2025-08-20T15:14:00+00:00,288,0,0.81748527615047006,True,
R001557,ETH,2025-08-21T16:06:26+00:00,2025-08-21T16:04:00+00:00,2025-08-20T16:00:00+00:00,2025-08-21T16:04:00+00:00,288,0,0.82001845538919693,True,
R001558,BTC,2025-08-22T14:00:05+00:00,2025-08-22T13:59:00+00:00,2025-08-21T13:55:00+00:00,2025-08-22T13:59:00+00:00,288,0,0.83104993514879555,True,
R001559,ETH,2025-08-22T16:08:07+00:00,2025-08-22T16:04:00+00:00,2025-08-21T16:00:00+00:00,2025-08-22T16:04:00+00:00,288,0,0.8410214669292525,True,
R001560,ETH,2025-08-22T17:14:07+00:00,2025-08-22T17:09:00+00:00,2025-08-21T17:05:00+00:00,2025-08-22T17:09:00+00:00,288,0,0.79943483111887714,True,
R001561,ETH,2025-08-22T21:04:12+00:00,2025-08-22T20:59:00+00:00,2025-08-21T20:55:00+00:00,2025-08-22T20:59:00+00:00,288,0,0.77876763837484497,True,
R001564,ETH,2025-08-24T17:40:39+00:00,2025-08-24T17:39:00+00:00,2025-08-23T17:35:00+00:00,2025-08-24T17:39:00+00:00,288,0,0.56479404732703342,True,
R001565,BTC,2025-08-24T19:34:16+00:00,2025-08-24T19:29:00+00:00,2025-08-23T19:25:00+00:00,2025-08-24T19:29:00+00:00,288,0,0.49988048462915408,True,
R001567,BTC,2025-08-25T20:00:20+00:00,2025-08-25T19:59:00+00:00,2025-08-24T19:55:00+00:00,2025-08-25T19:59:00+00:00,288,0,0.82072941969686242,True,
R001568,BTC,2025-08-25T20:34:04+00:00,2025-08-25T20:29:00+00:00,2025-08-24T20:25:00+00:00,2025-08-25T20:29:00+00:00,288,0,0.8163090440971893,True,
R001569,BTC,2025-08-26T01:01:18+00:00,2025-08-26T00:59:00+00:00,2025-08-25T00:55:00+00:00,2025-08-26T00:59:00+00:00,288,0,0.831870681156897,True,
R001571,BTC,2025-08-27T20:21:01+00:00,2025-08-27T20:19:00+00:00,2025-08-26T20:15:00+00:00,2025-08-27T20:19:00+00:00,288,0,0.7997326663828912,True,
R001573,ETH,2025-08-29T07:01:38+00:00,2025-08-29T06:59:00+00:00,2025-08-28T06:55:00+00:00,2025-08-29T06:59:00+00:00,288,0,0.80642862665398629,True,
R001575,ETH,2025-08-30T01:54:36+00:00,2025-08-30T01:49:00+00:00,2025-08-29T01:45:00+00:00,2025-08-30T01:49:00+00:00,288,0,0.80277079062521106,True,
R001577,ETH,2025-09-01T20:38:50+00:00,2025-09-01T20:34:00+00:00,2025-08-31T20:30:00+00:00,2025-09-01T20:34:00+00:00,288,0,0.82344572777151648,True,
R001578,BTC,2025-09-02T14:31:19+00:00,2025-09-02T14:29:00+00:00,2025-09-01T14:25:00+00:00,2025-09-02T14:29:00+00:00,288,0,0.81135044886833352,True,
R001579,ETH,2025-09-05T12:30:04+00:00,2025-09-05T12:29:00+00:00,2025-09-04T12:25:00+00:00,2025-09-05T12:29:00+00:00,288,0,0.74770754262192229,True,
R001580,BTC,2025-09-05T14:23:01+00:00,2025-09-05T14:19:00+00:00,2025-09-04T14:15:00+00:00,2025-09-05T14:19:00+00:00,288,0,0.78350800013322275,True,
R001581,BTC,2025-09-05T21:16:47+00:00,2025-09-05T21:14:00+00:00,2025-09-04T21:10:00+00:00,2025-09-05T21:14:00+00:00,288,0,0.78888592496404719,True,
R001582,ETH,2025-09-06T16:21:21+00:00,2025-09-06T16:19:00+00:00,2025-09-05T16:15:00+00:00,2025-09-06T16:19:00+00:00,288,0,0.70074010631987915,True,
R001583,ETH,2025-09-06T16:55:25+00:00,2025-09-06T16:54:00+00:00,2025-09-05T16:50:00+00:00,2025-09-06T16:54:00+00:00,288,0,0.69339326648129984,True,
R001584,BTC,2025-09-07T08:04:36+00:00,2025-09-07T07:59:00+00:00,2025-09-06T07:55:00+00:00,2025-09-07T07:59:00+00:00,288,0,0.72967296676018523,True,
R001585,BTC,2025-09-08T09:08:38+00:00,2025-09-08T09:04:00+00:00,2025-09-07T09:00:00+00:00,2025-09-08T09:04:00+00:00,288,0,0.72490515139078482,True,
R001586,BTC,2025-09-09T14:05:46+00:00,2025-09-09T14:04:00+00:00,2025-09-08T14:00:00+00:00,2025-09-09T14:04:00+00:00,288,0,0.72115868360979063,True,
R001587,BTC,2025-09-10T12:30:02+00:00,2025-09-10T12:29:00+00:00,2025-09-09T12:25:00+00:00,2025-09-10T12:29:00+00:00,288,0,0.81046078564472823,True,
R001589,BTC,2025-09-11T12:30:03+00:00,2025-09-11T12:29:00+00:00,2025-09-10T12:25:00+00:00,2025-09-11T12:29:00+00:00,288,0,0.75330777190636888,True,
R001591,BTC,2025-09-12T01:24:42+00:00,2025-09-12T01:19:00+00:00,2025-09-11T01:15:00+00:00,2025-09-12T01:19:00+00:00,288,0,0.76426515159093733,True,
R001595,ETH,2025-09-13T16:04:42+00:00,2025-09-13T15:59:00+00:00,2025-09-12T15:55:00+00:00,2025-09-13T15:59:00+00:00,288,0,0.55287154085756407,True,
R001596,BTC,2025-09-13T16:43:45+00:00,2025-09-13T16:39:00+00:00,2025-09-12T16:35:00+00:00,2025-09-13T16:39:00+00:00,288,0,0.55521251731713706,True,
R001599,BTC,2025-09-15T04:24:18+00:00,2025-09-15T04:19:00+00:00,2025-09-14T04:15:00+00:00,2025-09-15T04:19:00+00:00,288,0,0.70879463781781404,True,
R001603,BTC,2025-09-17T05:45:14+00:00,2025-09-17T05:44:00+00:00,2025-09-16T05:40:00+00:00,2025-09-17T05:44:00+00:00,288,0,0.7245525139815594,True,
R001608,BTC,2025-09-18T14:00:54+00:00,2025-09-18T13:59:00+00:00,2025-09-17T13:55:00+00:00,2025-09-18T13:59:00+00:00,288,0,0.80206130263243824,True,
R001610,BTC,2025-09-18T23:03:49+00:00,2025-09-18T22:59:00+00:00,2025-09-17T22:55:00+00:00,2025-09-18T22:59:00+00:00,288,0,0.71103851001090235,True,
R001614,BTC,2025-09-22T06:28:39+00:00,2025-09-22T06:24:00+00:00,2025-09-21T06:20:00+00:00,2025-09-22T06:24:00+00:00,288,0,0.84968437806681452,True,
R001615,BTC,2025-09-22T07:50:13+00:00,2025-09-22T07:49:00+00:00,2025-09-21T07:45:00+00:00,2025-09-22T07:49:00+00:00,288,0,0.81730496013011067,True,
R001617,ETH,2025-09-22T19:36:17+00:00,2025-09-22T19:34:00+00:00,2025-09-21T19:30:00+00:00,2025-09-22T19:34:00+00:00,288,0,0.7798278266260027,True,
R001620,ETH,2025-09-25T03:22:07+00:00,2025-09-25T03:19:00+00:00,2025-09-24T03:15:00+00:00,2025-09-25T03:19:00+00:00,288,0,0.80266208514390569,True,
R001621,ETH,2025-09-25T04:53:48+00:00,2025-09-25T04:49:00+00:00,2025-09-24T04:45:00+00:00,2025-09-25T04:49:00+00:00,288,0,0.79747130925718035,True,
R001627,ETH,2025-09-27T08:05:12+00:00,2025-09-27T08:04:00+00:00,2025-09-26T08:00:00+00:00,2025-09-27T08:04:00+00:00,288,0,0.78747972272041855,True,
R001628,ETH,2025-09-27T12:48:05+00:00,2025-09-27T12:44:00+00:00,2025-09-26T12:40:00+00:00,2025-09-27T12:44:00+00:00,288,0,0.77933536212602872,True,
R001629,ETH,2025-09-28T22:05:47+00:00,2025-09-28T22:04:00+00:00,2025-09-27T22:00:00+00:00,2025-09-28T22:04:00+00:00,288,0,0.68850906208564588,True,
R001630,BTC,2025-09-29T13:42:58+00:00,2025-09-29T13:39:00+00:00,2025-09-28T13:35:00+00:00,2025-09-29T13:39:00+00:00,288,0,0.73888336289019763,True,
R001631,ETH,2025-09-30T00:50:47+00:00,2025-09-30T00:49:00+00:00,2025-09-29T00:45:00+00:00,2025-09-30T00:49:00+00:00,288,0,0.7261095735715013,True,
R001632,ETH,2025-10-01T08:45:12+00:00,2025-10-01T08:44:00+00:00,2025-09-30T08:40:00+00:00,2025-10-01T08:44:00+00:00,288,0,0.77707403237909334,True,
R001633,ETH,2025-10-02T00:02:24+00:00,2025-10-01T23:59:00+00:00,2025-09-30T23:55:00+00:00,2025-10-01T23:59:00+00:00,288,0,0.71920503558743387,True,
R001635,ETH,2025-10-02T06:29:32+00:00,2025-10-02T06:24:00+00:00,2025-10-01T06:20:00+00:00,2025-10-02T06:24:00+00:00,288,0,0.68663341400476585,True,
R001636,ETH,2025-10-02T15:04:16+00:00,2025-10-02T14:59:00+00:00,2025-10-01T14:55:00+00:00,2025-10-02T14:59:00+00:00,288,0,0.66046633951072053,True,
R001638,BTC,2025-10-03T16:00:53+00:00,2025-10-03T15:59:00+00:00,2025-10-02T15:55:00+00:00,2025-10-03T15:59:00+00:00,288,0,0.70845477138567825,True,
R001639,ETH,2025-10-03T17:00:33+00:00,2025-10-03T16:59:00+00:00,2025-10-02T16:55:00+00:00,2025-10-03T16:59:00+00:00,288,0,0.70149754005302112,True,
R001641,BTC,2025-10-05T02:30:45+00:00,2025-10-05T02:29:00+00:00,2025-10-04T02:25:00+00:00,2025-10-05T02:29:00+00:00,288,0,0.68123482748399045,True,
R001642,BTC,2025-10-05T04:45:53+00:00,2025-10-05T04:44:00+00:00,2025-10-04T04:40:00+00:00,2025-10-05T04:44:00+00:00,288,0,0.78756846198094321,True,
R001643,BTC,2025-10-05T09:30:21+00:00,2025-10-05T09:29:00+00:00,2025-10-04T09:25:00+00:00,2025-10-05T09:29:00+00:00,288,0,0.79505917164903572,True,
R001644,ETH,2025-10-05T16:46:29+00:00,2025-10-05T16:44:00+00:00,2025-10-04T16:40:00+00:00,2025-10-05T16:44:00+00:00,288,0,0.80947115915429257,True,
R001645,BTC,2025-10-06T11:29:34+00:00,2025-10-06T11:24:00+00:00,2025-10-05T11:20:00+00:00,2025-10-06T11:24:00+00:00,288,0,0.83347788186705718,True,
R001647,BTC,2025-10-06T18:56:43+00:00,2025-10-06T18:54:00+00:00,2025-10-05T18:50:00+00:00,2025-10-06T18:54:00+00:00,288,0,0.81038435893797101,True,
R001650,BTC,2025-10-07T16:24:14+00:00,2025-10-07T16:19:00+00:00,2025-10-06T16:15:00+00:00,2025-10-07T16:19:00+00:00,288,0,0.77558600746304929,True,
R001652,ETH,2025-10-07T23:50:01+00:00,2025-10-07T23:49:00+00:00,2025-10-06T23:45:00+00:00,2025-10-07T23:49:00+00:00,288,0,0.81179445246563975,True,
R001653,BTC,2025-10-09T16:23:46+00:00,2025-10-09T16:19:00+00:00,2025-10-08T16:15:00+00:00,2025-10-09T16:19:00+00:00,288,0,0.77984047352900498,True,
R001657,ETH,2025-10-10T20:52:33+00:00,2025-10-10T20:49:00+00:00,2025-10-09T20:45:00+00:00,2025-10-10T20:49:00+00:00,288,0,0.8418126563995133,True,
R001662,ETH,2025-10-11T01:50:20+00:00,2025-10-11T01:49:00+00:00,2025-10-10T01:45:00+00:00,2025-10-11T01:49:00+00:00,288,0,0.85434670614736163,True,
R001663,BTC,2025-10-11T02:13:32+00:00,2025-10-11T02:09:00+00:00,2025-10-10T02:05:00+00:00,2025-10-11T02:09:00+00:00,288,0,0.85410957615569372,True,
R001664,ETH,2025-10-11T04:15:51+00:00,2025-10-11T04:14:00+00:00,2025-10-10T04:10:00+00:00,2025-10-11T04:14:00+00:00,288,0,0.85339002568773603,True,
R001665,BTC,2025-10-11T07:09:06+00:00,2025-10-11T07:04:00+00:00,2025-10-10T07:00:00+00:00,2025-10-11T07:04:00+00:00,288,0,0.85280335630765103,True,
R001666,BTC,2025-10-11T07:27:15+00:00,2025-10-11T07:24:00+00:00,2025-10-10T07:20:00+00:00,2025-10-11T07:24:00+00:00,288,0,0.8529584672630911,True,
R001669,BTC,2025-10-11T20:46:57+00:00,2025-10-11T20:44:00+00:00,2025-10-10T20:40:00+00:00,2025-10-11T20:44:00+00:00,288,0,0.85375238513663154,True,
R001670,BTC,2025-10-12T02:13:24+00:00,2025-10-12T02:09:00+00:00,2025-10-11T02:05:00+00:00,2025-10-12T02:09:00+00:00,288,0,0.8054184635702264,True,
R001671,BTC,2025-10-12T03:09:51+00:00,2025-10-12T03:04:00+00:00,2025-10-11T03:00:00+00:00,2025-10-12T03:04:00+00:00,288,0,0.79788688283843601,True,
R001672,BTC,2025-10-12T03:28:49+00:00,2025-10-12T03:24:00+00:00,2025-10-11T03:20:00+00:00,2025-10-12T03:24:00+00:00,288,0,0.79490928023834628,True,
R001673,BTC,2025-10-12T06:26:59+00:00,2025-10-12T06:24:00+00:00,2025-10-11T06:20:00+00:00,2025-10-12T06:24:00+00:00,288,0,0.77472707512541628,True,
R001674,ETH,2025-10-12T10:01:25+00:00,2025-10-12T09:59:00+00:00,2025-10-11T09:55:00+00:00,2025-10-12T09:59:00+00:00,288,0,0.77174241396000776,True,
R001675,ETH,2025-10-12T14:46:32+00:00,2025-10-12T14:44:00+00:00,2025-10-11T14:40:00+00:00,2025-10-12T14:44:00+00:00,288,0,0.76488149456158894,True,
R001676,BTC,2025-10-12T16:05:20+00:00,2025-10-12T16:04:00+00:00,2025-10-11T16:00:00+00:00,2025-10-12T16:04:00+00:00,288,0,0.81094934384619732,True,
R001678,BTC,2025-10-12T17:51:15+00:00,2025-10-12T17:49:00+00:00,2025-10-11T17:45:00+00:00,2025-10-12T17:49:00+00:00,288,0,0.82209958934934835,True,
R001679,ETH,2025-10-12T20:50:36+00:00,2025-10-12T20:49:00+00:00,2025-10-11T20:45:00+00:00,2025-10-12T20:49:00+00:00,288,0,0.81377036463222774,True,
R001680,BTC,2025-10-12T21:13:04+00:00,2025-10-12T21:09:00+00:00,2025-10-11T21:05:00+00:00,2025-10-12T21:09:00+00:00,288,0,0.81098498835768695,True,
R001682,ETH,2025-10-13T11:28:31+00:00,2025-10-13T11:24:00+00:00,2025-10-12T11:20:00+00:00,2025-10-13T11:24:00+00:00,288,0,0.83624577308711057,True,
R001683,BTC,2025-10-13T13:45:16+00:00,2025-10-13T13:44:00+00:00,2025-10-12T13:40:00+00:00,2025-10-13T13:44:00+00:00,288,0,0.86161223615451921,True,
R001685,BTC,2025-10-14T04:51:46+00:00,2025-10-14T04:49:00+00:00,2025-10-13T04:45:00+00:00,2025-10-14T04:49:00+00:00,288,0,0.8432387796278995,True,
R001686,ETH,2025-10-14T11:00:44+00:00,2025-10-14T10:59:00+00:00,2025-10-13T10:55:00+00:00,2025-10-14T10:59:00+00:00,288,0,0.84220415731698617,True,
R001687,BTC,2025-10-14T16:22:13+00:00,2025-10-14T16:19:00+00:00,2025-10-13T16:15:00+00:00,2025-10-14T16:19:00+00:00,288,0,0.83252320020670978,True,
R001688,BTC,2025-10-14T19:37:20+00:00,2025-10-14T19:34:00+00:00,2025-10-13T19:30:00+00:00,2025-10-14T19:34:00+00:00,288,0,0.82412678452004851,True,
R001689,ETH,2025-10-15T13:47:54+00:00,2025-10-15T13:44:00+00:00,2025-10-14T13:40:00+00:00,2025-10-15T13:44:00+00:00,288,0,0.83624063071687671,True,
R001691,BTC,2025-10-16T15:41:21+00:00,2025-10-16T15:39:00+00:00,2025-10-15T15:35:00+00:00,2025-10-16T15:39:00+00:00,288,0,0.91751651349391594,True,
R001694,BTC,2025-10-17T08:16:53+00:00,2025-10-17T08:14:00+00:00,2025-10-16T08:10:00+00:00,2025-10-17T08:14:00+00:00,288,0,0.90689061905610147,True,
R001695,ETH,2025-10-17T11:15:23+00:00,2025-10-17T11:14:00+00:00,2025-10-16T11:10:00+00:00,2025-10-17T11:14:00+00:00,288,0,0.88521300277677428,True,
R001696,BTC,2025-10-18T02:34:46+00:00,2025-10-18T02:29:00+00:00,2025-10-17T02:25:00+00:00,2025-10-18T02:29:00+00:00,288,0,0.87283762991313607,True,
R001697,BTC,2025-10-18T04:05:02+00:00,2025-10-18T04:04:00+00:00,2025-10-17T04:00:00+00:00,2025-10-18T04:04:00+00:00,288,0,0.87292752864037959,True,
R001698,ETH,2025-10-19T08:19:18+00:00,2025-10-19T08:14:00+00:00,2025-10-18T08:10:00+00:00,2025-10-19T08:14:00+00:00,288,0,0.79712924204763669,True,
R001699,BTC,2025-10-19T09:41:18+00:00,2025-10-19T09:39:00+00:00,2025-10-18T09:35:00+00:00,2025-10-19T09:39:00+00:00,288,0,0.8240184200680587,True,
R001700,BTC,2025-10-19T11:01:20+00:00,2025-10-19T10:59:00+00:00,2025-10-18T10:55:00+00:00,2025-10-19T10:59:00+00:00,288,0,0.81338286281969918,True,
R001701,ETH,2025-10-19T13:30:17+00:00,2025-10-19T13:29:00+00:00,2025-10-18T13:25:00+00:00,2025-10-19T13:29:00+00:00,288,0,0.80912851057837021,True,
R001702,ETH,2025-10-19T17:04:38+00:00,2025-10-19T16:59:00+00:00,2025-10-18T16:55:00+00:00,2025-10-19T16:59:00+00:00,288,0,0.81312676925546667,True,
R001703,ETH,2025-10-20T16:01:02+00:00,2025-10-20T15:59:00+00:00,2025-10-19T15:55:00+00:00,2025-10-20T15:59:00+00:00,288,0,0.81415022245307489,True,
R001704,BTC,2025-10-20T16:43:27+00:00,2025-10-20T16:39:00+00:00,2025-10-19T16:35:00+00:00,2025-10-20T16:39:00+00:00,288,0,0.80934225391375725,True,
R001705,BTC,2025-10-21T01:55:48+00:00,2025-10-21T01:54:00+00:00,2025-10-20T01:50:00+00:00,2025-10-21T01:54:00+00:00,288,0,0.83904328634360037,True,
R001706,ETH,2025-10-21T04:02:20+00:00,2025-10-21T03:59:00+00:00,2025-10-20T03:55:00+00:00,2025-10-21T03:59:00+00:00,288,0,0.81680134126304804,True,
R001707,BTC,2025-10-21T13:09:28+00:00,2025-10-21T13:04:00+00:00,2025-10-20T13:00:00+00:00,2025-10-21T13:04:00+00:00,288,0,0.84876938237398503,True,
R001708,BTC,2025-10-21T15:07:50+00:00,2025-10-21T15:04:00+00:00,2025-10-20T15:00:00+00:00,2025-10-21T15:04:00+00:00,288,0,0.89609608594387502,True,
R001709,ETH,2025-10-21T16:00:12+00:00,2025-10-21T15:59:00+00:00,2025-10-20T15:55:00+00:00,2025-10-21T15:59:00+00:00,288,0,0.89383073220645737,True,
R001711,BTC,2025-10-21T21:21:41+00:00,2025-10-21T21:19:00+00:00,2025-10-20T21:15:00+00:00,2025-10-21T21:19:00+00:00,288,0,0.88718631533280212,True,
R001712,BTC,2025-10-21T22:09:04+00:00,2025-10-21T22:04:00+00:00,2025-10-20T22:00:00+00:00,2025-10-21T22:04:00+00:00,288,0,0.89278425437027209,True,
R001713,ETH,2025-10-22T00:35:14+00:00,2025-10-22T00:34:00+00:00,2025-10-21T00:30:00+00:00,2025-10-22T00:34:00+00:00,288,0,0.87638446381404389,True,
R001715,BTC,2025-10-22T06:39:36+00:00,2025-10-22T06:34:00+00:00,2025-10-21T06:30:00+00:00,2025-10-22T06:34:00+00:00,288,0,0.87352645942790053,True,
R001716,ETH,2025-10-22T07:58:47+00:00,2025-10-22T07:54:00+00:00,2025-10-21T07:50:00+00:00,2025-10-22T07:54:00+00:00,288,0,0.87096705626281767,True,
R001717,ETH,2025-10-22T11:02:19+00:00,2025-10-22T10:59:00+00:00,2025-10-21T10:55:00+00:00,2025-10-22T10:59:00+00:00,288,0,0.86695028516684203,True,
R001718,BTC,2025-10-22T13:58:08+00:00,2025-10-22T13:54:00+00:00,2025-10-21T13:50:00+00:00,2025-10-22T13:54:00+00:00,288,0,0.87365538852859148,True,
R001719,ETH,2025-10-22T14:24:52+00:00,2025-10-22T14:19:00+00:00,2025-10-21T14:15:00+00:00,2025-10-22T14:19:00+00:00,288,0,0.87061848275878828,True,
R001720,BTC,2025-10-22T14:46:26+00:00,2025-10-22T14:44:00+00:00,2025-10-21T14:40:00+00:00,2025-10-22T14:44:00+00:00,288,0,0.86348229051374903,True,
R001721,BTC,2025-10-22T16:30:39+00:00,2025-10-22T16:29:00+00:00,2025-10-21T16:25:00+00:00,2025-10-22T16:29:00+00:00,288,0,0.86000388265968608,True,
R001722,BTC,2025-10-22T17:20:18+00:00,2025-10-22T17:19:00+00:00,2025-10-21T17:15:00+00:00,2025-10-22T17:19:00+00:00,288,0,0.8596855009363854,True,
R001724,BTC,2025-10-22T18:56:53+00:00,2025-10-22T18:54:00+00:00,2025-10-21T18:50:00+00:00,2025-10-22T18:54:00+00:00,288,0,0.86547211475674912,True,
R001726,BTC,2025-10-22T20:51:56+00:00,2025-10-22T20:49:00+00:00,2025-10-21T20:45:00+00:00,2025-10-22T20:49:00+00:00,288,0,0.85837133999335802,True,
R001727,BTC,2025-10-23T01:12:43+00:00,2025-10-23T01:09:00+00:00,2025-10-22T01:05:00+00:00,2025-10-23T01:09:00+00:00,288,0,0.86729446480335293,True,
R001728,BTC,2025-10-23T06:15:38+00:00,2025-10-23T06:14:00+00:00,2025-10-22T06:10:00+00:00,2025-10-23T06:14:00+00:00,288,0,0.86521578067771665,True,
R001729,BTC,2025-10-23T16:54:19+00:00,2025-10-23T16:49:00+00:00,2025-10-22T16:45:00+00:00,2025-10-23T16:49:00+00:00,288,0,0.84808979058040868,True,
R001730,BTC,2025-10-23T20:58:14+00:00,2025-10-23T20:54:00+00:00,2025-10-22T20:50:00+00:00,2025-10-23T20:54:00+00:00,288,0,0.87493774833252547,True,
R001731,BTC,2025-10-24T12:30:02+00:00,2025-10-24T12:29:00+00:00,2025-10-23T12:25:00+00:00,2025-10-24T12:29:00+00:00,288,0,0.88318866858994549,True,
R001732,BTC,2025-10-24T13:39:25+00:00,2025-10-24T13:34:00+00:00,2025-10-23T13:30:00+00:00,2025-10-24T13:34:00+00:00,288,0,0.88730208894353457,True,
R001733,BTC,2025-10-24T15:12:24+00:00,2025-10-24T15:09:00+00:00,2025-10-23T15:05:00+00:00,2025-10-24T15:09:00+00:00,288,0,0.87725065173237871,True,
R001734,ETH,2025-10-24T15:57:41+00:00,2025-10-24T15:54:00+00:00,2025-10-23T15:50:00+00:00,2025-10-24T15:54:00+00:00,288,0,0.87113803973755943,True,
R001735,BTC,2025-10-24T21:10:04+00:00,2025-10-24T21:09:00+00:00,2025-10-23T21:05:00+00:00,2025-10-24T21:09:00+00:00,288,0,0.81201629341037462,True,
R001736,ETH,2025-10-25T07:33:24+00:00,2025-10-25T07:29:00+00:00,2025-10-24T07:25:00+00:00,2025-10-25T07:29:00+00:00,288,0,0.83693220983945571,True,
R001737,ETH,2025-10-26T22:02:42+00:00,2025-10-26T21:59:00+00:00,2025-10-25T21:55:00+00:00,2025-10-26T21:59:00+00:00,288,0,0.78112523192226857,True,
R001739,BTC,2025-10-27T20:56:28+00:00,2025-10-27T20:54:00+00:00,2025-10-26T20:50:00+00:00,2025-10-27T20:54:00+00:00,288,0,0.81625569285782795,True,
R001741,BTC,2025-10-28T20:39:41+00:00,2025-10-28T20:34:00+00:00,2025-10-27T20:30:00+00:00,2025-10-28T20:34:00+00:00,288,0,0.8747534759721497,True,
R001742,BTC,2025-10-28T21:07:22+00:00,2025-10-28T21:04:00+00:00,2025-10-27T21:00:00+00:00,2025-10-28T21:04:00+00:00,288,0,0.88095607158598177,True,
R001743,BTC,2025-10-29T15:28:11+00:00,2025-10-29T15:24:00+00:00,2025-10-28T15:20:00+00:00,2025-10-29T15:24:00+00:00,288,0,0.8720476930441402,True,
R001744,ETH,2025-10-29T18:00:17+00:00,2025-10-29T17:59:00+00:00,2025-10-28T17:55:00+00:00,2025-10-29T17:59:00+00:00,288,0,0.8445018528815138,True,
R001745,BTC,2025-10-29T18:35:31+00:00,2025-10-29T18:34:00+00:00,2025-10-28T18:30:00+00:00,2025-10-29T18:34:00+00:00,288,0,0.8494666010751929,True,
R001747,ETH,2025-10-29T23:37:22+00:00,2025-10-29T23:34:00+00:00,2025-10-28T23:30:00+00:00,2025-10-29T23:34:00+00:00,288,0,0.93353431918066676,True,
R001748,BTC,2025-10-30T01:59:53+00:00,2025-10-30T01:54:00+00:00,2025-10-29T01:50:00+00:00,2025-10-30T01:54:00+00:00,288,0,0.9371010708917169,True,
R001749,BTC,2025-10-30T03:59:50+00:00,2025-10-30T03:54:00+00:00,2025-10-29T03:50:00+00:00,2025-10-30T03:54:00+00:00,288,0,0.93568902640305374,True,
R001750,BTC,2025-10-30T04:26:18+00:00,2025-10-30T04:24:00+00:00,2025-10-29T04:20:00+00:00,2025-10-30T04:24:00+00:00,288,0,0.93746215373684039,True,
R001752,ETH,2025-10-30T13:36:39+00:00,2025-10-30T13:34:00+00:00,2025-10-29T13:30:00+00:00,2025-10-30T13:34:00+00:00,288,0,0.89227242800573026,True,
R001754,BTC,2025-10-30T23:34:31+00:00,2025-10-30T23:29:00+00:00,2025-10-29T23:25:00+00:00,2025-10-30T23:29:00+00:00,288,0,0.81971060100492532,True,
R001755,BTC,2025-10-31T04:40:27+00:00,2025-10-31T04:39:00+00:00,2025-10-30T04:35:00+00:00,2025-10-31T04:39:00+00:00,288,0,0.80173925274074165,True,
R001757,ETH,2025-10-31T13:21:20+00:00,2025-10-31T13:19:00+00:00,2025-10-30T13:15:00+00:00,2025-10-31T13:19:00+00:00,288,0,0.82155557237262444,True,
R001758,BTC,2025-10-31T14:35:05+00:00,2025-10-31T14:34:00+00:00,2025-10-30T14:30:00+00:00,2025-10-31T14:34:00+00:00,288,0,0.8261317948349689,True,
R001759,BTC,2025-10-31T15:08:03+00:00,2025-10-31T15:04:00+00:00,2025-10-30T15:00:00+00:00,2025-10-31T15:04:00+00:00,288,0,0.81754519439585682,True,
R001760,BTC,2025-10-31T18:44:05+00:00,2025-10-31T18:39:00+00:00,2025-10-30T18:35:00+00:00,2025-10-31T18:39:00+00:00,288,0,0.81604309580421819,True,
R001761,BTC,2025-10-31T19:46:47+00:00,2025-10-31T19:44:00+00:00,2025-10-30T19:40:00+00:00,2025-10-31T19:44:00+00:00,288,0,0.81814900275399427,True,
R001762,ETH,2025-11-02T09:41:28+00:00,2025-11-02T09:39:00+00:00,2025-11-01T09:35:00+00:00,2025-11-02T09:39:00+00:00,288,0,0.82266062939092632,True,
R001763,ETH,2025-11-02T10:03:22+00:00,2025-11-02T09:59:00+00:00,2025-11-01T09:55:00+00:00,2025-11-02T09:59:00+00:00,288,0,0.82507785489092289,True,
R001764,BTC,2025-11-02T16:00:34+00:00,2025-11-02T15:59:00+00:00,2025-11-01T15:55:00+00:00,2025-11-02T15:59:00+00:00,288,0,0.77860966602172543,True,
R001765,BTC,2025-11-02T22:34:36+00:00,2025-11-02T22:29:00+00:00,2025-11-01T22:25:00+00:00,2025-11-02T22:29:00+00:00,288,0,0.77766989117474672,True,
R001766,ETH,2025-11-02T23:39:10+00:00,2025-11-02T23:34:00+00:00,2025-11-01T23:30:00+00:00,2025-11-02T23:34:00+00:00,288,0,0.79697742987442843,True,
R001768,ETH,2025-11-03T03:13:25+00:00,2025-11-03T03:09:00+00:00,2025-11-02T03:05:00+00:00,2025-11-03T03:09:00+00:00,288,0,0.79086358721073835,True,
R001769,ETH,2025-11-03T10:59:13+00:00,2025-11-03T10:54:00+00:00,2025-11-02T10:50:00+00:00,2025-11-03T10:54:00+00:00,288,0,0.83561389324165436,True,
R001770,ETH,2025-11-03T11:16:12+00:00,2025-11-03T11:14:00+00:00,2025-11-02T11:10:00+00:00,2025-11-03T11:14:00+00:00,288,0,0.83625356529706973,True,
R001771,BTC,2025-11-03T12:04:30+00:00,2025-11-03T11:59:00+00:00,2025-11-02T11:55:00+00:00,2025-11-03T11:59:00+00:00,288,0,0.84520189958104786,True,
R001772,ETH,2025-11-03T13:25:54+00:00,2025-11-03T13:24:00+00:00,2025-11-02T13:20:00+00:00,2025-11-03T13:24:00+00:00,288,0,0.84397922007730941,True,
R001774,BTC,2025-11-03T17:21:23+00:00,2025-11-03T17:19:00+00:00,2025-11-02T17:15:00+00:00,2025-11-03T17:19:00+00:00,288,0,0.87949187991841993,True,
R001775,ETH,2025-11-04T01:38:51+00:00,2025-11-04T01:34:00+00:00,2025-11-03T01:30:00+00:00,2025-11-04T01:34:00+00:00,288,0,0.88119125167659917,True,
R001777,ETH,2025-11-04T06:17:14+00:00,2025-11-04T06:14:00+00:00,2025-11-03T06:10:00+00:00,2025-11-04T06:14:00+00:00,288,0,0.87456125495947445,True,
R001778,ETH,2025-11-04T07:03:43+00:00,2025-11-04T06:59:00+00:00,2025-11-03T06:55:00+00:00,2025-11-04T06:59:00+00:00,288,0,0.87168733829236755,True,
R001779,BTC,2025-11-04T14:32:19+00:00,2025-11-04T14:29:00+00:00,2025-11-03T14:25:00+00:00,2025-11-04T14:29:00+00:00,288,0,0.86526423602891012,True,
R001780,ETH,2025-11-04T18:37:08+00:00,2025-11-04T18:34:00+00:00,2025-11-03T18:30:00+00:00,2025-11-04T18:34:00+00:00,288,0,0.8610278599833695,True,
R001781,ETH,2025-11-04T20:17:37+00:00,2025-11-04T20:14:00+00:00,2025-11-03T20:10:00+00:00,2025-11-04T20:14:00+00:00,288,0,0.88232335897853209,True,
R001782,BTC,2025-11-04T21:14:37+00:00,2025-11-04T21:09:00+00:00,2025-11-03T21:05:00+00:00,2025-11-04T21:09:00+00:00,288,0,0.85981171775426501,True,
R001783,ETH,2025-11-04T21:53:39+00:00,2025-11-04T21:49:00+00:00,2025-11-03T21:45:00+00:00,2025-11-04T21:49:00+00:00,288,0,0.86415045665704038,True,
R001784,ETH,2025-11-05T02:44:55+00:00,2025-11-05T02:39:00+00:00,2025-11-04T02:35:00+00:00,2025-11-05T02:39:00+00:00,288,0,0.86242558129298497,True,
R001786,BTC,2025-11-05T20:12:56+00:00,2025-11-05T20:09:00+00:00,2025-11-04T20:05:00+00:00,2025-11-05T20:09:00+00:00,288,0,0.82807502760474749,True,
R001787,ETH,2025-11-06T07:17:15+00:00,2025-11-06T07:14:00+00:00,2025-11-05T07:10:00+00:00,2025-11-06T07:14:00+00:00,288,0,0.83971742102819569,True,
R001788,ETH,2025-11-06T10:34:44+00:00,2025-11-06T10:29:00+00:00,2025-11-05T10:25:00+00:00,2025-11-06T10:29:00+00:00,288,0,0.84072148412769343,True,
R001789,BTC,2025-11-06T11:02:50+00:00,2025-11-06T10:59:00+00:00,2025-11-05T10:55:00+00:00,2025-11-06T10:59:00+00:00,288,0,0.83380649258822892,True,
R001790,BTC,2025-11-06T16:42:33+00:00,2025-11-06T16:39:00+00:00,2025-11-05T16:35:00+00:00,2025-11-06T16:39:00+00:00,288,0,0.85551052934506555,True,
R001791,BTC,2025-11-06T16:58:53+00:00,2025-11-06T16:54:00+00:00,2025-11-05T16:50:00+00:00,2025-11-06T16:54:00+00:00,288,0,0.86397520515424653,True,
R001794,ETH,2025-11-08T16:52:54+00:00,2025-11-08T16:49:00+00:00,2025-11-07T16:45:00+00:00,2025-11-08T16:49:00+00:00,288,0,0.82969421582362901,True,
R001796,BTC,2025-11-09T14:09:43+00:00,2025-11-09T14:04:00+00:00,2025-11-08T14:00:00+00:00,2025-11-09T14:04:00+00:00,288,0,0.7746498878208431,True,
R001797,ETH,2025-11-09T14:26:28+00:00,2025-11-09T14:24:00+00:00,2025-11-08T14:20:00+00:00,2025-11-09T14:24:00+00:00,288,0,0.77720185485373972,True,
R001799,ETH,2025-11-09T17:20:09+00:00,2025-11-09T17:19:00+00:00,2025-11-08T17:15:00+00:00,2025-11-09T17:19:00+00:00,288,0,0.8042907239521796,True,
R001800,ETH,2025-11-10T14:45:47+00:00,2025-11-10T14:44:00+00:00,2025-11-09T14:40:00+00:00,2025-11-10T14:44:00+00:00,288,0,0.82228147452238409,True,
R001803,BTC,2025-11-11T15:12:15+00:00,2025-11-11T15:09:00+00:00,2025-11-10T15:05:00+00:00,2025-11-11T15:09:00+00:00,288,0,0.86768342801342213,True,
R001804,BTC,2025-11-13T03:15:34+00:00,2025-11-13T03:14:00+00:00,2025-11-12T03:10:00+00:00,2025-11-13T03:14:00+00:00,288,0,0.87701357883133446,True,
R001806,BTC,2025-11-13T06:00:21+00:00,2025-11-13T05:59:00+00:00,2025-11-12T05:55:00+00:00,2025-11-13T05:59:00+00:00,288,0,0.87584530470697086,True,
R001807,BTC,2025-11-13T12:00:02+00:00,2025-11-13T11:59:00+00:00,2025-11-12T11:55:00+00:00,2025-11-13T11:59:00+00:00,288,0,0.85929058564763172,True,
R001809,BTC,2025-11-13T14:51:22+00:00,2025-11-13T14:49:00+00:00,2025-11-12T14:45:00+00:00,2025-11-13T14:49:00+00:00,288,0,0.84147833289923846,True,
R001810,BTC,2025-11-13T16:55:45+00:00,2025-11-13T16:54:00+00:00,2025-11-12T16:50:00+00:00,2025-11-13T16:54:00+00:00,288,0,0.84793138434502047,True,
R001813,BTC,2025-11-13T23:52:40+00:00,2025-11-13T23:49:00+00:00,2025-11-12T23:45:00+00:00,2025-11-13T23:49:00+00:00,288,0,0.8530785808801935,True,
R001814,BTC,2025-11-14T00:08:56+00:00,2025-11-14T00:04:00+00:00,2025-11-13T00:00:00+00:00,2025-11-14T00:04:00+00:00,288,0,0.8537628194814364,True,
R001815,BTC,2025-11-14T04:34:53+00:00,2025-11-14T04:29:00+00:00,2025-11-13T04:25:00+00:00,2025-11-14T04:29:00+00:00,288,0,0.85546430495369452,True,
R001816,BTC,2025-11-14T06:49:01+00:00,2025-11-14T06:44:00+00:00,2025-11-13T06:40:00+00:00,2025-11-14T06:44:00+00:00,288,0,0.87248656560016324,True,
R001817,BTC,2025-11-14T14:09:54+00:00,2025-11-14T14:04:00+00:00,2025-11-13T14:00:00+00:00,2025-11-14T14:04:00+00:00,288,0,0.88543104417289054,True,
R001819,BTC,2025-11-14T18:59:05+00:00,2025-11-14T18:54:00+00:00,2025-11-13T18:50:00+00:00,2025-11-14T18:54:00+00:00,288,0,0.89593046295116552,True,
R001820,BTC,2025-11-15T01:55:06+00:00,2025-11-15T01:54:00+00:00,2025-11-14T01:50:00+00:00,2025-11-15T01:54:00+00:00,288,0,0.89728644055381979,True,
R001821,ETH,2025-11-16T09:51:25+00:00,2025-11-16T09:49:00+00:00,2025-11-15T09:45:00+00:00,2025-11-16T09:49:00+00:00,288,0,0.85675948970767379,True,
R001822,ETH,2025-11-16T11:14:26+00:00,2025-11-16T11:09:00+00:00,2025-11-15T11:05:00+00:00,2025-11-16T11:09:00+00:00,288,0,0.86391537511933192,True,
R001823,BTC,2025-11-16T15:53:31+00:00,2025-11-16T15:49:00+00:00,2025-11-15T15:45:00+00:00,2025-11-16T15:49:00+00:00,288,0,0.86677392041457701,True,
R001824,ETH,2025-11-16T17:22:52+00:00,2025-11-16T17:19:00+00:00,2025-11-15T17:15:00+00:00,2025-11-16T17:19:00+00:00,288,0,0.86874639683909693,True,
R001825,ETH,2025-11-16T17:59:20+00:00,2025-11-16T17:54:00+00:00,2025-11-15T17:50:00+00:00,2025-11-16T17:54:00+00:00,288,0,0.86405393402420549,True,
R001826,ETH,2025-11-16T23:02:48+00:00,2025-11-16T22:59:00+00:00,2025-11-15T22:55:00+00:00,2025-11-16T22:59:00+00:00,288,0,0.89149995034543905,True,
R001827,ETH,2025-11-17T02:11:26+00:00,2025-11-17T02:09:00+00:00,2025-11-16T02:05:00+00:00,2025-11-17T02:09:00+00:00,288,0,0.92073358944453843,True,
R001828,BTC,2025-11-17T13:29:06+00:00,2025-11-17T13:24:00+00:00,2025-11-16T13:20:00+00:00,2025-11-17T13:24:00+00:00,288,0,0.91017839530592637,True,
R001829,BTC,2025-11-17T14:36:46+00:00,2025-11-17T14:34:00+00:00,2025-11-16T14:30:00+00:00,2025-11-17T14:34:00+00:00,288,0,0.91400269601696005,True,
R001830,ETH,2025-11-17T18:38:26+00:00,2025-11-17T18:34:00+00:00,2025-11-16T18:30:00+00:00,2025-11-17T18:34:00+00:00,288,0,0.93105584559771948,True,
R001831,BTC,2025-11-17T22:12:45+00:00,2025-11-17T22:09:00+00:00,2025-11-16T22:05:00+00:00,2025-11-17T22:09:00+00:00,288,0,0.92116514193668064,True,
R001832,ETH,2025-11-18T03:00:52+00:00,2025-11-18T02:59:00+00:00,2025-11-17T02:55:00+00:00,2025-11-18T02:59:00+00:00,288,0,0.90631120848189184,True,
R001834,BTC,2025-11-18T04:47:26+00:00,2025-11-18T04:44:00+00:00,2025-11-17T04:40:00+00:00,2025-11-18T04:44:00+00:00,288,0,0.91171205634502517,True,
R001836,BTC,2025-11-18T15:22:18+00:00,2025-11-18T15:19:00+00:00,2025-11-17T15:15:00+00:00,2025-11-18T15:19:00+00:00,288,0,0.89989133804069588,True,
R001837,ETH,2025-11-19T21:23:08+00:00,2025-11-19T21:19:00+00:00,2025-11-18T21:15:00+00:00,2025-11-19T21:19:00+00:00,288,0,0.86910850297405451,True,
R001838,BTC,2025-11-19T23:07:10+00:00,2025-11-19T23:04:00+00:00,2025-11-18T23:00:00+00:00,2025-11-19T23:04:00+00:00,288,0,0.87857922044976444,True,
R001840,BTC,2025-11-20T13:30:06+00:00,2025-11-20T13:29:00+00:00,2025-11-19T13:25:00+00:00,2025-11-20T13:29:00+00:00,288,0,0.88957108673721741,True,
R001841,BTC,2025-11-20T14:11:00+00:00,2025-11-20T14:09:00+00:00,2025-11-19T14:05:00+00:00,2025-11-20T14:09:00+00:00,288,0,0.8935924790661175,True,
R001843,BTC,2025-11-20T17:35:20+00:00,2025-11-20T17:34:00+00:00,2025-11-19T17:30:00+00:00,2025-11-20T17:34:00+00:00,288,0,0.88206842878438574,True,
R001844,BTC,2025-11-21T02:44:40+00:00,2025-11-21T02:39:00+00:00,2025-11-20T02:35:00+00:00,2025-11-21T02:39:00+00:00,288,0,0.88660611090104635,True,
R001845,BTC,2025-11-21T07:32:49+00:00,2025-11-21T07:29:00+00:00,2025-11-20T07:25:00+00:00,2025-11-21T07:29:00+00:00,288,0,0.88831585901783605,True,
R001846,BTC,2025-11-21T12:23:32+00:00,2025-11-21T12:19:00+00:00,2025-11-20T12:15:00+00:00,2025-11-21T12:19:00+00:00,288,0,0.91332497085017328,True,
R001847,ETH,2025-11-21T12:41:27+00:00,2025-11-21T12:39:00+00:00,2025-11-20T12:35:00+00:00,2025-11-21T12:39:00+00:00,288,0,0.92408098597605404,True,
R001848,BTC,2025-11-21T14:34:06+00:00,2025-11-21T14:29:00+00:00,2025-11-20T14:25:00+00:00,2025-11-21T14:29:00+00:00,288,0,0.91790875263657135,True,
R001849,ETH,2025-11-21T14:59:24+00:00,2025-11-21T14:54:00+00:00,2025-11-20T14:50:00+00:00,2025-11-21T14:54:00+00:00,288,0,0.91898035422985658,True,
R001850,ETH,2025-11-21T15:37:45+00:00,2025-11-21T15:34:00+00:00,2025-11-20T15:30:00+00:00,2025-11-21T15:34:00+00:00,288,0,0.9177044259978594,True,
R001851,ETH,2025-11-21T16:03:36+00:00,2025-11-21T15:59:00+00:00,2025-11-20T15:55:00+00:00,2025-11-21T15:59:00+00:00,288,0,0.91776563700046832,True,
R001852,BTC,2025-11-21T16:52:14+00:00,2025-11-21T16:49:00+00:00,2025-11-20T16:45:00+00:00,2025-11-21T16:49:00+00:00,288,0,0.92141504771570149,True,
R001853,BTC,2025-11-21T18:07:13+00:00,2025-11-21T18:04:00+00:00,2025-11-20T18:00:00+00:00,2025-11-21T18:04:00+00:00,288,0,0.9283772785862352,True,
R001854,BTC,2025-11-21T18:48:13+00:00,2025-11-21T18:44:00+00:00,2025-11-20T18:40:00+00:00,2025-11-21T18:44:00+00:00,288,0,0.92927153506643689,True,
R001855,BTC,2025-11-21T20:57:54+00:00,2025-11-21T20:54:00+00:00,2025-11-20T20:50:00+00:00,2025-11-21T20:54:00+00:00,288,0,0.92850322758953552,True,
R001856,ETH,2025-11-22T08:34:33+00:00,2025-11-22T08:29:00+00:00,2025-11-21T08:25:00+00:00,2025-11-22T08:29:00+00:00,288,0,0.92111791838688695,True,
R001857,ETH,2025-11-22T22:53:27+00:00,2025-11-22T22:49:00+00:00,2025-11-21T22:45:00+00:00,2025-11-22T22:49:00+00:00,288,0,0.89110671781605966,True,
R001859,BTC,2025-11-24T06:42:07+00:00,2025-11-24T06:39:00+00:00,2025-11-23T06:35:00+00:00,2025-11-24T06:39:00+00:00,288,0,0.88533847141904198,True,
R001861,BTC,2025-11-25T01:24:59+00:00,2025-11-25T01:19:00+00:00,2025-11-24T01:15:00+00:00,2025-11-25T01:19:00+00:00,288,0,0.86763989621480508,True,
R001863,ETH,2025-11-26T12:04:07+00:00,2025-11-26T11:59:00+00:00,2025-11-25T11:55:00+00:00,2025-11-26T11:59:00+00:00,288,0,0.87518621433776878,True,
R001866,BTC,2025-11-27T01:05:01+00:00,2025-11-27T01:04:00+00:00,2025-11-26T01:00:00+00:00,2025-11-27T01:04:00+00:00,288,0,0.87225534536500882,True,
R001867,ETH,2025-11-27T01:57:44+00:00,2025-11-27T01:54:00+00:00,2025-11-26T01:50:00+00:00,2025-11-27T01:54:00+00:00,288,0,0.86823703906441074,True,
R001868,ETH,2025-11-27T02:21:01+00:00,2025-11-27T02:19:00+00:00,2025-11-26T02:15:00+00:00,2025-11-27T02:19:00+00:00,288,0,0.87295863109846639,True,
R001869,ETH,2025-11-29T17:33:28+00:00,2025-11-29T17:29:00+00:00,2025-11-28T17:25:00+00:00,2025-11-29T17:29:00+00:00,288,0,0.80862808796644303,True,
R001870,BTC,2025-11-30T13:23:30+00:00,2025-11-30T13:19:00+00:00,2025-11-29T13:15:00+00:00,2025-11-30T13:19:00+00:00,288,0,0.81597940816941106,True,
R001871,BTC,2025-12-01T00:04:06+00:00,2025-11-30T23:59:00+00:00,2025-11-29T23:55:00+00:00,2025-11-30T23:59:00+00:00,288,0,0.8285555722889375,True,
R001872,ETH,2025-12-01T02:39:10+00:00,2025-12-01T02:34:00+00:00,2025-11-30T02:30:00+00:00,2025-12-01T02:34:00+00:00,288,0,0.84045712243492321,True,
R001873,BTC,2025-12-01T12:48:32+00:00,2025-12-01T12:44:00+00:00,2025-11-30T12:40:00+00:00,2025-12-01T12:44:00+00:00,288,0,0.81658846483627423,True,
R001874,BTC,2025-12-01T14:48:24+00:00,2025-12-01T14:44:00+00:00,2025-11-30T14:40:00+00:00,2025-12-01T14:44:00+00:00,288,0,0.82330918364325489,True,
R001875,ETH,2025-12-01T15:14:52+00:00,2025-12-01T15:09:00+00:00,2025-11-30T15:05:00+00:00,2025-12-01T15:09:00+00:00,288,0,0.82031312346944063,True,
R001876,BTC,2025-12-01T21:31:40+00:00,2025-12-01T21:29:00+00:00,2025-11-30T21:25:00+00:00,2025-12-01T21:29:00+00:00,288,0,0.85564489462348492,True,
R001877,BTC,2025-12-02T08:42:49+00:00,2025-12-02T08:39:00+00:00,2025-12-01T08:35:00+00:00,2025-12-02T08:39:00+00:00,288,0,0.8821038362545186,True,
R001878,ETH,2025-12-02T15:43:17+00:00,2025-12-02T15:39:00+00:00,2025-12-01T15:35:00+00:00,2025-12-02T15:39:00+00:00,288,0,0.85616759064737624,True,
R001879,BTC,2025-12-02T16:02:12+00:00,2025-12-02T15:59:00+00:00,2025-12-01T15:55:00+00:00,2025-12-02T15:59:00+00:00,288,0,0.83671530361391444,True,
R001880,BTC,2025-12-02T17:05:05+00:00,2025-12-02T17:04:00+00:00,2025-12-01T17:00:00+00:00,2025-12-02T17:04:00+00:00,288,0,0.82623346271814846,True,
R001881,BTC,2025-12-02T20:16:30+00:00,2025-12-02T20:14:00+00:00,2025-12-01T20:10:00+00:00,2025-12-02T20:14:00+00:00,288,0,0.81089482740688434,True,
R001882,ETH,2025-12-03T02:11:54+00:00,2025-12-03T02:09:00+00:00,2025-12-02T02:05:00+00:00,2025-12-03T02:09:00+00:00,288,0,0.79716103273695404,True,
R001883,BTC,2025-12-03T02:46:30+00:00,2025-12-03T02:44:00+00:00,2025-12-02T02:40:00+00:00,2025-12-03T02:44:00+00:00,288,0,0.80879335963819088,True,
R001884,BTC,2025-12-03T06:44:21+00:00,2025-12-03T06:39:00+00:00,2025-12-02T06:35:00+00:00,2025-12-03T06:39:00+00:00,288,0,0.79521290377145148,True,
R001885,BTC,2025-12-03T14:02:13+00:00,2025-12-03T13:59:00+00:00,2025-12-02T13:55:00+00:00,2025-12-03T13:59:00+00:00,288,0,0.79815287887984332,True,
R001886,ETH,2025-12-03T14:43:16+00:00,2025-12-03T14:39:00+00:00,2025-12-02T14:35:00+00:00,2025-12-03T14:39:00+00:00,288,0,0.85572171610051206,True,
R001887,ETH,2025-12-03T20:52:48+00:00,2025-12-03T20:49:00+00:00,2025-12-02T20:45:00+00:00,2025-12-03T20:49:00+00:00,288,0,0.90771514943740561,True,
R001888,BTC,2025-12-04T13:46:18+00:00,2025-12-04T13:44:00+00:00,2025-12-03T13:40:00+00:00,2025-12-04T13:44:00+00:00,288,0,0.90415816690595929,True,
R001889,BTC,2025-12-05T03:56:29+00:00,2025-12-05T03:54:00+00:00,2025-12-04T03:50:00+00:00,2025-12-05T03:54:00+00:00,288,0,0.88763204365227133,True,
R001890,BTC,2025-12-05T15:04:17+00:00,2025-12-05T14:59:00+00:00,2025-12-04T14:55:00+00:00,2025-12-05T14:59:00+00:00,288,0,0.89341125689928713,True,
R001891,BTC,2025-12-05T16:42:21+00:00,2025-12-05T16:39:00+00:00,2025-12-04T16:35:00+00:00,2025-12-05T16:39:00+00:00,288,0,0.88973575203324928,True,
R001892,BTC,2025-12-06T19:07:41+00:00,2025-12-06T19:04:00+00:00,2025-12-05T19:00:00+00:00,2025-12-06T19:04:00+00:00,288,0,0.83848353036469103,True,
R001893,BTC,2025-12-06T23:03:26+00:00,2025-12-06T22:59:00+00:00,2025-12-05T22:55:00+00:00,2025-12-06T22:59:00+00:00,288,0,0.841464410430942,True,
R001894,BTC,2025-12-07T13:22:52+00:00,2025-12-07T13:19:00+00:00,2025-12-06T13:15:00+00:00,2025-12-07T13:19:00+00:00,288,0,0.84232613931248812,True,
R001895,ETH,2025-12-07T14:24:52+00:00,2025-12-07T14:19:00+00:00,2025-12-06T14:15:00+00:00,2025-12-07T14:19:00+00:00,288,0,0.84280666196217835,True,
R001896,ETH,2025-12-07T15:55:34+00:00,2025-12-07T15:54:00+00:00,2025-12-06T15:50:00+00:00,2025-12-07T15:54:00+00:00,288,0,0.81008605507224563,True,
R001897,ETH,2025-12-07T17:18:22+00:00,2025-12-07T17:14:00+00:00,2025-12-06T17:10:00+00:00,2025-12-07T17:14:00+00:00,288,0,0.83180123082039426,True,
R001898,ETH,2025-12-08T09:05:24+00:00,2025-12-08T09:04:00+00:00,2025-12-07T09:00:00+00:00,2025-12-08T09:04:00+00:00,288,0,0.85775060450523843,True,
R001899,ETH,2025-12-09T15:44:24+00:00,2025-12-09T15:39:00+00:00,2025-12-08T15:35:00+00:00,2025-12-09T15:39:00+00:00,288,0,0.89423815899874926,True,
R001900,ETH,2025-12-09T16:01:02+00:00,2025-12-09T15:59:00+00:00,2025-12-08T15:55:00+00:00,2025-12-09T15:59:00+00:00,288,0,0.88795391110952904,True,
R001901,ETH,2025-12-09T22:38:51+00:00,2025-12-09T22:34:00+00:00,2025-12-08T22:30:00+00:00,2025-12-09T22:34:00+00:00,288,0,0.86864406381981651,True,
R001902,BTC,2025-12-10T11:42:25+00:00,2025-12-10T11:39:00+00:00,2025-12-09T11:35:00+00:00,2025-12-10T11:39:00+00:00,288,0,0.86342414696051428,True,
R001903,ETH,2025-12-10T19:00:14+00:00,2025-12-10T18:59:00+00:00,2025-12-09T18:55:00+00:00,2025-12-10T18:59:00+00:00,288,0,0.84940491392546646,True,
R001904,BTC,2025-12-10T19:40:08+00:00,2025-12-10T19:39:00+00:00,2025-12-09T19:35:00+00:00,2025-12-10T19:39:00+00:00,288,0,0.860832508961898,True,
R001908,BTC,2025-12-14T11:03:19+00:00,2025-12-14T10:59:00+00:00,2025-12-13T10:55:00+00:00,2025-12-14T10:59:00+00:00,288,0,0.82028538727829614,True,
R001909,BTC,2025-12-14T11:44:43+00:00,2025-12-14T11:39:00+00:00,2025-12-13T11:35:00+00:00,2025-12-14T11:39:00+00:00,288,0,0.82734815584877397,True,
R001910,BTC,2025-12-14T16:57:27+00:00,2025-12-14T16:54:00+00:00,2025-12-13T16:50:00+00:00,2025-12-14T16:54:00+00:00,288,0,0.85674694388323613,True,
R001911,ETH,2025-12-14T23:32:30+00:00,2025-12-14T23:29:00+00:00,2025-12-13T23:25:00+00:00,2025-12-14T23:29:00+00:00,288,0,0.85643511629485825,True,
R001912,ETH,2025-12-15T00:01:35+00:00,2025-12-14T23:59:00+00:00,2025-12-13T23:55:00+00:00,2025-12-14T23:59:00+00:00,288,0,0.85396317906068475,True,
R001915,ETH,2025-12-16T04:49:30+00:00,2025-12-16T04:44:00+00:00,2025-12-15T04:40:00+00:00,2025-12-16T04:44:00+00:00,288,0,0.89231277283645405,True,
R001916,BTC,2025-12-16T13:30:02+00:00,2025-12-16T13:29:00+00:00,2025-12-15T13:25:00+00:00,2025-12-16T13:29:00+00:00,288,0,0.89364222668521165,True,
R001917,ETH,2025-12-17T14:46:08+00:00,2025-12-17T14:44:00+00:00,2025-12-16T14:40:00+00:00,2025-12-17T14:44:00+00:00,288,0,0.86829760056235428,True,
R001918,BTC,2025-12-17T15:58:32+00:00,2025-12-17T15:54:00+00:00,2025-12-16T15:50:00+00:00,2025-12-17T15:54:00+00:00,288,0,0.89943806505712487,True,
R001920,BTC,2025-12-18T13:30:02+00:00,2025-12-18T13:29:00+00:00,2025-12-17T13:25:00+00:00,2025-12-18T13:29:00+00:00,288,0,0.91406778855159276,True,
R001921,BTC,2025-12-18T19:16:38+00:00,2025-12-18T19:14:00+00:00,2025-12-17T19:10:00+00:00,2025-12-18T19:14:00+00:00,288,0,0.91127344366669627,True,
R001922,BTC,2025-12-18T19:40:59+00:00,2025-12-18T19:39:00+00:00,2025-12-17T19:35:00+00:00,2025-12-18T19:39:00+00:00,288,0,0.90645213103759703,True,
R001923,BTC,2025-12-18T21:00:30+00:00,2025-12-18T20:59:00+00:00,2025-12-17T20:55:00+00:00,2025-12-18T20:59:00+00:00,288,0,0.90842637288051886,True,
R001924,BTC,2025-12-19T14:44:43+00:00,2025-12-19T14:39:00+00:00,2025-12-18T14:35:00+00:00,2025-12-19T14:39:00+00:00,288,0,0.89907635314306167,True,
R001925,BTC,2025-12-19T15:16:26+00:00,2025-12-19T15:14:00+00:00,2025-12-18T15:10:00+00:00,2025-12-19T15:14:00+00:00,288,0,0.89940480679129009,True,
R001926,BTC,2025-12-19T17:33:18+00:00,2025-12-19T17:29:00+00:00,2025-12-18T17:25:00+00:00,2025-12-19T17:29:00+00:00,288,0,0.89607057099245113,True,
R001927,ETH,2025-12-19T17:59:32+00:00,2025-12-19T17:54:00+00:00,2025-12-18T17:50:00+00:00,2025-12-19T17:54:00+00:00,288,0,0.89078202373408455,True,
R001929,BTC,2025-12-22T00:13:51+00:00,2025-12-22T00:09:00+00:00,2025-12-21T00:05:00+00:00,2025-12-22T00:09:00+00:00,288,0,0.86350163260703039,True,
R001930,BTC,2025-12-22T02:05:39+00:00,2025-12-22T02:04:00+00:00,2025-12-21T02:00:00+00:00,2025-12-22T02:04:00+00:00,288,0,0.88765617442717537,True,
R001931,ETH,2025-12-22T18:58:23+00:00,2025-12-22T18:54:00+00:00,2025-12-21T18:50:00+00:00,2025-12-22T18:54:00+00:00,288,0,0.88270969763519347,True,
R001932,ETH,2025-12-23T13:36:23+00:00,2025-12-23T13:34:00+00:00,2025-12-22T13:30:00+00:00,2025-12-23T13:34:00+00:00,288,0,0.88097322306810966,True,
R001933,BTC,2025-12-24T16:33:36+00:00,2025-12-24T16:29:00+00:00,2025-12-23T16:25:00+00:00,2025-12-24T16:29:00+00:00,288,0,0.88868200798685326,True,
R001937,ETH,2025-12-27T23:47:02+00:00,2025-12-27T23:44:00+00:00,2025-12-26T23:40:00+00:00,2025-12-27T23:44:00+00:00,288,0,0.75487910021199167,True,
R001940,ETH,2025-12-29T03:35:33+00:00,2025-12-29T03:34:00+00:00,2025-12-28T03:30:00+00:00,2025-12-29T03:34:00+00:00,288,0,0.78681961310226278,True,
R001941,ETH,2025-12-29T07:08:50+00:00,2025-12-29T07:04:00+00:00,2025-12-28T07:00:00+00:00,2025-12-29T07:04:00+00:00,288,0,0.80453514512705804,True,
R001951,BTC,2026-01-03T12:46:17+00:00,2026-01-03T12:44:00+00:00,2026-01-02T12:40:00+00:00,2026-01-03T12:44:00+00:00,288,0,0.89654034771924862,True,
R001952,BTC,2026-01-04T00:05:23+00:00,2026-01-04T00:04:00+00:00,2026-01-03T00:00:00+00:00,2026-01-04T00:04:00+00:00,288,0,0.80069897294335446,True,
R001958,ETH,2026-01-05T00:49:33+00:00,2026-01-05T00:44:00+00:00,2026-01-04T00:40:00+00:00,2026-01-05T00:44:00+00:00,288,0,0.84605904228827655,True,
R001959,ETH,2026-01-05T01:37:43+00:00,2026-01-05T01:34:00+00:00,2026-01-04T01:30:00+00:00,2026-01-05T01:34:00+00:00,288,0,0.87356310994335173,True,
R001964,ETH,2026-01-05T20:03:50+00:00,2026-01-05T19:59:00+00:00,2026-01-04T19:55:00+00:00,2026-01-05T19:59:00+00:00,288,0,0.86456722560900101,True,
R001967,BTC,2026-01-06T17:41:00+00:00,2026-01-06T17:39:00+00:00,2026-01-05T17:35:00+00:00,2026-01-06T17:39:00+00:00,288,0,0.85521623099798205,True,
R001970,ETH,2026-01-07T18:25:36+00:00,2026-01-07T18:24:00+00:00,2026-01-06T18:20:00+00:00,2026-01-07T18:24:00+00:00,288,0,0.87907516994837498,True,
R001973,ETH,2026-01-09T01:29:57+00:00,2026-01-09T01:24:00+00:00,2026-01-08T01:20:00+00:00,2026-01-09T01:24:00+00:00,288,0,0.89435433891061522,True,
R001974,BTC,2026-01-09T08:04:34+00:00,2026-01-09T07:59:00+00:00,2026-01-08T07:55:00+00:00,2026-01-09T07:59:00+00:00,288,0,0.87607205582498882,True,
R001975,BTC,2026-01-09T13:30:02+00:00,2026-01-09T13:29:00+00:00,2026-01-08T13:25:00+00:00,2026-01-09T13:29:00+00:00,288,0,0.88172335354874187,True,
R001980,ETH,2026-01-12T14:39:45+00:00,2026-01-12T14:34:00+00:00,2026-01-11T14:30:00+00:00,2026-01-12T14:34:00+00:00,288,0,0.89779490870720879,True,
R001981,BTC,2026-01-13T13:30:03+00:00,2026-01-13T13:29:00+00:00,2026-01-12T13:25:00+00:00,2026-01-13T13:29:00+00:00,288,0,0.88255598056022011,True,
R001982,ETH,2026-01-13T22:08:54+00:00,2026-01-13T22:04:00+00:00,2026-01-12T22:00:00+00:00,2026-01-13T22:04:00+00:00,288,0,0.84444447785179122,True,
R001984,ETH,2026-01-14T10:20:09+00:00,2026-01-14T10:19:00+00:00,2026-01-13T10:15:00+00:00,2026-01-14T10:19:00+00:00,288,0,0.75031999765144597,True,
R001985,ETH,2026-01-14T14:17:00+00:00,2026-01-14T14:14:00+00:00,2026-01-13T14:10:00+00:00,2026-01-14T14:14:00+00:00,288,0,0.74533499639607381,True,
R001987,ETH,2026-01-14T19:30:01+00:00,2026-01-14T19:29:00+00:00,2026-01-13T19:25:00+00:00,2026-01-14T19:29:00+00:00,288,0,0.76798547494184388,True,
R001988,BTC,2026-01-14T22:56:49+00:00,2026-01-14T22:54:00+00:00,2026-01-13T22:50:00+00:00,2026-01-14T22:54:00+00:00,288,0,0.83981154449439466,True,
R001990,ETH,2026-01-15T03:27:33+00:00,2026-01-15T03:24:00+00:00,2026-01-14T03:20:00+00:00,2026-01-15T03:24:00+00:00,288,0,0.85714261260733449,True,
R001991,BTC,2026-01-15T18:10:04+00:00,2026-01-15T18:09:00+00:00,2026-01-14T18:05:00+00:00,2026-01-15T18:09:00+00:00,288,0,0.88899479528611247,True,
R001992,BTC,2026-01-15T19:31:12+00:00,2026-01-15T19:29:00+00:00,2026-01-14T19:25:00+00:00,2026-01-15T19:29:00+00:00,288,0,0.88333230388229822,True,
R001997,BTC,2026-01-18T23:46:27+00:00,2026-01-18T23:44:00+00:00,2026-01-17T23:40:00+00:00,2026-01-18T23:44:00+00:00,288,0,0.85089054602307101,True,
R001998,ETH,2026-01-20T08:13:16+00:00,2026-01-20T08:09:00+00:00,2026-01-19T08:05:00+00:00,2026-01-20T08:09:00+00:00,288,0,0.8730122288714024,True,
R002001,ETH,2026-01-20T22:33:22+00:00,2026-01-20T22:29:00+00:00,2026-01-19T22:25:00+00:00,2026-01-20T22:29:00+00:00,288,0,0.90657425889740484,True,
R002003,ETH,2026-01-21T17:14:06+00:00,2026-01-21T17:09:00+00:00,2026-01-20T17:05:00+00:00,2026-01-21T17:09:00+00:00,288,0,0.92190649368004363,True,
R002004,BTC,2026-01-21T19:28:23+00:00,2026-01-21T19:24:00+00:00,2026-01-20T19:20:00+00:00,2026-01-21T19:24:00+00:00,288,0,0.92973573320383907,True,
R002006,BTC,2026-01-21T23:14:08+00:00,2026-01-21T23:09:00+00:00,2026-01-20T23:05:00+00:00,2026-01-21T23:09:00+00:00,288,0,0.91434675864430415,True,
R002007,ETH,2026-01-23T17:36:41+00:00,2026-01-23T17:34:00+00:00,2026-01-22T17:30:00+00:00,2026-01-23T17:34:00+00:00,288,0,0.916776159270416,True,
R002009,ETH,2026-01-25T18:13:03+00:00,2026-01-25T18:09:00+00:00,2026-01-24T18:05:00+00:00,2026-01-25T18:09:00+00:00,288,0,0.82562048552891532,True,
R002010,BTC,2026-01-25T18:44:37+00:00,2026-01-25T18:39:00+00:00,2026-01-24T18:35:00+00:00,2026-01-25T18:39:00+00:00,288,0,0.82416334031143634,True,
R002013,ETH,2026-01-26T08:23:26+00:00,2026-01-26T08:19:00+00:00,2026-01-25T08:15:00+00:00,2026-01-26T08:19:00+00:00,288,0,0.83051349701284771,True,
R002014,ETH,2026-01-26T14:34:33+00:00,2026-01-26T14:29:00+00:00,2026-01-25T14:25:00+00:00,2026-01-26T14:29:00+00:00,288,0,0.8189876273212241,True,
R002015,ETH,2026-01-26T15:10:45+00:00,2026-01-26T15:09:00+00:00,2026-01-25T15:05:00+00:00,2026-01-26T15:09:00+00:00,288,0,0.82681968466714539,True,
R002016,ETH,2026-01-27T14:15:48+00:00,2026-01-27T14:14:00+00:00,2026-01-26T14:10:00+00:00,2026-01-27T14:14:00+00:00,288,0,0.853709064721206,True,
R002017,BTC,2026-01-28T18:00:37+00:00,2026-01-28T17:59:00+00:00,2026-01-27T17:55:00+00:00,2026-01-28T17:59:00+00:00,288,0,0.86389998276800672,True,
R002018,ETH,2026-01-29T02:31:54+00:00,2026-01-29T02:29:00+00:00,2026-01-28T02:25:00+00:00,2026-01-29T02:29:00+00:00,288,0,0.85085463616382773,True,
R002019,ETH,2026-01-29T11:03:32+00:00,2026-01-29T10:59:00+00:00,2026-01-28T10:55:00+00:00,2026-01-29T10:59:00+00:00,288,0,0.8601399256161304,True,
R002023,BTC,2026-01-29T18:18:34+00:00,2026-01-29T18:14:00+00:00,2026-01-28T18:10:00+00:00,2026-01-29T18:14:00+00:00,288,0,0.85985495581619242,True,
R002024,ETH,2026-01-29T18:52:14+00:00,2026-01-29T18:49:00+00:00,2026-01-28T18:45:00+00:00,2026-01-29T18:49:00+00:00,288,0,0.84621806990297388,True,
R002025,ETH,2026-01-29T19:30:37+00:00,2026-01-29T19:29:00+00:00,2026-01-28T19:25:00+00:00,2026-01-29T19:29:00+00:00,288,0,0.84317876872304065,True,
R002026,BTC,2026-01-30T01:22:53+00:00,2026-01-30T01:19:00+00:00,2026-01-29T01:15:00+00:00,2026-01-30T01:19:00+00:00,288,0,0.84549357926139457,True,
R002027,BTC,2026-01-30T01:37:56+00:00,2026-01-30T01:34:00+00:00,2026-01-29T01:30:00+00:00,2026-01-30T01:34:00+00:00,288,0,0.84611863583271729,True,
R002029,ETH,2026-01-30T15:32:00+00:00,2026-01-30T15:29:00+00:00,2026-01-29T15:25:00+00:00,2026-01-30T15:29:00+00:00,288,0,0.87569435483663671,True,
R002030,ETH,2026-01-30T18:47:29+00:00,2026-01-30T18:44:00+00:00,2026-01-29T18:40:00+00:00,2026-01-30T18:44:00+00:00,288,0,0.91836835705541853,True,
R002031,ETH,2026-01-30T20:26:11+00:00,2026-01-30T20:24:00+00:00,2026-01-29T20:20:00+00:00,2026-01-30T20:24:00+00:00,288,0,0.90382374918883512,True,
R002033,ETH,2026-01-31T14:14:39+00:00,2026-01-31T14:09:00+00:00,2026-01-30T14:05:00+00:00,2026-01-31T14:09:00+00:00,288,0,0.88188267672789322,True,
R002035,ETH,2026-01-31T16:47:44+00:00,2026-01-31T16:44:00+00:00,2026-01-30T16:40:00+00:00,2026-01-31T16:44:00+00:00,288,0,0.82760418650053769,True,
R002036,ETH,2026-01-31T17:33:54+00:00,2026-01-31T17:29:00+00:00,2026-01-30T17:25:00+00:00,2026-01-31T17:29:00+00:00,288,0,0.8406864641141798,True,
R002038,ETH,2026-01-31T18:40:32+00:00,2026-01-31T18:39:00+00:00,2026-01-30T18:35:00+00:00,2026-01-31T18:39:00+00:00,288,0,0.84552505401609046,True,
R002039,ETH,2026-01-31T19:09:34+00:00,2026-01-31T19:04:00+00:00,2026-01-30T19:00:00+00:00,2026-01-31T19:04:00+00:00,288,0,0.8255381877657797,True,
R002040,ETH,2026-01-31T20:22:40+00:00,2026-01-31T20:19:00+00:00,2026-01-30T20:15:00+00:00,2026-01-31T20:19:00+00:00,288,0,0.83013333112060994,True,
R002041,ETH,2026-01-31T21:15:48+00:00,2026-01-31T21:14:00+00:00,2026-01-30T21:10:00+00:00,2026-01-31T21:14:00+00:00,288,0,0.84418255850760771,True,
R002043,ETH,2026-02-01T07:41:16+00:00,2026-02-01T07:39:00+00:00,2026-01-31T07:35:00+00:00,2026-02-01T07:39:00+00:00,288,0,0.84946562964701655,True,
R002044,ETH,2026-02-01T10:34:05+00:00,2026-02-01T10:29:00+00:00,2026-01-31T10:25:00+00:00,2026-02-01T10:29:00+00:00,288,0,0.8494311987675478,True,
R002046,ETH,2026-02-01T18:02:49+00:00,2026-02-01T17:59:00+00:00,2026-01-31T17:55:00+00:00,2026-02-01T17:59:00+00:00,288,0,0.86881912448901133,True,
R002047,ETH,2026-02-01T21:56:28+00:00,2026-02-01T21:54:00+00:00,2026-01-31T21:50:00+00:00,2026-02-01T21:54:00+00:00,288,0,0.88702968127493009,True,
R002048,ETH,2026-02-01T23:05:59+00:00,2026-02-01T23:04:00+00:00,2026-01-31T23:00:00+00:00,2026-02-01T23:04:00+00:00,288,0,0.89081568948065948,True,
R002049,ETH,2026-02-02T03:23:08+00:00,2026-02-02T03:19:00+00:00,2026-02-01T03:15:00+00:00,2026-02-02T03:19:00+00:00,288,0,0.91750559820250466,True,
R002050,BTC,2026-02-02T03:49:09+00:00,2026-02-02T03:44:00+00:00,2026-02-01T03:40:00+00:00,2026-02-02T03:44:00+00:00,288,0,0.90859780506874854,True,
R002051,ETH,2026-02-02T05:26:41+00:00,2026-02-02T05:24:00+00:00,2026-02-01T05:20:00+00:00,2026-02-02T05:24:00+00:00,288,0,0.91687649848640951,True,
R002055,ETH,2026-02-02T09:29:56+00:00,2026-02-02T09:24:00+00:00,2026-02-01T09:20:00+00:00,2026-02-02T09:24:00+00:00,288,0,0.92598118421813536,True,
R002056,ETH,2026-02-02T09:47:52+00:00,2026-02-02T09:44:00+00:00,2026-02-01T09:40:00+00:00,2026-02-02T09:44:00+00:00,288,0,0.92526789250102115,True,
R002057,ETH,2026-02-02T13:22:21+00:00,2026-02-02T13:19:00+00:00,2026-02-01T13:15:00+00:00,2026-02-02T13:19:00+00:00,288,0,0.92299635998754981,True,
R002058,ETH,2026-02-02T14:30:29+00:00,2026-02-02T14:29:00+00:00,2026-02-01T14:25:00+00:00,2026-02-02T14:29:00+00:00,288,0,0.92280636152201101,True,
R002061,ETH,2026-02-03T02:31:01+00:00,2026-02-03T02:29:00+00:00,2026-02-02T02:25:00+00:00,2026-02-03T02:29:00+00:00,288,0,0.91124688594939984,True,
R002062,ETH,2026-02-03T09:11:15+00:00,2026-02-03T09:09:00+00:00,2026-02-02T09:05:00+00:00,2026-02-03T09:09:00+00:00,288,0,0.8846305511047059,True,
R002066,ETH,2026-02-03T16:33:24+00:00,2026-02-03T16:29:00+00:00,2026-02-02T16:25:00+00:00,2026-02-03T16:29:00+00:00,288,0,0.90465330137200628,True,
R002067,BTC,2026-02-03T17:05:27+00:00,2026-02-03T17:04:00+00:00,2026-02-02T17:00:00+00:00,2026-02-03T17:04:00+00:00,288,0,0.897463222956701,True,
R002069,ETH,2026-02-03T18:21:38+00:00,2026-02-03T18:19:00+00:00,2026-02-02T18:15:00+00:00,2026-02-03T18:19:00+00:00,288,0,0.84944475296253374,True,
R002070,ETH,2026-02-03T19:10:06+00:00,2026-02-03T19:09:00+00:00,2026-02-02T19:05:00+00:00,2026-02-03T19:09:00+00:00,288,0,0.8445806217787778,True,
R002071,ETH,2026-02-03T19:32:21+00:00,2026-02-03T19:29:00+00:00,2026-02-02T19:25:00+00:00,2026-02-03T19:29:00+00:00,288,0,0.86480934957642452,True,
R002072,ETH,2026-02-03T20:18:41+00:00,2026-02-03T20:14:00+00:00,2026-02-02T20:10:00+00:00,2026-02-03T20:14:00+00:00,288,0,0.85796941048017294,True,
R002073,ETH,2026-02-03T21:04:20+00:00,2026-02-03T20:59:00+00:00,2026-02-02T20:55:00+00:00,2026-02-03T20:59:00+00:00,288,0,0.86415474681648041,True,
R002075,ETH,2026-02-03T23:46:01+00:00,2026-02-03T23:44:00+00:00,2026-02-02T23:40:00+00:00,2026-02-03T23:44:00+00:00,288,0,0.86917315004091888,True,
R002077,ETH,2026-02-04T03:37:44+00:00,2026-02-04T03:34:00+00:00,2026-02-03T03:30:00+00:00,2026-02-04T03:34:00+00:00,288,0,0.87200761362921431,True,
R002082,ETH,2026-02-04T16:10:31+00:00,2026-02-04T16:09:00+00:00,2026-02-03T16:05:00+00:00,2026-02-04T16:09:00+00:00,288,0,0.86562400344170332,True,
R002083,ETH,2026-02-04T16:41:08+00:00,2026-02-04T16:39:00+00:00,2026-02-03T16:35:00+00:00,2026-02-04T16:39:00+00:00,288,0,0.86717516220110236,True,
R002084,ETH,2026-02-04T17:00:22+00:00,2026-02-04T16:59:00+00:00,2026-02-03T16:55:00+00:00,2026-02-04T16:59:00+00:00,288,0,0.86514932535381472,True,
R002085,BTC,2026-02-04T17:30:25+00:00,2026-02-04T17:29:00+00:00,2026-02-03T17:25:00+00:00,2026-02-04T17:29:00+00:00,288,0,0.86838045482148518,True,
R002086,ETH,2026-02-04T18:09:25+00:00,2026-02-04T18:04:00+00:00,2026-02-03T18:00:00+00:00,2026-02-04T18:04:00+00:00,288,0,0.87442269531476402,True,
R002087,ETH,2026-02-04T18:29:12+00:00,2026-02-04T18:24:00+00:00,2026-02-03T18:20:00+00:00,2026-02-04T18:24:00+00:00,288,0,0.87382661121232852,True,
R002088,BTC,2026-02-04T19:48:14+00:00,2026-02-04T19:44:00+00:00,2026-02-03T19:40:00+00:00,2026-02-04T19:44:00+00:00,288,0,0.87045294569144527,True,
R002090,ETH,2026-02-04T22:21:58+00:00,2026-02-04T22:19:00+00:00,2026-02-03T22:15:00+00:00,2026-02-04T22:19:00+00:00,288,0,0.86687909011648234,True,
R002093,BTC,2026-02-05T01:40:41+00:00,2026-02-05T01:39:00+00:00,2026-02-04T01:35:00+00:00,2026-02-05T01:39:00+00:00,288,0,0.87920957598921612,True,
R002094,BTC,2026-02-05T02:48:24+00:00,2026-02-05T02:44:00+00:00,2026-02-04T02:40:00+00:00,2026-02-05T02:44:00+00:00,288,0,0.87894626179300128,True,
R002095,ETH,2026-02-05T04:27:07+00:00,2026-02-05T04:24:00+00:00,2026-02-04T04:20:00+00:00,2026-02-05T04:24:00+00:00,288,0,0.8790171993181719,True,
R002096,BTC,2026-02-05T05:21:49+00:00,2026-02-05T05:19:00+00:00,2026-02-04T05:15:00+00:00,2026-02-05T05:19:00+00:00,288,0,0.8807459180305478,True,
R002097,ETH,2026-02-05T06:47:47+00:00,2026-02-05T06:44:00+00:00,2026-02-04T06:40:00+00:00,2026-02-05T06:44:00+00:00,288,0,0.8826260400518573,True,
R002098,ETH,2026-02-05T07:41:34+00:00,2026-02-05T07:39:00+00:00,2026-02-04T07:35:00+00:00,2026-02-05T07:39:00+00:00,288,0,0.88636251974798763,True,
R002101,ETH,2026-02-05T10:52:23+00:00,2026-02-05T10:49:00+00:00,2026-02-04T10:45:00+00:00,2026-02-05T10:49:00+00:00,288,0,0.88808040946510924,True,
R002102,BTC,2026-02-05T11:22:21+00:00,2026-02-05T11:19:00+00:00,2026-02-04T11:15:00+00:00,2026-02-05T11:19:00+00:00,288,0,0.88920751807100351,True,
R002103,ETH,2026-02-05T12:16:00+00:00,2026-02-05T12:14:00+00:00,2026-02-04T12:10:00+00:00,2026-02-05T12:14:00+00:00,288,0,0.89272971347827401,True,
R002104,ETH,2026-02-05T12:55:10+00:00,2026-02-05T12:54:00+00:00,2026-02-04T12:50:00+00:00,2026-02-05T12:54:00+00:00,288,0,0.89628945593638054,True,
R002105,ETH,2026-02-05T15:00:58+00:00,2026-02-05T14:59:00+00:00,2026-02-04T14:55:00+00:00,2026-02-05T14:59:00+00:00,288,0,0.8962319892179309,True,
R002106,BTC,2026-02-05T15:22:12+00:00,2026-02-05T15:19:00+00:00,2026-02-04T15:15:00+00:00,2026-02-05T15:19:00+00:00,288,0,0.89750791709105993,True,
R002107,BTC,2026-02-05T16:24:50+00:00,2026-02-05T16:19:00+00:00,2026-02-04T16:15:00+00:00,2026-02-05T16:19:00+00:00,288,0,0.90672534482622713,True,
R002109,BTC,2026-02-05T17:20:35+00:00,2026-02-05T17:19:00+00:00,2026-02-04T17:15:00+00:00,2026-02-05T17:19:00+00:00,288,0,0.91196557828351765,True,
R002110,BTC,2026-02-05T20:22:40+00:00,2026-02-05T20:19:00+00:00,2026-02-04T20:15:00+00:00,2026-02-05T20:19:00+00:00,288,0,0.92784027090039245,True,
R002111,BTC,2026-02-05T21:23:45+00:00,2026-02-05T21:19:00+00:00,2026-02-04T21:15:00+00:00,2026-02-05T21:19:00+00:00,288,0,0.93240699113735015,True,
R002114,ETH,2026-02-05T23:35:13+00:00,2026-02-05T23:34:00+00:00,2026-02-04T23:30:00+00:00,2026-02-05T23:34:00+00:00,288,0,0.92780569792891321,True,
R002116,BTC,2026-02-06T01:17:46+00:00,2026-02-06T01:14:00+00:00,2026-02-05T01:10:00+00:00,2026-02-06T01:14:00+00:00,288,0,0.91691717771347381,True,
R002118,ETH,2026-02-06T02:33:44+00:00,2026-02-06T02:29:00+00:00,2026-02-05T02:25:00+00:00,2026-02-06T02:29:00+00:00,288,0,0.91143780817293707,True,
R002119,ETH,2026-02-06T03:04:07+00:00,2026-02-06T02:59:00+00:00,2026-02-05T02:55:00+00:00,2026-02-06T02:59:00+00:00,288,0,0.90921733390332449,True,
R002120,BTC,2026-02-06T03:50:54+00:00,2026-02-06T03:49:00+00:00,2026-02-05T03:45:00+00:00,2026-02-06T03:49:00+00:00,288,0,0.90869295836392505,True,
R002127,ETH,2026-02-06T08:19:50+00:00,2026-02-06T08:14:00+00:00,2026-02-05T08:10:00+00:00,2026-02-06T08:14:00+00:00,288,0,0.91106453100959217,True,
R002128,ETH,2026-02-06T08:43:04+00:00,2026-02-06T08:39:00+00:00,2026-02-05T08:35:00+00:00,2026-02-06T08:39:00+00:00,288,0,0.90980823341437544,True,
R002130,ETH,2026-02-06T10:20:31+00:00,2026-02-06T10:19:00+00:00,2026-02-05T10:15:00+00:00,2026-02-06T10:19:00+00:00,288,0,0.90957221436883684,True,
R002131,ETH,2026-02-06T11:17:05+00:00,2026-02-06T11:14:00+00:00,2026-02-05T11:10:00+00:00,2026-02-06T11:14:00+00:00,288,0,0.9095893887888481,True,
R002133,BTC,2026-02-06T13:37:47+00:00,2026-02-06T13:34:00+00:00,2026-02-05T13:30:00+00:00,2026-02-06T13:34:00+00:00,288,0,0.90855127486929599,True,
R002139,BTC,2026-02-06T18:01:20+00:00,2026-02-06T17:59:00+00:00,2026-02-05T17:55:00+00:00,2026-02-06T17:59:00+00:00,288,0,0.89469305076786243,True,
R002140,BTC,2026-02-06T18:41:55+00:00,2026-02-06T18:39:00+00:00,2026-02-05T18:35:00+00:00,2026-02-06T18:39:00+00:00,288,0,0.8983429540743042,True,
R002142,ETH,2026-02-06T20:33:59+00:00,2026-02-06T20:29:00+00:00,2026-02-05T20:25:00+00:00,2026-02-06T20:29:00+00:00,288,0,0.89881085735479338,True,
R002145,ETH,2026-02-07T03:44:52+00:00,2026-02-07T03:39:00+00:00,2026-02-06T03:35:00+00:00,2026-02-07T03:39:00+00:00,288,0,0.87619998838544555,True,
R002146,BTC,2026-02-07T05:25:26+00:00,2026-02-07T05:24:00+00:00,2026-02-06T05:20:00+00:00,2026-02-07T05:24:00+00:00,288,0,0.87420648037071935,True,
R002147,ETH,2026-02-07T06:12:22+00:00,2026-02-07T06:09:00+00:00,2026-02-06T06:05:00+00:00,2026-02-07T06:09:00+00:00,288,0,0.85899014077515645,True,
R002148,BTC,2026-02-07T06:57:11+00:00,2026-02-07T06:54:00+00:00,2026-02-06T06:50:00+00:00,2026-02-07T06:54:00+00:00,288,0,0.8586546673511255,True,
R002149,BTC,2026-02-07T08:25:28+00:00,2026-02-07T08:24:00+00:00,2026-02-06T08:20:00+00:00,2026-02-07T08:24:00+00:00,288,0,0.86547760838370369,True,
R002150,ETH,2026-02-07T12:02:12+00:00,2026-02-07T11:59:00+00:00,2026-02-06T11:55:00+00:00,2026-02-07T11:59:00+00:00,288,0,0.87030700694079088,True,
R002151,BTC,2026-02-07T12:30:40+00:00,2026-02-07T12:29:00+00:00,2026-02-06T12:25:00+00:00,2026-02-07T12:29:00+00:00,288,0,0.88220840566757019,True,
R002152,ETH,2026-02-07T16:05:10+00:00,2026-02-07T16:04:00+00:00,2026-02-06T16:00:00+00:00,2026-02-07T16:04:00+00:00,288,0,0.87164020081955484,True,
R002153,BTC,2026-02-08T08:22:57+00:00,2026-02-08T08:19:00+00:00,2026-02-07T08:15:00+00:00,2026-02-08T08:19:00+00:00,288,0,0.87495735494450222,True,
R002154,ETH,2026-02-08T13:05:20+00:00,2026-02-08T13:04:00+00:00,2026-02-07T13:00:00+00:00,2026-02-08T13:04:00+00:00,288,0,0.84311518787235817,True,
R002155,ETH,2026-02-08T15:16:53+00:00,2026-02-08T15:14:00+00:00,2026-02-07T15:10:00+00:00,2026-02-08T15:14:00+00:00,288,0,0.82221796259995583,True,
R002156,BTC,2026-02-08T23:05:25+00:00,2026-02-08T23:04:00+00:00,2026-02-07T23:00:00+00:00,2026-02-08T23:04:00+00:00,288,0,0.88400816254699321,True,
R002157,BTC,2026-02-08T23:23:38+00:00,2026-02-08T23:19:00+00:00,2026-02-07T23:15:00+00:00,2026-02-08T23:19:00+00:00,288,0,0.88764007564702652,True,
R002158,ETH,2026-02-09T01:42:04+00:00,2026-02-09T01:39:00+00:00,2026-02-08T01:35:00+00:00,2026-02-09T01:39:00+00:00,288,0,0.90250795178661714,True,
R002159,ETH,2026-02-09T10:15:46+00:00,2026-02-09T10:14:00+00:00,2026-02-08T10:10:00+00:00,2026-02-09T10:14:00+00:00,288,0,0.90749362737199801,True,
R002160,ETH,2026-02-09T16:45:11+00:00,2026-02-09T16:44:00+00:00,2026-02-08T16:40:00+00:00,2026-02-09T16:44:00+00:00,288,0,0.93118716710455141,True,
R002161,ETH,2026-02-09T17:07:52+00:00,2026-02-09T17:04:00+00:00,2026-02-08T17:00:00+00:00,2026-02-09T17:04:00+00:00,288,0,0.92685824110503201,True,
R002162,ETH,2026-02-09T17:35:32+00:00,2026-02-09T17:34:00+00:00,2026-02-08T17:30:00+00:00,2026-02-09T17:34:00+00:00,288,0,0.91939066215600018,True,
R002163,ETH,2026-02-10T03:25:43+00:00,2026-02-10T03:24:00+00:00,2026-02-09T03:20:00+00:00,2026-02-10T03:24:00+00:00,288,0,0.88051158966782117,True,
R002165,BTC,2026-02-10T11:44:31+00:00,2026-02-10T11:39:00+00:00,2026-02-09T11:35:00+00:00,2026-02-10T11:39:00+00:00,288,0,0.86108768823468995,True,
R002166,ETH,2026-02-10T13:05:16+00:00,2026-02-10T13:04:00+00:00,2026-02-09T13:00:00+00:00,2026-02-10T13:04:00+00:00,288,0,0.85834587020104125,True,
R002167,BTC,2026-02-10T14:16:41+00:00,2026-02-10T14:14:00+00:00,2026-02-09T14:10:00+00:00,2026-02-10T14:14:00+00:00,288,0,0.86014905104885153,True,
R002168,BTC,2026-02-10T14:40:42+00:00,2026-02-10T14:39:00+00:00,2026-02-09T14:35:00+00:00,2026-02-10T14:39:00+00:00,288,0,0.85840412993889426,True,
R002169,ETH,2026-02-11T04:23:24+00:00,2026-02-11T04:19:00+00:00,2026-02-10T04:15:00+00:00,2026-02-11T04:19:00+00:00,288,0,0.87749161401196596,True,
R002170,ETH,2026-02-11T04:38:30+00:00,2026-02-11T04:34:00+00:00,2026-02-10T04:30:00+00:00,2026-02-11T04:34:00+00:00,288,0,0.87722741951577565,True,
R002171,ETH,2026-02-11T06:18:37+00:00,2026-02-11T06:14:00+00:00,2026-02-10T06:10:00+00:00,2026-02-11T06:14:00+00:00,288,0,0.88051567140609055,True,
R002172,BTC,2026-02-11T13:30:02+00:00,2026-02-11T13:29:00+00:00,2026-02-10T13:25:00+00:00,2026-02-11T13:29:00+00:00,288,0,0.89565880012273635,True,
R002173,ETH,2026-02-11T14:10:16+00:00,2026-02-11T14:09:00+00:00,2026-02-10T14:05:00+00:00,2026-02-11T14:09:00+00:00,288,0,0.90286488482346627,True,
R002174,ETH,2026-02-11T15:07:17+00:00,2026-02-11T15:04:00+00:00,2026-02-10T15:00:00+00:00,2026-02-11T15:04:00+00:00,288,0,0.90693081371924544,True,
R002175,ETH,2026-02-11T21:24:05+00:00,2026-02-11T21:19:00+00:00,2026-02-10T21:15:00+00:00,2026-02-11T21:19:00+00:00,288,0,0.91714318095182201,True,
R002176,BTC,2026-02-11T23:20:56+00:00,2026-02-11T23:19:00+00:00,2026-02-10T23:15:00+00:00,2026-02-11T23:19:00+00:00,288,0,0.91060306785266598,True,
R002177,ETH,2026-02-12T09:56:40+00:00,2026-02-12T09:54:00+00:00,2026-02-11T09:50:00+00:00,2026-02-12T09:54:00+00:00,288,0,0.91842222794928385,True,
R002182,ETH,2026-02-14T08:06:50+00:00,2026-02-14T08:04:00+00:00,2026-02-13T08:00:00+00:00,2026-02-14T08:04:00+00:00,288,0,0.87433708608799066,True,
R002192,BTC,2026-02-15T07:18:19+00:00,2026-02-15T07:14:00+00:00,2026-02-14T07:10:00+00:00,2026-02-15T07:14:00+00:00,288,0,0.85025435558867346,True,
R002194,ETH,2026-02-15T17:42:22+00:00,2026-02-15T17:39:00+00:00,2026-02-14T17:35:00+00:00,2026-02-15T17:39:00+00:00,288,0,0.833843068764625,True,
R002196,ETH,2026-02-15T22:47:10+00:00,2026-02-15T22:44:00+00:00,2026-02-14T22:40:00+00:00,2026-02-15T22:44:00+00:00,288,0,0.85995651963501929,True,
R002197,BTC,2026-02-16T15:31:05+00:00,2026-02-16T15:29:00+00:00,2026-02-15T15:25:00+00:00,2026-02-16T15:29:00+00:00,288,0,0.91134629913464049,True,
R002198,BTC,2026-02-16T20:52:01+00:00,2026-02-16T20:49:00+00:00,2026-02-15T20:45:00+00:00,2026-02-16T20:49:00+00:00,288,0,0.91232256418495306,True,
R002201,ETH,2026-02-19T01:12:56+00:00,2026-02-19T01:09:00+00:00,2026-02-18T01:05:00+00:00,2026-02-19T01:09:00+00:00,288,0,0.89270670171228372,True,
R002203,BTC,2026-02-20T00:26:42+00:00,2026-02-20T00:24:00+00:00,2026-02-19T00:20:00+00:00,2026-02-20T00:24:00+00:00,288,0,0.91772803507391043,True,
R002204,BTC,2026-02-20T15:01:56+00:00,2026-02-20T14:59:00+00:00,2026-02-19T14:55:00+00:00,2026-02-20T14:59:00+00:00,288,0,0.88314218237512943,True,
R002205,BTC,2026-02-20T15:55:46+00:00,2026-02-20T15:54:00+00:00,2026-02-19T15:50:00+00:00,2026-02-20T15:54:00+00:00,288,0,0.88175691975926507,True,
R002208,BTC,2026-02-21T14:20:57+00:00,2026-02-21T14:19:00+00:00,2026-02-20T14:15:00+00:00,2026-02-21T14:19:00+00:00,288,0,0.85979459864190755,True,
R002210,BTC,2026-02-22T06:27:23+00:00,2026-02-22T06:24:00+00:00,2026-02-21T06:20:00+00:00,2026-02-22T06:24:00+00:00,288,0,0.78595590418051253,True,
R002212,BTC,2026-02-22T13:35:37+00:00,2026-02-22T13:34:00+00:00,2026-02-21T13:30:00+00:00,2026-02-22T13:34:00+00:00,288,0,0.79236686629828867,True,
R002214,BTC,2026-02-22T17:33:11+00:00,2026-02-22T17:29:00+00:00,2026-02-21T17:25:00+00:00,2026-02-22T17:29:00+00:00,288,0,0.7814811119196321,True,
R002215,BTC,2026-02-23T01:09:02+00:00,2026-02-23T01:04:00+00:00,2026-02-22T01:00:00+00:00,2026-02-23T01:04:00+00:00,288,0,0.82940270303719765,True,
R002216,ETH,2026-02-23T01:45:29+00:00,2026-02-23T01:44:00+00:00,2026-02-22T01:40:00+00:00,2026-02-23T01:44:00+00:00,288,0,0.87697612316864804,True,
R002217,BTC,2026-02-23T17:52:30+00:00,2026-02-23T17:49:00+00:00,2026-02-22T17:45:00+00:00,2026-02-23T17:49:00+00:00,288,0,0.89057087756134201,True,
R002220,BTC,2026-02-24T01:16:21+00:00,2026-02-24T01:14:00+00:00,2026-02-23T01:10:00+00:00,2026-02-24T01:14:00+00:00,288,0,0.89876194277118826,True,
R002221,BTC,2026-02-24T03:50:12+00:00,2026-02-24T03:49:00+00:00,2026-02-23T03:45:00+00:00,2026-02-24T03:49:00+00:00,288,0,0.91368613894648154,True,
R002222,BTC,2026-02-24T05:24:12+00:00,2026-02-24T05:19:00+00:00,2026-02-23T05:15:00+00:00,2026-02-24T05:19:00+00:00,288,0,0.91941280413872117,True,
R002223,BTC,2026-02-24T13:32:44+00:00,2026-02-24T13:29:00+00:00,2026-02-23T13:25:00+00:00,2026-02-24T13:29:00+00:00,288,0,0.92773353204639442,True,
R002224,ETH,2026-02-25T01:10:44+00:00,2026-02-25T01:09:00+00:00,2026-02-24T01:05:00+00:00,2026-02-25T01:09:00+00:00,288,0,0.9242240944241793,True,
R002225,BTC,2026-02-25T02:06:55+00:00,2026-02-25T02:04:00+00:00,2026-02-24T02:00:00+00:00,2026-02-25T02:04:00+00:00,288,0,0.93287084425567601,True,
R002227,BTC,2026-02-25T04:19:23+00:00,2026-02-25T04:14:00+00:00,2026-02-24T04:10:00+00:00,2026-02-25T04:14:00+00:00,288,0,0.92696179462753148,True,
R002228,BTC,2026-02-25T11:05:40+00:00,2026-02-25T11:04:00+00:00,2026-02-24T11:00:00+00:00,2026-02-25T11:04:00+00:00,288,0,0.91556278040177597,True,
R002230,ETH,2026-02-25T17:01:21+00:00,2026-02-25T16:59:00+00:00,2026-02-24T16:55:00+00:00,2026-02-25T16:59:00+00:00,288,0,0.90807497581476981,True,
R002231,ETH,2026-02-25T17:45:07+00:00,2026-02-25T17:44:00+00:00,2026-02-24T17:40:00+00:00,2026-02-25T17:44:00+00:00,288,0,0.89800125491517846,True,
R002232,BTC,2026-02-25T18:28:59+00:00,2026-02-25T18:24:00+00:00,2026-02-24T18:20:00+00:00,2026-02-25T18:24:00+00:00,288,0,0.8972160053248297,True,
R002234,ETH,2026-02-26T09:14:31+00:00,2026-02-26T09:09:00+00:00,2026-02-25T09:05:00+00:00,2026-02-26T09:09:00+00:00,288,0,0.84542263645967286,True,
R002235,BTC,2026-02-26T14:06:32+00:00,2026-02-26T14:04:00+00:00,2026-02-25T14:00:00+00:00,2026-02-26T14:04:00+00:00,288,0,0.84314073817472479,True,
R002238,ETH,2026-02-26T19:02:51+00:00,2026-02-26T18:59:00+00:00,2026-02-25T18:55:00+00:00,2026-02-26T18:59:00+00:00,288,0,0.86470425647883808,True,
R002239,BTC,2026-02-26T19:59:36+00:00,2026-02-26T19:54:00+00:00,2026-02-25T19:50:00+00:00,2026-02-26T19:54:00+00:00,288,0,0.87481637774408505,True,
R002241,BTC,2026-02-27T10:21:09+00:00,2026-02-27T10:19:00+00:00,2026-02-26T10:15:00+00:00,2026-02-27T10:19:00+00:00,288,0,0.88948079258824131,True,
R002244,ETH,2026-02-27T16:05:19+00:00,2026-02-27T16:04:00+00:00,2026-02-26T16:00:00+00:00,2026-02-27T16:04:00+00:00,288,0,0.88467822784224071,True,
R002245,BTC,2026-02-27T16:47:09+00:00,2026-02-27T16:44:00+00:00,2026-02-26T16:40:00+00:00,2026-02-27T16:44:00+00:00,288,0,0.88291906264324538,True,
R002247,ETH,2026-02-27T22:34:26+00:00,2026-02-27T22:29:00+00:00,2026-02-26T22:25:00+00:00,2026-02-27T22:29:00+00:00,288,0,0.88885174845375736,True,
R002249,BTC,2026-02-28T06:41:42+00:00,2026-02-28T06:39:00+00:00,2026-02-27T06:35:00+00:00,2026-02-28T06:39:00+00:00,288,0,0.90853938855532501,True,
R002250,BTC,2026-02-28T07:00:35+00:00,2026-02-28T06:59:00+00:00,2026-02-27T06:55:00+00:00,2026-02-28T06:59:00+00:00,288,0,0.90950997454941629,True,
R002252,ETH,2026-02-28T13:49:01+00:00,2026-02-28T13:44:00+00:00,2026-02-27T13:40:00+00:00,2026-02-28T13:44:00+00:00,288,0,0.90966681753040524,True,
R002253,BTC,2026-02-28T14:56:28+00:00,2026-02-28T14:54:00+00:00,2026-02-27T14:50:00+00:00,2026-02-28T14:54:00+00:00,288,0,0.91598846454801675,True,
R002256,ETH,2026-02-28T17:42:38+00:00,2026-02-28T17:39:00+00:00,2026-02-27T17:35:00+00:00,2026-02-28T17:39:00+00:00,288,0,0.91770806271951721,True,
R002257,BTC,2026-02-28T19:31:44+00:00,2026-02-28T19:29:00+00:00,2026-02-27T19:25:00+00:00,2026-02-28T19:29:00+00:00,288,0,0.91439300014294644,True,
R002258,BTC,2026-02-28T21:38:07+00:00,2026-02-28T21:34:00+00:00,2026-02-27T21:30:00+00:00,2026-02-28T21:34:00+00:00,288,0,0.91974294967882253,True,
R002260,BTC,2026-03-01T01:11:03+00:00,2026-03-01T01:09:00+00:00,2026-02-28T01:05:00+00:00,2026-03-01T01:09:00+00:00,288,0,0.91717866647298552,True,
R002261,BTC,2026-03-01T01:50:06+00:00,2026-03-01T01:49:00+00:00,2026-02-28T01:45:00+00:00,2026-03-01T01:49:00+00:00,288,0,0.92306672356280706,True,
R002262,BTC,2026-03-01T02:48:54+00:00,2026-03-01T02:44:00+00:00,2026-02-28T02:40:00+00:00,2026-03-01T02:44:00+00:00,288,0,0.91125208196888252,True,
R002263,BTC,2026-03-01T13:51:19+00:00,2026-03-01T13:49:00+00:00,2026-02-28T13:45:00+00:00,2026-03-01T13:49:00+00:00,288,0,0.89879904968916435,True,
R002264,ETH,2026-03-01T14:42:19+00:00,2026-03-01T14:39:00+00:00,2026-02-28T14:35:00+00:00,2026-03-01T14:39:00+00:00,288,0,0.90430218442748145,True,
R002265,ETH,2026-03-01T16:48:22+00:00,2026-03-01T16:44:00+00:00,2026-02-28T16:40:00+00:00,2026-03-01T16:44:00+00:00,288,0,0.90197653122139609,True,
R002266,ETH,2026-03-01T19:30:57+00:00,2026-03-01T19:29:00+00:00,2026-02-28T19:25:00+00:00,2026-03-01T19:29:00+00:00,288,0,0.90970795346555511,True,
R002267,ETH,2026-03-01T22:13:05+00:00,2026-03-01T22:09:00+00:00,2026-02-28T22:05:00+00:00,2026-03-01T22:09:00+00:00,288,0,0.90376494003493635,True,
R002268,BTC,2026-03-01T22:34:32+00:00,2026-03-01T22:29:00+00:00,2026-02-28T22:25:00+00:00,2026-03-01T22:29:00+00:00,288,0,0.90836398041149946,True,
R002269,BTC,2026-03-02T00:44:58+00:00,2026-03-02T00:39:00+00:00,2026-03-01T00:35:00+00:00,2026-03-02T00:39:00+00:00,288,0,0.90875008609928343,True,
R002270,ETH,2026-03-02T08:12:20+00:00,2026-03-02T08:09:00+00:00,2026-03-01T08:05:00+00:00,2026-03-02T08:09:00+00:00,288,0,0.92360153200002304,True,
R002271,ETH,2026-03-02T16:09:11+00:00,2026-03-02T16:04:00+00:00,2026-03-01T16:00:00+00:00,2026-03-02T16:04:00+00:00,288,0,0.92120948651367929,True,
R002272,BTC,2026-03-02T16:43:37+00:00,2026-03-02T16:39:00+00:00,2026-03-01T16:35:00+00:00,2026-03-02T16:39:00+00:00,288,0,0.92393493847668362,True,
R002273,ETH,2026-03-02T19:52:26+00:00,2026-03-02T19:49:00+00:00,2026-03-01T19:45:00+00:00,2026-03-02T19:49:00+00:00,288,0,0.92111885797958692,True,
R002274,ETH,2026-03-03T00:30:10+00:00,2026-03-03T00:29:00+00:00,2026-03-02T00:25:00+00:00,2026-03-03T00:29:00+00:00,288,0,0.91624057534617909,True,
R002276,ETH,2026-03-03T08:40:06+00:00,2026-03-03T08:39:00+00:00,2026-03-02T08:35:00+00:00,2026-03-03T08:39:00+00:00,288,0,0.90883211707244416,True,
R002277,BTC,2026-03-03T14:49:23+00:00,2026-03-03T14:44:00+00:00,2026-03-02T14:40:00+00:00,2026-03-03T14:44:00+00:00,288,0,0.9158343259903029,True,
R002278,BTC,2026-03-04T07:47:23+00:00,2026-03-04T07:44:00+00:00,2026-03-03T07:40:00+00:00,2026-03-04T07:44:00+00:00,288,0,0.92883249558760395,True,
R002279,BTC,2026-03-04T08:46:11+00:00,2026-03-04T08:44:00+00:00,2026-03-03T08:40:00+00:00,2026-03-04T08:44:00+00:00,288,0,0.93487110691609776,True,
R002280,BTC,2026-03-04T09:17:30+00:00,2026-03-04T09:14:00+00:00,2026-03-03T09:10:00+00:00,2026-03-04T09:14:00+00:00,288,0,0.93759431231331125,True,
R002283,ETH,2026-03-04T14:07:05+00:00,2026-03-04T14:04:00+00:00,2026-03-03T14:00:00+00:00,2026-03-04T14:04:00+00:00,288,0,0.93380007611796856,True,
R002284,BTC,2026-03-04T15:00:02+00:00,2026-03-04T14:59:00+00:00,2026-03-03T14:55:00+00:00,2026-03-04T14:59:00+00:00,288,0,0.9379938492393296,True,
R002285,BTC,2026-03-04T15:26:26+00:00,2026-03-04T15:24:00+00:00,2026-03-03T15:20:00+00:00,2026-03-04T15:24:00+00:00,288,0,0.93918504466230512,True,
R002286,ETH,2026-03-04T15:58:03+00:00,2026-03-04T15:54:00+00:00,2026-03-03T15:50:00+00:00,2026-03-04T15:54:00+00:00,288,0,0.93657540869008971,True,
R002287,ETH,2026-03-04T19:03:11+00:00,2026-03-04T18:59:00+00:00,2026-03-03T18:55:00+00:00,2026-03-04T18:59:00+00:00,288,0,0.91908480579032781,True,
R002289,ETH,2026-03-05T04:57:01+00:00,2026-03-05T04:54:00+00:00,2026-03-04T04:50:00+00:00,2026-03-05T04:54:00+00:00,288,0,0.90804250358498173,True,
R002290,BTC,2026-03-05T07:50:28+00:00,2026-03-05T07:49:00+00:00,2026-03-04T07:45:00+00:00,2026-03-05T07:49:00+00:00,288,0,0.9109183702552397,True,
R002291,BTC,2026-03-05T10:26:46+00:00,2026-03-05T10:24:00+00:00,2026-03-04T10:20:00+00:00,2026-03-05T10:24:00+00:00,288,0,0.9081535381637913,True,
R002293,BTC,2026-03-05T15:11:28+00:00,2026-03-05T15:09:00+00:00,2026-03-04T15:05:00+00:00,2026-03-05T15:09:00+00:00,288,0,0.90951504448111153,True,
R002296,BTC,2026-03-06T13:55:42+00:00,2026-03-06T13:54:00+00:00,2026-03-05T13:50:00+00:00,2026-03-06T13:54:00+00:00,288,0,0.91181995157708262,True,
R002297,BTC,2026-03-07T06:53:12+00:00,2026-03-07T06:49:00+00:00,2026-03-06T06:45:00+00:00,2026-03-07T06:49:00+00:00,288,0,0.90053859314086437,True,
R002300,ETH,2026-03-08T02:50:58+00:00,2026-03-08T02:49:00+00:00,2026-03-07T02:45:00+00:00,2026-03-08T02:49:00+00:00,288,0,0.87316956199114149,True,
R002301,BTC,2026-03-08T22:03:11+00:00,2026-03-08T21:59:00+00:00,2026-03-07T21:55:00+00:00,2026-03-08T21:59:00+00:00,288,0,0.87472538132468869,True,
R002303,BTC,2026-03-09T12:37:14+00:00,2026-03-09T12:34:00+00:00,2026-03-08T12:30:00+00:00,2026-03-09T12:34:00+00:00,288,0,0.92980802703826415,True,
R002305,BTC,2026-03-10T02:30:20+00:00,2026-03-10T02:29:00+00:00,2026-03-09T02:25:00+00:00,2026-03-10T02:29:00+00:00,288,0,0.91914359560674475,True,
R002306,BTC,2026-03-10T14:40:07+00:00,2026-03-10T14:39:00+00:00,2026-03-09T14:35:00+00:00,2026-03-10T14:39:00+00:00,288,0,0.90911776481002271,True,
R002308,BTC,2026-03-10T21:41:03+00:00,2026-03-10T21:39:00+00:00,2026-03-09T21:35:00+00:00,2026-03-10T21:39:00+00:00,288,0,0.91931829374481333,True,
R002309,BTC,2026-03-11T05:42:34+00:00,2026-03-11T05:39:00+00:00,2026-03-10T05:35:00+00:00,2026-03-11T05:39:00+00:00,288,0,0.91319933053968094,True,
R002311,ETH,2026-03-12T13:36:34+00:00,2026-03-12T13:34:00+00:00,2026-03-11T13:30:00+00:00,2026-03-12T13:34:00+00:00,288,0,0.93134007308448885,True,
R002312,ETH,2026-03-12T14:15:08+00:00,2026-03-12T14:14:00+00:00,2026-03-11T14:10:00+00:00,2026-03-12T14:14:00+00:00,288,0,0.92147288872330813,True,
R002313,BTC,2026-03-13T00:15:39+00:00,2026-03-13T00:14:00+00:00,2026-03-12T00:10:00+00:00,2026-03-13T00:14:00+00:00,288,0,0.91678374388662731,True,
R002314,ETH,2026-03-13T06:28:28+00:00,2026-03-13T06:24:00+00:00,2026-03-12T06:20:00+00:00,2026-03-13T06:24:00+00:00,288,0,0.89156714640897772,True,
R002315,BTC,2026-03-13T08:37:22+00:00,2026-03-13T08:34:00+00:00,2026-03-12T08:30:00+00:00,2026-03-13T08:34:00+00:00,288,0,0.88806318106595428,True,
R002317,BTC,2026-03-13T12:33:50+00:00,2026-03-13T12:29:00+00:00,2026-03-12T12:25:00+00:00,2026-03-13T12:29:00+00:00,288,0,0.88054260080891289,True,
R002318,ETH,2026-03-13T13:17:47+00:00,2026-03-13T13:14:00+00:00,2026-03-12T13:10:00+00:00,2026-03-13T13:14:00+00:00,288,0,0.87996036402450828,True,
R002320,BTC,2026-03-14T06:40:32+00:00,2026-03-14T06:39:00+00:00,2026-03-13T06:35:00+00:00,2026-03-14T06:39:00+00:00,288,0,0.82090640749758448,True,
R002322,BTC,2026-03-15T21:37:49+00:00,2026-03-15T21:34:00+00:00,2026-03-14T21:30:00+00:00,2026-03-15T21:34:00+00:00,288,0,0.87862351488912815,True,
R002325,ETH,2026-03-16T03:30:36+00:00,2026-03-16T03:29:00+00:00,2026-03-15T03:25:00+00:00,2026-03-16T03:29:00+00:00,288,0,0.86414474053348078,True,
R002326,ETH,2026-03-16T04:23:34+00:00,2026-03-16T04:19:00+00:00,2026-03-15T04:15:00+00:00,2026-03-16T04:19:00+00:00,288,0,0.89092709060815123,True,
R002327,ETH,2026-03-16T04:55:01+00:00,2026-03-16T04:54:00+00:00,2026-03-15T04:50:00+00:00,2026-03-16T04:54:00+00:00,288,0,0.85788425364680587,True,
R002329,BTC,2026-03-16T08:44:58+00:00,2026-03-16T08:39:00+00:00,2026-03-15T08:35:00+00:00,2026-03-16T08:39:00+00:00,288,0,0.84768871414715796,True,
R002331,ETH,2026-03-16T12:04:01+00:00,2026-03-16T11:59:00+00:00,2026-03-15T11:55:00+00:00,2026-03-16T11:59:00+00:00,288,0,0.8482950035662189,True,
R002333,BTC,2026-03-16T21:36:15+00:00,2026-03-16T21:34:00+00:00,2026-03-15T21:30:00+00:00,2026-03-16T21:34:00+00:00,288,0,0.84114237770443168,True,
R002334,BTC,2026-03-17T01:12:32+00:00,2026-03-17T01:09:00+00:00,2026-03-16T01:05:00+00:00,2026-03-17T01:09:00+00:00,288,0,0.85114132407743537,True,
R002335,BTC,2026-03-17T10:06:13+00:00,2026-03-17T10:04:00+00:00,2026-03-16T10:00:00+00:00,2026-03-17T10:04:00+00:00,288,0,0.85800855121811326,True,
R002339,ETH,2026-03-18T11:29:40+00:00,2026-03-18T11:24:00+00:00,2026-03-17T11:20:00+00:00,2026-03-18T11:24:00+00:00,288,0,0.8726112758969643,True,
R002341,ETH,2026-03-19T13:17:14+00:00,2026-03-19T13:14:00+00:00,2026-03-18T13:10:00+00:00,2026-03-19T13:14:00+00:00,288,0,0.87681904765433127,True,
R002344,BTC,2026-03-21T23:52:01+00:00,2026-03-21T23:49:00+00:00,2026-03-20T23:45:00+00:00,2026-03-21T23:49:00+00:00,288,0,0.93320851099295732,True,
R002345,BTC,2026-03-22T11:52:19+00:00,2026-03-22T11:49:00+00:00,2026-03-21T11:45:00+00:00,2026-03-22T11:49:00+00:00,288,0,0.92553060191836445,True,
R002346,ETH,2026-03-22T21:05:29+00:00,2026-03-22T21:04:00+00:00,2026-03-21T21:00:00+00:00,2026-03-22T21:04:00+00:00,288,0,0.92200855910493584,True,
R002350,ETH,2026-03-23T18:46:41+00:00,2026-03-23T18:44:00+00:00,2026-03-22T18:40:00+00:00,2026-03-23T18:44:00+00:00,288,0,0.95560414070425348,True,
R002353,BTC,2026-03-24T16:39:19+00:00,2026-03-24T16:34:00+00:00,2026-03-23T16:30:00+00:00,2026-03-24T16:34:00+00:00,288,0,0.90811657083940944,True,
R002355,ETH,2026-03-25T08:28:29+00:00,2026-03-25T08:24:00+00:00,2026-03-24T08:20:00+00:00,2026-03-25T08:24:00+00:00,288,0,0.91027636773516563,True,
R002356,BTC,2026-03-25T10:47:52+00:00,2026-03-25T10:44:00+00:00,2026-03-24T10:40:00+00:00,2026-03-25T10:44:00+00:00,288,0,0.90582718244408122,True,
R002358,BTC,2026-03-25T16:26:34+00:00,2026-03-25T16:24:00+00:00,2026-03-24T16:20:00+00:00,2026-03-25T16:24:00+00:00,288,0,0.90721795720732312,True,
R002359,BTC,2026-03-25T22:41:57+00:00,2026-03-25T22:39:00+00:00,2026-03-24T22:35:00+00:00,2026-03-25T22:39:00+00:00,288,0,0.89724376400826267,True,
R002360,ETH,2026-03-26T09:31:23+00:00,2026-03-26T09:29:00+00:00,2026-03-25T09:25:00+00:00,2026-03-26T09:29:00+00:00,288,0,0.90020501957929333,True,
R002361,ETH,2026-03-26T11:11:38+00:00,2026-03-26T11:09:00+00:00,2026-03-25T11:05:00+00:00,2026-03-26T11:09:00+00:00,288,0,0.88518477404003193,True,
R002362,BTC,2026-03-26T15:15:20+00:00,2026-03-26T15:14:00+00:00,2026-03-25T15:10:00+00:00,2026-03-26T15:14:00+00:00,288,0,0.87666624988190955,True,
R002363,ETH,2026-03-26T17:57:03+00:00,2026-03-26T17:54:00+00:00,2026-03-25T17:50:00+00:00,2026-03-26T17:54:00+00:00,288,0,0.86681577296797641,True,
R002364,ETH,2026-03-26T20:11:44+00:00,2026-03-26T20:09:00+00:00,2026-03-25T20:05:00+00:00,2026-03-26T20:09:00+00:00,288,0,0.87519656120284384,True,
R002365,BTC,2026-03-27T08:35:48+00:00,2026-03-27T08:34:00+00:00,2026-03-26T08:30:00+00:00,2026-03-27T08:34:00+00:00,288,0,0.886109339948976,True,
R002367,ETH,2026-03-27T10:54:08+00:00,2026-03-27T10:49:00+00:00,2026-03-26T10:45:00+00:00,2026-03-27T10:49:00+00:00,288,0,0.923009444784609,True,
R002368,ETH,2026-03-27T13:37:00+00:00,2026-03-27T13:34:00+00:00,2026-03-26T13:30:00+00:00,2026-03-27T13:34:00+00:00,288,0,0.91448952941130468,True,
R002370,ETH,2026-03-28T13:40:10+00:00,2026-03-28T13:39:00+00:00,2026-03-27T13:35:00+00:00,2026-03-28T13:39:00+00:00,288,0,0.84620634172116338,True,
R002371,ETH,2026-03-28T14:54:20+00:00,2026-03-28T14:49:00+00:00,2026-03-27T14:45:00+00:00,2026-03-28T14:49:00+00:00,288,0,0.81926574472457714,True,
R002374,ETH,2026-03-28T21:53:04+00:00,2026-03-28T21:49:00+00:00,2026-03-27T21:45:00+00:00,2026-03-28T21:49:00+00:00,288,0,0.80068391920727344,True,
R002378,BTC,2026-03-29T22:41:23+00:00,2026-03-29T22:39:00+00:00,2026-03-28T22:35:00+00:00,2026-03-29T22:39:00+00:00,288,0,0.9051593189033319,True,
R002379,BTC,2026-03-30T00:19:15+00:00,2026-03-30T00:14:00+00:00,2026-03-29T00:10:00+00:00,2026-03-30T00:14:00+00:00,288,0,0.94738314462013629,True,
R002380,BTC,2026-03-30T02:46:10+00:00,2026-03-30T02:44:00+00:00,2026-03-29T02:40:00+00:00,2026-03-30T02:44:00+00:00,288,0,0.96445626106544091,True,
R002382,ETH,2026-03-30T07:51:11+00:00,2026-03-30T07:49:00+00:00,2026-03-29T07:45:00+00:00,2026-03-30T07:49:00+00:00,288,0,0.95067453910265975,True,
R002383,BTC,2026-03-30T11:26:49+00:00,2026-03-30T11:24:00+00:00,2026-03-29T11:20:00+00:00,2026-03-30T11:24:00+00:00,288,0,0.94245998077598736,True,
R002384,ETH,2026-03-30T13:21:51+00:00,2026-03-30T13:19:00+00:00,2026-03-29T13:15:00+00:00,2026-03-30T13:19:00+00:00,288,0,0.93761643454492727,True,
R002385,ETH,2026-03-30T23:02:18+00:00,2026-03-30T22:59:00+00:00,2026-03-29T22:55:00+00:00,2026-03-30T22:59:00+00:00,288,0,0.90599472810922776,True,
R002386,BTC,2026-03-31T01:34:05+00:00,2026-03-31T01:29:00+00:00,2026-03-30T01:25:00+00:00,2026-03-31T01:29:00+00:00,288,0,0.87680406831529389,True,
R002391,ETH,2026-03-31T17:23:42+00:00,2026-03-31T17:19:00+00:00,2026-03-30T17:15:00+00:00,2026-03-31T17:19:00+00:00,288,0,0.93649867893391225,True,
